district,hour,demand,supply,weather_score,event_score,historical_congestion,pool_acceptance,pickup_flexibility,fare_sensitivity,risk_score
D7,14,34,121,0.14,0.29,0.92,0.14,0.81,0.03,10.54
D4,19,139,87,0.17,0.57,0.85,0.81,0.9,0.41,36.99
D11,9,176,106,0.05,0.42,0.8,0.93,0.79,0.55,35.2
D8,2,69,100,0.66,0.12,0.99,0.2,0.85,0.15,21.94
D5,18,144,67,0.84,0.33,0.7,0.01,0.1,0.18,49.73
D7,2,101,117,0.37,0.72,0.75,0.33,0.92,0.46,25.77
D10,21,21,113,0.87,0.61,0.98,0.03,0.62,0.34,19.01
D3,13,117,72,0.21,0.12,0.01,0.83,0.87,0.44,25.99
D7,7,155,56,0.33,0.16,0.63,0.49,0.68,0.46,54.21
D11,22,57,123,0.15,0.64,0.74,0.64,0.2,0.14,15.56
D11,3,61,34,0.62,0.81,0.92,0.41,0.61,0.18,47.61
D8,19,140,50,0.42,0.35,0.88,0.35,0.09,0.85,59.68
D5,10,53,30,0.61,0.6,0.84,0.22,0.7,0.16,44.34
D4,10,102,31,0.76,0.17,0.95,0.77,0.41,0.67,70.83
D8,10,104,49,0.55,0.31,0.54,0.7,0.15,0.42,44.91
D8,1,80,116,0.63,0.02,0.01,0.36,0.98,0.97,11.72
D3,16,40,117,0.94,0.77,0.01,0.32,0.9,0.07,15.07
D6,8,197,61,0.3,0.4,0.54,0.0,0.89,0.83,63.81
D5,1,41,49,0.36,0.82,0.44,0.06,0.79,0.49,23.26
D2,23,101,30,0.72,0.71,0.45,0.62,0.69,0.01,72.23
D8,14,49,126,0.61,0.83,0.4,0.51,0.66,0.26,17.04
D12,15,43,43,0.18,0.29,0.92,0.43,0.11,0.41,24.15
D6,3,55,98,0.38,0.19,0.36,0.83,0.9,0.31,11.84
D2,7,204,73,0.47,0.97,0.86,0.5,0.88,0.36,65.56
D12,8,189,80,0.42,0.72,0.9,0.38,0.75,0.92,55.22
D5,4,74,106,0.18,0.83,0.5,0.16,0.93,0.36,19.7
D1,15,99,53,0.92,0.01,0.45,0.82,0.55,0.42,40.04
D12,12,96,53,0.76,0.35,0.76,0.58,0.45,0.76,43.5
D10,6,73,55,0.48,0.74,0.71,0.09,0.97,0.79,35.15
D6,19,195,65,0.68,0.08,0.33,0.65,0.46,0.08,58.21
D12,16,57,94,0.9,0.57,0.1,0.43,0.64,0.7,18.56
D9,2,94,80,0.14,0.43,0.26,0.81,0.37,0.48,22.22
D1,4,54,72,0.25,0.02,0.13,0.92,0.64,0.13,10.43
D11,18,158,86,0.54,0.24,0.29,0.6,0.72,0.26,36.62
D11,11,100,87,0.8,0.28,0.26,0.73,0.62,0.05,26.44
D10,6,73,68,0.04,0.11,0.64,0.06,0.51,0.36,19.98
D12,8,171,77,0.98,0.63,0.95,0.56,0.3,0.26,57.39
D12,5,48,72,0.45,0.24,0.69,0.76,0.64,0.38,17.92
D3,16,22,39,0.36,0.28,0.93,0.5,0.91,0.58,17.78
D12,15,78,43,0.29,0.9,0.78,0.59,0.01,0.73,44.47
D7,22,95,76,0.17,0.47,0.73,0.9,0.13,0.61,28.57
D4,2,61,123,0.79,0.39,0.41,0.2,0.12,0.68,16.71
D9,20,51,61,0.96,0.72,0.32,0.1,0.92,0.87,26.75
D3,3,61,61,0.41,0.91,0.85,0.69,0.66,0.87,31.33
D5,9,155,100,0.95,0.03,0.91,0.82,0.95,0.86,38.88
D3,4,20,85,0.82,0.45,0.45,0.85,0.58,0.15,13.11
D7,20,21,110,0.48,0.61,0.01,0.64,0.46,0.25,6.58
D5,21,49,100,0.67,0.32,0.79,0.83,0.79,0.5,18.35
D9,9,181,76,0.43,0.77,0.29,0.7,0.16,0.36,50.51
D7,11,28,51,0.56,0.97,0.01,0.09,0.38,0.13,17.23
D2,9,163,95,0.06,0.94,0.8,0.76,0.47,0.29,41.1
D4,12,68,30,0.7,0.27,0.52,0.18,0.3,0.98,48.39
D9,10,92,113,0.05,0.23,0.69,0.24,0.37,0.35,16.86
D12,21,72,112,0.82,0.96,0.91,0.39,0.08,0.42,29.54
D2,15,119,69,0.82,0.46,0.54,0.31,0.2,0.01,41.45
D10,7,174,53,0.24,0.21,0.5,0.32,0.34,0.72,62.13
D9,7,138,90,0.32,0.71,0.29,0.17,0.8,0.41,33.32
D10,7,151,67,0.48,0.28,0.31,0.29,0.18,0.1,44.29
D5,12,95,72,0.6,0.27,0.8,0.02,0.35,0.97,32.61
D2,1,58,102,0.29,0.88,0.45,0.47,0.06,0.78,18.32
D4,11,25,112,0.59,0.16,0.16,0.77,0.56,0.73,5.43
D12,9,177,96,0.3,0.06,0.09,0.86,0.61,0.96,31.03
D12,11,26,109,0.06,0.27,0.47,0.82,0.87,0.41,4.7
D7,10,88,45,0.0,0.61,0.46,0.42,0.82,0.72,38.8
D12,14,20,66,0.1,0.12,0.65,0.73,0.29,0.21,6.53
D8,15,102,66,0.79,0.47,0.47,0.29,0.14,0.7,37.32
D3,16,100,93,0.96,0.63,0.14,0.06,0.16,0.01,28.66
D1,1,109,115,0.43,0.85,0.51,0.68,0.97,0.13,26.87
D4,17,191,57,0.51,0.23,0.91,0.65,0.67,0.43,69.82
D2,11,80,62,0.15,0.82,0.16,0.8,0.04,0.01,27.1
D8,18,195,79,0.55,0.23,0.69,0.62,0.14,0.46,51.92
D4,22,39,89,0.14,0.68,0.59,0.16,0.49,0.52,13.99
D2,17,211,92,0.61,0.43,0.75,0.85,0.21,0.62,51.64
D6,16,93,53,0.93,0.11,0.15,0.63,0.8,0.1,36.2
D6,5,23,66,0.2,0.71,0.94,0.81,0.57,0.18,16.39
D10,14,23,106,0.76,0.22,0.62,0.77,0.61,0.61,11.67
D4,2,108,106,0.02,0.18,0.85,0.3,0.46,0.66,21.37
D6,5,37,117,0.38,0.36,0.25,0.07,0.26,0.03,7.88
D2,2,85,77,0.11,0.65,0.74,0.18,0.59,0.54,27.07
D10,0,52,87,0.35,0.23,0.78,0.09,0.72,0.78,16.47
D12,12,102,102,0.17,0.18,0.4,0.24,0.37,0.07,18.26
D2,20,47,64,0.37,0.01,0.38,0.46,0.5,0.41,13.46
D10,13,29,94,0.42,0.47,0.66,0.91,0.84,0.33,12.89
D4,12,61,114,0.3,0.43,0.09,0.87,0.15,0.91,10.34
D8,3,28,89,0.66,0.23,0.74,0.72,0.55,0.19,13.74
D7,6,34,128,0.92,0.05,0.04,0.02,0.35,0.32,7.13
D12,21,76,98,0.4,0.43,0.19,0.34,0.7,0.9,16.61
D9,9,234,107,0.19,0.79,0.66,0.68,0.02,0.33,48.3
D8,6,41,93,0.27,0.72,0.1,0.13,0.67,0.53,11.09
D5,20,60,116,0.85,0.86,0.97,0.8,0.1,0.03,27.14
D2,14,90,85,0.57,0.01,0.87,0.91,0.06,0.98,25.78
D5,14,42,54,0.46,0.97,0.63,0.35,0.72,0.82,26.23
D8,3,110,35,0.15,0.34,0.82,0.71,0.64,0.63,62.86
D10,22,53,92,0.45,0.99,0.89,0.15,0.89,0.06,25.0
D9,22,28,89,0.28,0.25,0.26,0.69,0.52,0.07,6.01
D12,5,68,126,0.94,0.47,0.85,0.02,0.53,0.54,23.68
D12,23,70,89,0.88,0.35,0.19,0.15,0.71,0.29,20.5
D12,19,199,86,0.08,0.36,0.41,0.71,0.32,0.62,43.37
D9,4,50,127,0.52,0.84,0.56,0.71,0.04,0.6,17.87
D1,19,170,78,0.23,0.75,0.71,0.64,0.23,0.84,48.63
D9,11,77,43,0.41,0.99,0.03,0.48,0.24,0.28,39.07
D7,0,55,65,0.88,0.61,0.29,0.67,0.34,0.58,24.91
D9,7,246,64,0.53,0.46,0.61,0.77,0.94,0.78,78.44
D8,0,27,55,0.33,0.09,0.36,0.97,0.8,0.49,9.16
D1,4,55,77,0.21,1.0,0.78,0.89,0.94,0.83,24.41
D12,21,104,57,0.8,0.55,0.65,0.79,1.0,0.13,44.94
D8,5,87,91,0.62,0.7,0.23,0.69,0.43,0.73,24.81
D8,20,99,115,0.47,0.41,0.15,0.57,0.23,0.94,18.27
D11,2,95,109,0.22,0.55,0.63,0.12,0.56,0.33,21.88
D3,14,70,71,0.33,0.94,0.45,0.17,0.88,0.37,26.93
D1,4,48,111,0.96,0.17,0.17,0.82,0.47,0.08,12.87
D8,23,29,68,0.52,0.29,0.33,0.8,0.51,0.64,11.29
D3,13,101,30,0.4,0.15,0.3,0.61,0.13,0.55,62.75
D3,17,168,70,0.52,0.79,0.11,0.44,0.42,0.04,50.2
D1,15,84,44,0.78,0.06,0.55,0.03,0.39,0.75,40.89
D11,5,23,89,0.34,0.08,0.76,0.33,0.35,0.83,8.56
D5,23,80,49,0.18,0.3,0.58,0.42,0.89,0.91,32.76
D10,13,29,116,0.58,0.51,0.83,0.49,0.06,0.55,15.22
D7,23,53,77,0.67,0.41,0.13,0.93,0.97,0.45,16.75
D10,7,162,83,0.71,0.04,0.44,0.11,0.01,0.88,39.83
D9,6,80,39,0.88,0.96,0.61,0.52,0.95,0.4,53.26
D12,7,183,69,0.37,0.95,0.68,0.37,0.55,0.66,60.18
D7,12,84,106,0.08,0.28,0.7,0.99,0.7,0.62,17.29
D9,5,20,34,0.96,0.73,0.73,0.86,0.19,0.37,26.05
D8,17,209,64,0.44,0.58,0.65,0.44,0.65,0.09,68.44
D12,1,47,124,0.62,0.24,0.09,1.0,0.88,0.02,8.67
D2,7,152,97,0.67,0.26,0.7,0.51,0.14,0.43,36.8
D1,10,36,127,0.55,0.49,0.72,0.17,0.13,0.48,14.36
D7,0,32,43,0.21,0.42,0.99,0.56,0.3,0.82,21.56
D7,21,30,57,0.76,0.29,0.69,0.23,0.16,0.41,18.65
D8,5,61,125,0.8,0.81,0.69,0.64,0.11,0.28,23.1
D5,15,118,90,0.55,0.48,0.51,0.94,0.68,0.46,31.26
D3,19,193,80,0.49,0.65,0.87,0.79,0.21,0.24,55.86
D12,11,100,102,0.11,0.19,1.0,0.27,0.67,0.09,22.96
D8,10,29,37,0.08,0.53,0.78,0.3,0.86,0.11,20.17
D6,9,150,62,0.34,0.32,0.61,0.07,0.65,0.32,49.18
D11,2,78,79,0.31,0.53,0.08,0.29,0.12,0.01,19.59
D3,12,88,99,0.95,0.78,0.73,0.09,0.57,0.22,31.95
D1,2,49,124,0.78,0.77,0.71,0.5,0.39,0.79,21.02
D3,14,36,104,0.66,0.35,0.78,0.71,0.34,0.23,15.79
D5,15,39,77,0.52,0.69,0.12,0.75,0.32,0.11,14.51
D3,12,92,31,0.17,0.94,0.65,0.06,0.93,0.95,63.78
D1,16,56,30,0.98,0.63,0.3,0.34,0.74,0.62,44.89
D5,2,23,129,0.38,0.15,0.76,0.29,0.13,0.06,8.1
D10,19,183,107,0.11,0.68,0.24,0.1,0.48,0.06,33.91
D7,10,44,32,0.49,0.1,0.68,0.36,0.32,0.61,29.95
D7,20,28,115,0.87,0.87,0.29,0.3,0.98,0.54,16.11
D11,18,216,61,0.89,0.52,0.01,0.63,0.98,0.07,71.21
D9,21,93,63,0.01,0.39,0.63,0.88,0.32,0.22,29.6
D10,10,62,103,0.89,0.06,0.11,0.45,0.35,0.93,13.78
D10,15,113,51,0.27,0.38,0.66,0.75,0.6,0.57,45.79
D12,20,89,31,0.04,0.9,0.93,0.15,0.48,0.44,63.01
D3,2,113,95,0.85,0.02,0.97,0.89,0.21,0.25,31.78
D7,21,51,45,0.86,0.47,0.24,0.15,0.66,0.13,28.26
D1,5,95,30,0.6,0.93,0.81,0.19,0.33,0.4,72.78
D4,13,91,77,0.57,0.39,0.35,0.11,0.65,0.92,26.76
D4,23,69,42,0.81,0.43,0.9,0.31,0.38,0.05,42.89
D5,17,144,102,0.79,0.58,0.79,0.55,0.7,0.99,38.82
D7,16,63,37,0.89,0.46,0.07,0.99,0.67,0.21,37.36
D7,3,93,75,0.55,0.17,0.41,0.79,0.51,0.41,26.17
D11,22,88,48,0.97,0.02,0.34,0.38,0.7,0.05,38.94
D4,14,57,40,1.0,0.61,0.79,0.58,0.46,0.58,41.27
D7,10,62,49,0.12,0.92,0.41,0.62,0.12,0.48,29.59
D11,2,39,50,0.85,0.11,0.68,0.82,0.18,0.67,22.4
D3,2,101,86,0.5,0.21,0.6,0.74,0.25,0.54,26.62
D6,15,69,103,0.39,0.37,0.98,0.57,0.06,0.4,21.29
D12,4,117,55,0.61,0.81,0.94,0.67,0.71,0.74,53.83
D2,20,49,102,0.06,0.27,0.43,0.75,0.37,0.03,8.78
D10,9,239,100,0.51,0.88,0.72,0.13,0.09,0.54,56.37
D9,18,160,91,0.87,0.05,0.83,0.2,0.82,0.11,41.42
D5,3,87,90,0.21,0.94,0.9,0.69,0.68,0.44,29.61
D6,18,190,55,0.43,0.56,0.07,0.85,0.45,0.79,66.3
D12,10,97,97,0.94,0.66,0.3,0.41,0.25,0.14,28.84
D12,1,109,46,0.43,0.37,0.32,0.98,0.15,0.94,46.88
D12,9,148,100,0.36,0.78,0.43,0.22,0.46,0.89,34.64
D12,10,89,92,0.44,0.17,0.17,0.42,0.89,0.41,17.93
D4,19,222,60,0.52,0.05,0.5,0.38,0.19,0.01,70.91
D11,15,99,59,0.63,0.4,0.66,0.93,0.57,0.79,39.39
D10,18,154,89,0.8,0.85,0.5,0.29,0.96,0.88,44.59
D7,22,94,100,0.45,0.75,0.67,0.47,0.64,0.17,27.46
D12,23,45,85,0.82,0.52,0.07,0.19,0.44,0.92,15.67
D9,10,41,118,0.53,0.57,0.88,0.52,0.72,0.91,17.57
D7,13,38,60,0.34,0.13,0.94,0.86,0.82,0.47,17.58
D1,1,45,71,0.66,0.84,0.62,0.3,0.59,0.8,24.13
D1,22,60,129,0.72,0.79,0.88,0.81,0.87,0.44,23.51
D9,4,42,76,0.56,0.66,0.13,0.91,0.51,0.56,15.54
D11,4,32,118,0.06,0.47,0.8,0.07,0.83,0.32,10.18
D9,18,195,51,0.17,0.96,0.12,0.76,0.95,0.16,74.84
D4,20,35,102,0.29,0.88,0.41,0.26,0.5,0.75,13.81
D9,11,47,106,0.28,0.64,0.32,0.18,0.61,0.0,12.52
D3,17,164,90,0.67,0.37,0.59,0.6,0.61,0.58,41.5
D7,3,96,60,0.02,0.62,0.3,0.71,0.78,0.86,31.05
D6,21,104,61,0.76,0.58,0.64,0.39,0.82,0.22,42.56
D8,16,73,127,0.27,0.39,0.37,0.04,0.03,0.33,13.01
D11,9,201,108,0.31,0.31,0.86,0.91,0.73,0.59,40.83
D9,19,170,97,0.53,0.41,0.63,0.73,0.78,0.25,39.66
D5,5,85,125,0.22,0.57,0.22,0.27,0.7,0.85,14.76
D1,13,73,69,0.88,0.43,0.34,0.5,0.71,0.37,27.61
D3,10,47,66,0.09,0.26,0.85,0.03,0.04,0.58,17.1
D10,10,84,103,0.44,0.76,0.39,0.34,0.44,0.23,22.59
D12,17,184,53,0.85,0.53,0.54,0.52,0.82,0.04,74.53
D8,22,118,39,0.62,0.07,0.65,0.52,0.93,0.17,60.98
D11,21,66,104,0.29,0.37,0.35,0.21,0.23,0.05,13.92
D6,17,143,87,0.42,0.88,0.29,0.78,0.58,0.47,37.84
D8,23,31,74,0.71,0.76,0.48,0.3,0.8,0.59,18.61
D9,22,36,109,0.97,0.32,0.21,0.58,0.75,0.04,12.83
D4,10,54,95,0.89,0.94,0.28,0.27,0.62,0.09,22.83
D1,20,94,70,0.34,0.08,0.06,0.43,0.02,0.49,22.08
D1,11,86,58,1.0,0.96,0.3,0.21,0.72,0.8,41.05
D10,4,37,49,0.0,0.25,0.32,0.63,0.77,0.63,12.09
D4,22,33,63,0.03,0.01,0.96,0.43,0.72,0.1,11.79
D12,8,178,103,0.82,0.43,0.59,0.02,0.77,0.89,41.7
D7,8,160,107,0.2,0.36,0.79,0.03,0.43,0.92,32.9
D2,21,61,87,0.06,0.54,0.05,0.47,0.99,0.32,11.84
D3,9,211,79,0.24,0.8,0.11,0.18,0.77,0.62,52.7
D1,21,44,92,0.43,0.84,0.81,0.59,0.58,0.49,20.9
D5,18,148,57,0.73,0.4,0.62,0.41,0.93,0.94,56.86
D1,0,111,37,0.62,0.43,0.19,0.65,0.91,0.51,59.59
D8,6,114,32,0.24,0.15,0.4,0.95,0.81,0.96,65.8
D1,3,86,115,0.5,0.05,0.54,0.53,0.56,0.2,16.75
D11,0,100,129,0.93,0.64,0.84,0.79,0.53,0.35,29.4
D1,14,36,43,0.82,0.06,0.06,0.75,0.33,0.78,17.01
D2,7,244,58,0.32,0.73,0.6,0.92,0.25,0.78,85.58
D2,11,81,123,0.98,0.54,0.72,0.21,0.51,0.73,25.69
D12,21,40,105,0.71,0.2,0.98,0.83,0.58,0.86,17.36
D6,21,56,125,0.06,0.54,0.81,0.91,0.24,0.7,14.17
D7,17,140,69,0.04,0.18,0.28,0.39,0.92,0.64,34.9
D5,14,54,82,0.17,0.44,0.71,0.31,0.56,0.46,17.22
D1,16,66,104,0.73,0.8,0.76,0.95,0.53,0.47,25.71
D1,13,71,37,0.18,0.46,0.73,0.63,0.44,0.41,40.88
D3,13,23,56,0.51,0.15,0.82,0.38,0.06,0.62,14.13
D2,17,173,89,0.09,0.72,0.9,0.79,0.88,0.41,44.47
D5,19,231,96,0.92,0.19,0.1,0.3,0.32,0.15,48.38
D12,17,223,93,0.34,0.74,0.1,0.18,0.64,0.11,47.95
D10,15,67,120,0.91,0.48,0.8,0.54,0.61,0.92,23.38
D6,0,104,81,0.94,0.45,0.25,0.57,0.58,0.02,31.68
D7,22,103,97,0.01,0.85,0.06,0.83,0.53,0.11,20.96
D4,10,30,106,0.46,0.71,0.4,0.46,0.18,0.45,12.61
D7,14,92,33,0.02,0.03,0.82,0.81,0.28,0.26,52.28
D11,11,95,102,0.91,0.3,0.13,0.31,0.52,0.41,22.43
D8,7,206,97,0.52,0.87,0.67,0.58,0.79,0.12,51.0
D11,21,45,106,0.07,0.02,0.0,0.21,0.43,0.13,1.59
D1,19,168,77,0.11,0.55,0.11,0.39,0.2,0.8,40.2
D6,5,77,48,0.38,0.73,0.35,0.86,0.09,0.76,35.92
D8,2,107,112,0.94,0.62,0.08,0.22,0.66,0.1,25.63
D5,23,96,106,0.69,0.76,0.85,0.81,0.42,0.67,30.79
D4,12,77,57,0.87,0.73,0.86,0.28,0.13,0.61,40.46
D2,12,85,39,0.37,0.69,0.76,0.03,0.67,0.71,49.82
D6,1,105,106,0.04,0.82,0.24,0.11,0.21,0.47,21.31
D6,4,77,102,0.97,0.65,0.52,0.75,0.51,0.27,26.54
D11,16,116,43,0.02,0.4,0.18,0.26,0.31,0.66,48.13
D1,5,103,44,0.95,0.47,0.28,0.65,0.93,0.37,51.69
D9,1,115,62,0.37,0.72,0.52,0.7,0.23,0.22,41.91
D12,3,36,53,0.01,0.88,0.74,0.35,0.42,0.41,20.45
D11,21,49,91,0.69,0.27,0.09,0.47,0.96,0.76,12.52
D6,10,32,91,0.98,0.34,0.3,0.4,0.32,0.48,14.33
D3,7,176,97,0.97,0.93,0.93,0.95,0.64,0.3,52.4
D4,11,35,95,0.16,0.58,0.43,0.32,0.32,0.83,10.5
D12,7,210,81,0.18,0.18,0.94,0.18,0.11,0.88,52.64
D11,10,62,37,0.57,0.66,0.99,0.37,0.63,0.43,44.23
D4,21,22,41,0.64,0.99,0.53,0.67,0.92,0.37,22.71
D3,19,213,65,0.74,0.82,0.29,0.7,0.45,0.61,70.3
D10,7,207,65,0.18,0.75,0.79,0.92,0.63,0.06,67.41
D3,7,188,102,0.96,0.21,0.16,0.88,0.61,0.69,39.12
D3,16,68,92,0.64,0.88,0.25,0.29,0.42,0.78,22.84
D4,19,191,92,0.85,0.53,0.78,0.46,0.61,0.4,51.05
D7,19,178,100,0.54,0.89,0.43,0.75,0.26,0.17,42.84
D4,22,52,59,0.41,0.33,0.2,0.92,0.38,0.03,17.82
D9,15,78,105,0.98,0.06,0.65,0.34,0.44,0.64,22.18
D1,13,34,111,0.58,0.48,0.73,0.44,0.86,0.27,15.06
D8,10,111,52,0.87,0.27,0.13,0.9,0.35,0.46,43.93
D7,6,97,123,0.95,0.72,0.28,0.36,0.64,0.39,25.41
D2,15,116,74,0.68,0.96,0.22,0.48,0.21,0.17,38.92
D8,12,81,108,0.55,0.69,0.38,0.9,0.25,0.51,21.66
D1,14,90,44,0.0,0.89,0.76,0.8,0.65,0.46,45.79
D11,23,65,93,0.04,0.45,0.71,0.24,0.76,0.62,16.86
D12,15,65,85,0.2,0.77,0.66,0.32,0.46,0.25,22.03
D9,20,63,104,0.19,0.84,0.01,0.35,0.34,0.21,13.67
D9,22,48,124,0.25,0.71,0.14,0.91,0.91,0.81,10.2
D2,23,81,118,0.3,0.51,0.22,1.0,0.14,0.7,15.06
D7,8,181,103,0.36,0.63,0.27,0.77,0.72,0.77,36.89
D10,2,107,86,0.42,0.7,0.15,0.48,0.69,0.12,27.54
D3,18,212,51,0.1,0.25,0.41,0.01,0.69,0.22,76.47
D7,19,151,69,0.04,0.81,0.08,0.7,0.94,0.58,41.79
D12,4,52,101,0.67,0.95,0.75,0.39,0.73,0.86,24.24
D10,9,154,95,0.54,0.47,0.79,0.63,0.3,0.89,39.36
D9,16,92,127,0.44,0.7,0.57,0.61,0.35,0.83,22.02
D4,14,76,116,0.63,0.74,0.09,0.48,0.39,0.04,18.45
D12,22,24,84,0.83,0.66,0.89,0.94,0.03,0.82,20.11
D1,7,190,74,0.43,0.55,0.97,0.02,0.91,0.9,58.16
D2,14,27,45,0.64,0.88,0.2,0.71,0.07,0.06,19.82
D1,20,67,90,0.95,0.45,0.7,0.41,0.7,0.42,25.98
D12,13,34,94,0.84,0.06,0.84,0.71,0.73,0.54,15.62
D5,19,151,52,0.43,0.84,0.54,0.68,0.84,0.23,63.07
D5,6,73,43,0.64,0.67,0.32,0.01,0.55,0.52,39.2
D11,20,55,111,0.18,0.85,0.48,0.29,0.73,0.89,15.97
D7,22,101,96,0.56,0.14,0.51,0.19,0.3,0.87,23.45
D9,11,29,78,0.98,0.03,0.4,0.17,0.75,0.94,12.77
D9,16,84,120,0.52,0.93,0.93,0.73,0.34,0.48,27.74
D3,16,76,56,0.93,0.15,0.74,0.24,0.9,0.41,34.68
D3,9,204,98,0.41,0.81,0.24,0.47,0.16,0.67,44.71
D3,18,134,56,1.0,0.82,0.59,0.25,0.32,0.42,59.18
D4,13,102,86,0.58,0.71,0.69,0.58,0.5,0.04,33.01
D8,10,112,44,0.04,0.13,0.14,0.72,0.78,0.72,42.66
D6,1,118,105,0.59,0.67,0.36,0.33,0.75,0.28,28.55
D8,17,159,69,0.27,0.89,0.91,0.6,0.21,0.05,54.42
D1,6,56,32,0.03,0.43,0.57,0.82,0.14,0.02,34.64
D8,11,92,70,0.82,0.41,0.22,0.09,0.3,0.93,30.49
D4,1,58,55,0.28,0.44,0.12,0.71,0.48,0.25,20.09
D11,19,131,72,0.8,0.08,0.52,0.32,0.54,0.45,39.33
D1,17,152,108,0.29,0.89,0.55,0.12,0.43,0.95,34.78
D8,5,104,45,0.19,0.87,0.33,0.55,0.66,0.47,48.29
D4,23,28,42,0.97,1.0,0.63,0.23,0.43,0.08,29.15
D6,9,157,76,0.36,0.59,0.07,0.82,0.95,0.55,40.36
D8,19,180,101,0.6,0.75,0.15,0.04,0.26,0.09,39.56
D4,14,100,67,0.61,0.2,0.55,0.1,0.63,0.1,32.94
D3,4,119,94,0.56,0.67,0.06,0.52,0.61,0.85,28.13
D9,19,147,100,0.91,0.65,0.88,0.59,0.28,0.29,42.47
D3,2,28,42,0.67,0.9,0.14,0.73,0.41,0.68,20.96
D9,4,59,84,0.4,0.83,0.67,0.26,0.37,0.51,23.36
D2,7,238,64,0.86,0.94,0.39,0.84,0.17,0.22,81.57
D2,7,172,93,0.18,0.87,0.4,0.95,0.48,0.52,40.34
D2,7,239,53,0.54,0.87,0.76,0.5,0.39,0.07,95.94
D6,11,52,53,0.95,0.06,0.5,0.76,0.18,0.35,24.91
D3,23,55,39,0.63,0.85,0.73,0.52,0.45,0.52,39.25
D9,22,119,49,0.82,0.61,0.51,0.07,0.42,0.23,55.51
D4,7,234,94,0.65,0.38,0.59,0.33,0.13,0.66,53.69
D1,10,94,41,0.84,0.06,0.76,0.09,0.13,0.05,50.43
D4,13,81,47,0.94,0.68,0.61,0.99,0.65,0.48,45.2
D1,7,223,93,0.27,0.33,0.62,0.23,0.71,0.71,48.32
D5,23,82,113,0.17,0.47,0.79,0.64,0.94,0.43,19.47
D4,9,154,61,0.48,0.68,0.95,0.28,0.09,0.87,58.85
D8,6,40,54,0.7,0.91,0.38,0.65,0.12,0.63,24.9
D8,16,30,93,0.23,0.83,0.58,0.21,0.05,0.96,13.98
D7,3,92,79,0.0,0.45,0.09,0.79,0.53,0.28,19.35
D3,12,81,118,0.34,0.39,0.36,0.11,0.62,0.94,15.62
D1,3,118,125,0.97,0.24,0.41,0.9,0.4,0.61,25.24
D1,4,68,43,0.69,0.37,0.84,0.84,0.8,0.75,39.55
D12,21,20,110,0.4,0.11,0.51,0.68,0.69,0.9,5.68
D11,3,44,88,0.19,0.97,0.73,0.07,0.99,0.55,19.55
D3,17,201,54,0.36,0.57,0.02,0.21,0.14,0.86,70.22
D6,5,24,128,0.17,0.13,0.46,0.86,0.06,0.54,3.39
D7,23,38,52,0.11,0.35,0.9,0.12,0.27,0.6,18.92
D6,23,28,123,0.91,0.55,0.22,0.16,0.02,0.45,12.6
D6,22,69,45,1.0,0.53,0.03,0.54,0.93,0.15,35.53
D6,21,52,31,0.16,0.04,0.43,0.27,0.3,0.55,29.62
D3,1,33,30,0.05,0.95,0.7,0.22,0.55,0.98,28.84
D6,22,109,87,0.33,0.28,0.45,0.58,0.32,0.79,25.77
D8,10,108,45,0.46,0.02,0.46,0.37,0.25,0.75,45.78
D11,13,98,119,0.2,0.08,0.67,0.14,0.15,0.64,16.85
D11,4,66,73,0.3,0.58,0.25,0.53,0.32,0.35,19.99
D2,5,99,43,0.2,0.14,0.75,0.39,0.62,0.17,45.36
D5,9,222,73,0.77,0.04,0.15,0.73,0.97,0.22,57.77
D1,7,240,104,0.71,0.38,0.4,0.1,0.56,0.01,49.14
D12,13,34,112,0.63,0.62,0.66,0.62,0.53,0.67,16.11
D1,23,91,63,0.39,0.11,0.83,0.44,0.04,0.81,31.78
D5,2,21,56,0.91,0.31,0.79,0.41,0.84,0.27,18.35
D12,11,93,128,0.97,0.42,0.72,0.23,0.04,0.09,25.74
D3,15,106,101,0.17,0.16,0.36,0.03,0.91,0.34,18.62
D4,22,111,52,0.22,0.51,0.12,0.85,0.54,0.29,40.07
D3,16,87,43,0.53,0.09,0.22,0.33,0.17,0.45,37.92
D1,0,82,122,0.09,0.05,0.86,0.68,0.45,0.26,14.52
D1,22,84,97,0.44,0.52,0.86,0.95,0.99,0.34,25.64
D12,9,192,81,0.58,0.25,0.95,0.56,0.31,0.91,52.97
D12,22,116,119,0.52,0.1,0.08,0.4,0.27,0.33,17.33
D5,9,210,88,0.33,0.42,0.54,0.27,0.12,0.79,48.75
D6,20,106,93,0.54,0.92,0.65,0.93,0.6,0.63,33.35
D3,23,51,108,0.96,0.72,0.71,0.68,0.09,0.34,23.64
D12,1,32,95,0.21,0.82,0.64,0.67,0.77,0.82,14.52
D9,8,148,73,0.65,0.87,0.77,0.43,0.92,0.6,51.35
D5,21,107,40,0.04,0.97,0.36,0.85,0.93,0.01,54.8
D8,12,78,115,0.07,0.76,0.18,0.71,0.11,0.07,14.73
D1,15,34,39,0.55,0.61,0.2,0.28,0.56,0.75,21.51
D5,17,170,76,0.1,0.37,0.01,0.6,0.1,0.45,38.54
D3,18,189,58,0.02,0.18,0.35,0.43,0.57,0.41,58.0
D12,11,71,57,0.17,0.69,0.09,0.01,0.81,0.15,24.62
D1,7,194,66,0.56,0.99,0.32,0.81,0.54,0.16,64.27
D4,16,114,73,0.7,0.47,0.63,0.12,0.87,0.8,38.26
D5,14,29,92,0.2,0.72,0.89,0.51,0.8,0.83,15.41
D7,9,230,78,0.67,0.5,0.84,0.34,0.28,0.56,65.73
D1,14,101,76,0.18,0.43,0.25,0.34,0.63,0.3,25.33
D3,14,57,99,0.61,0.41,0.13,0.48,0.01,0.93,14.13
D2,22,95,82,0.41,0.5,0.19,1.0,0.4,0.62,24.4
D9,6,97,73,0.65,0.37,0.97,0.41,0.24,0.8,35.73
D10,12,93,83,1.0,0.75,0.55,0.18,0.94,0.0,34.74
D6,16,39,108,0.94,0.87,0.18,0.61,0.41,0.45,17.91
D10,8,160,56,0.0,0.88,0.84,0.24,0.65,0.87,61.38
D3,7,187,90,0.89,0.23,0.4,0.11,0.73,0.34,45.19
D8,19,139,59,0.07,0.9,0.9,0.05,0.77,0.73,53.53
D8,20,58,57,0.95,0.34,0.26,0.02,0.74,0.66,25.95
D2,17,159,86,0.28,0.31,0.39,0.43,0.29,0.15,36.0
D6,12,86,72,0.38,0.73,0.5,0.43,0.69,0.77,29.75
D7,15,98,114,0.09,0.3,0.89,0.19,0.55,0.11,20.55
D2,8,181,86,0.11,0.05,0.87,0.78,0.6,0.73,41.17
D11,11,75,105,0.73,0.37,0.57,0.13,0.0,0.99,21.47
D10,11,87,38,0.94,0.72,0.22,0.92,0.26,0.96,52.4
D2,5,111,52,0.61,0.33,0.4,0.59,0.93,0.8,44.58
D10,18,192,94,0.72,0.63,0.98,0.03,0.29,0.53,52.0
D1,6,80,69,0.76,0.66,0.61,0.96,0.44,0.67,32.98
D8,2,63,115,0.26,0.73,0.78,0.31,0.19,0.73,19.32
D1,15,43,80,0.05,0.9,0.45,0.45,0.14,0.01,15.73
D9,17,187,75,0.0,0.43,0.53,0.28,0.21,0.1,47.68
D11,15,113,62,0.35,0.17,0.43,0.73,0.55,0.6,35.24
D6,22,35,51,0.24,0.32,0.7,0.49,0.92,0.01,17.18
D7,6,76,91,0.06,0.43,0.85,0.13,0.33,0.91,20.65
D10,3,101,100,0.18,0.71,0.51,0.1,0.32,0.49,24.43
D7,7,243,75,0.12,0.01,0.48,0.73,0.56,0.26,58.21
D10,12,91,99,0.91,0.32,0.34,0.24,0.36,0.39,24.32
D3,12,49,52,0.14,0.78,0.18,0.14,0.91,0.85,20.42
D2,16,51,115,0.54,0.67,0.94,0.5,0.38,0.93,20.9
D9,16,76,38,0.59,0.73,0.32,0.8,0.49,0.12,44.86
D8,4,50,100,0.54,0.81,0.8,0.28,0.53,0.78,21.94
D12,5,28,42,0.1,0.78,0.72,0.28,0.78,0.58,19.95
D10,18,187,52,0.32,0.68,0.79,0.83,0.56,0.59,75.63
D7,12,54,126,0.05,0.44,0.94,0.15,0.24,0.78,14.0
D9,13,40,93,0.4,0.98,0.62,0.62,0.12,0.22,19.27
D4,21,114,81,0.19,0.57,0.9,0.96,0.94,0.53,34.14
D4,3,53,125,0.56,0.2,0.17,0.84,0.8,0.32,9.31
D1,6,54,44,0.69,0.29,0.63,0.06,0.02,0.09,30.36
D8,7,249,81,0.53,0.69,0.77,0.32,0.82,0.11,67.86
D12,12,25,114,0.43,0.92,0.27,0.14,0.59,0.14,11.89
D3,5,116,61,0.39,0.18,0.74,0.95,0.52,0.61,40.01
D7,5,71,112,0.84,0.08,0.78,0.99,0.01,0.11,20.26
D12,23,116,57,0.22,0.88,0.83,0.23,0.78,0.57,48.18
D2,20,114,114,0.73,0.92,0.31,0.67,0.2,0.59,29.4
D2,2,117,93,0.76,0.28,0.68,0.84,0.73,0.9,31.94
D7,2,98,107,0.42,0.38,0.3,0.23,0.02,0.63,19.93
D6,12,38,44,0.3,0.66,0.74,0.19,0.8,0.99,24.49
D3,21,25,102,0.47,0.33,0.46,0.01,0.02,0.03,9.05
D9,1,103,127,0.09,0.88,0.6,0.41,0.24,0.7,22.33
D10,15,57,55,0.05,0.11,0.42,0.9,0.27,0.03,17.36
D6,21,101,121,0.11,0.04,0.16,0.9,0.16,0.73,11.16
D10,5,70,102,0.19,0.21,0.18,0.13,0.48,0.39,10.92
D10,7,225,108,0.5,0.29,0.08,0.2,0.28,0.61,39.31
D6,22,72,85,0.85,0.11,0.62,0.41,0.99,0.31,23.08
D1,7,188,55,0.24,0.07,0.85,0.78,0.58,0.16,66.55
D4,5,97,121,0.94,0.76,0.02,0.61,0.57,0.72,23.54
D10,13,77,117,0.95,0.16,0.07,0.51,0.22,0.9,15.92
D6,2,32,72,0.96,0.91,0.46,0.59,0.41,0.18,22.57
D6,9,205,100,0.84,0.37,0.74,0.1,0.12,0.92,48.64
D11,2,38,50,0.36,0.67,0.16,0.48,0.76,0.14,17.89
D12,11,110,112,0.07,0.23,0.27,0.99,0.33,0.74,16.27
D5,16,43,55,0.57,0.24,0.23,0.09,0.75,0.96,16.91
D1,4,64,57,0.56,0.57,0.4,0.52,0.37,0.15,27.7
D8,19,239,105,0.85,0.56,0.22,0.3,0.99,0.44,49.85
D5,8,211,93,1.0,0.77,0.35,0.54,0.17,0.34,54.23
D12,20,119,58,0.51,0.76,0.73,0.57,0.0,0.39,49.13
D12,19,146,53,0.35,0.67,0.61,0.58,0.59,0.75,58.66
D12,6,63,90,0.19,0.45,0.08,0.85,0.95,0.66,12.46
D5,21,112,97,0.0,0.89,0.64,0.39,0.65,0.97,28.29
D7,3,93,54,0.51,0.62,0.48,0.52,0.09,0.19,39.47
D4,12,114,96,0.56,0.99,0.93,0.01,0.54,0.54,37.63
D6,12,21,118,0.82,0.82,0.29,0.79,0.91,0.45,13.99
D4,9,178,55,0.5,0.04,0.73,0.26,0.01,0.92,64.22
D3,17,155,57,0.92,0.32,0.73,0.82,0.17,0.01,61.14
D7,16,118,56,0.63,0.57,0.22,0.27,0.81,0.99,44.81
D8,19,218,67,0.84,0.72,0.9,0.01,0.89,0.48,75.49
D4,19,183,50,0.15,0.55,0.49,0.15,0.71,0.63,71.28
D2,12,80,32,0.86,0.79,0.68,0.99,0.99,0.36,60.42
D12,16,87,70,0.68,0.28,0.15,0.32,0.09,0.85,26.04
D10,21,56,80,0.17,0.18,0.26,0.11,0.55,0.56,11.45
D3,3,34,37,0.19,0.05,0.59,0.12,0.68,0.66,17.5
D1,0,57,112,0.93,0.57,0.32,0.31,0.7,0.65,19.07
D8,0,75,76,0.03,0.69,0.5,0.04,0.79,0.36,22.34
D3,14,109,39,0.46,0.33,0.37,0.51,0.92,0.08,55.08
D12,12,97,78,0.31,0.61,0.64,0.21,0.36,0.81,30.2
D10,16,60,112,0.67,0.05,0.49,0.52,0.04,0.29,13.94
D7,23,49,34,0.84,0.1,0.0,0.14,0.36,0.85,28.13
D10,7,248,80,0.36,0.7,0.65,0.43,0.67,0.61,65.76
D5,17,200,68,0.43,0.37,0.42,0.6,0.21,0.35,58.32
D10,12,50,81,0.98,0.67,0.34,0.06,0.81,0.59,22.63
D5,22,107,127,0.78,0.83,0.09,0.4,0.22,0.65,24.1
D7,13,42,77,0.9,0.85,0.22,0.3,0.01,0.71,21.12
D9,7,238,89,0.44,0.17,0.22,0.24,0.51,0.82,49.82
D12,7,135,87,0.23,0.49,0.94,0.6,0.73,0.16,36.79
D5,14,60,129,0.41,0.73,0.43,0.59,0.35,0.94,15.96
D1,12,46,104,0.72,0.77,0.04,0.63,0.75,0.41,15.17
D10,6,88,86,0.11,0.78,0.14,0.16,0.44,0.86,21.26
D10,4,36,100,0.27,0.23,0.08,0.29,0.17,0.22,4.91
D1,16,110,76,0.05,0.19,0.59,0.21,0.09,0.03,27.23
D2,15,98,42,0.43,0.59,0.19,0.54,0.71,0.57,47.04
D6,22,30,119,0.83,0.74,0.5,0.46,0.39,0.32,16.64
D9,1,105,121,0.02,0.32,0.37,0.33,0.91,0.98,15.46
D8,21,43,122,0.68,0.1,0.8,0.79,0.54,0.1,13.98
D5,17,202,91,0.93,0.72,0.32,0.09,0.35,0.05,51.94
D1,16,23,75,0.24,0.3,0.46,0.97,0.35,0.05,7.79
D7,6,37,72,0.69,0.17,0.72,0.12,0.13,0.22,16.95
D5,12,99,62,0.98,0.15,0.43,0.77,0.59,0.58,36.7
D6,17,222,88,0.96,0.31,0.79,0.37,0.58,0.51,58.35
D7,13,29,102,0.23,0.59,0.66,0.87,0.8,0.35,11.8
D3,17,188,80,0.1,0.36,0.41,0.07,0.2,0.09,44.22
D12,12,47,89,0.15,0.02,0.5,0.37,0.29,0.23,8.83
D10,10,22,84,0.7,0.1,0.97,0.34,0.1,0.18,14.06
D3,20,33,87,0.73,0.29,0.66,0.99,0.3,0.75,15.39
D5,20,108,44,0.67,0.66,0.9,0.99,0.43,0.78,58.66
D6,15,21,53,0.34,0.1,0.18,0.19,0.96,0.78,5.95
D9,22,97,93,0.17,0.56,0.48,0.63,0.65,0.97,23.28
D12,16,90,129,0.58,0.12,0.91,0.54,0.78,0.88,20.61
D5,7,243,73,0.48,0.21,0.32,0.15,0.33,0.5,63.52
D1,18,156,86,0.73,0.17,0.97,0.17,0.14,0.41,43.55
D4,19,231,79,0.44,0.07,0.1,0.99,0.26,0.92,52.39
D5,14,110,68,0.34,0.67,0.9,0.45,0.26,0.61,40.31
D12,8,192,64,0.29,0.46,0.45,0.13,0.58,0.29,59.22
D10,19,155,50,0.21,0.83,0.07,0.21,0.34,0.56,60.23
D10,9,249,53,0.27,0.1,0.88,0.27,0.86,0.99,90.94
D5,11,48,30,0.09,0.14,0.25,0.51,0.99,0.85,26.82
D7,20,69,115,0.35,0.31,0.02,0.34,0.34,0.28,10.25
D4,22,30,103,0.04,0.77,0.14,0.46,0.71,0.95,7.05
D1,19,188,66,0.19,0.31,0.66,0.17,0.66,0.98,56.06
D5,0,55,85,0.75,0.41,0.98,0.33,0.19,0.23,24.56
D7,19,240,75,0.33,0.3,0.11,0.07,0.92,0.9,58.67
D10,8,241,70,0.67,0.08,0.46,0.89,0.2,0.88,67.47
D10,21,32,38,0.72,0.94,0.18,0.2,0.74,0.04,25.38
D6,14,30,104,0.58,0.55,0.75,0.76,0.35,0.67,15.56
D5,0,89,30,0.96,0.79,0.12,0.35,0.37,0.31,64.77
D4,11,89,106,0.02,0.66,0.24,0.47,0.46,0.67,16.87
D2,2,105,85,0.74,0.51,0.2,0.29,0.86,0.91,29.03
D4,10,50,115,0.96,0.09,0.55,0.7,0.14,0.5,15.68
D10,1,56,76,0.86,0.64,0.87,0.84,0.05,0.41,28.33
D10,15,110,107,0.17,0.16,0.51,0.29,0.4,0.92,19.6
D3,8,176,107,0.33,0.41,0.06,0.24,0.06,0.97,30.59
D10,14,88,87,0.17,0.63,0.56,0.68,0.69,0.06,24.08
D1,11,55,61,0.6,0.78,0.8,0.2,0.76,0.92,29.61
D8,0,117,93,0.71,0.69,0.13,0.64,0.85,0.08,30.19
D5,12,90,71,0.32,0.67,0.07,0.09,0.74,0.34,26.04
D4,13,67,103,0.54,0.15,0.19,0.62,0.92,0.76,13.02
D8,7,243,66,0.69,0.35,0.75,0.51,0.75,0.78,77.2
D7,7,159,70,0.42,0.04,0.59,0.11,0.94,0.73,44.43
D2,11,79,42,0.85,0.72,0.54,0.65,0.19,0.04,47.0
D1,0,20,94,0.77,0.95,0.25,0.45,0.5,0.13,15.0
D12,10,52,67,0.06,0.26,0.33,0.22,0.99,0.94,13.22
D11,7,154,75,0.62,0.09,0.97,0.35,0.68,0.08,46.21
D4,9,206,108,0.24,0.48,0.24,0.49,0.88,0.08,36.9
D8,18,221,82,0.56,0.86,0.9,0.09,0.03,0.84,63.92
D12,10,60,59,0.96,0.55,0.58,0.96,0.87,0.64,30.9
D2,6,76,78,0.88,0.05,0.12,0.67,0.7,0.35,20.55
D3,10,67,101,0.4,0.97,0.47,0.1,0.17,0.17,22.09
D12,16,68,76,0.29,0.83,0.95,0.82,0.03,0.88,28.47
D1,0,75,94,0.23,0.13,0.42,0.32,0.26,0.99,14.81
D1,20,31,98,0.53,0.92,0.86,0.6,0.92,0.05,20.03
D3,20,107,35,0.11,0.45,0.26,0.28,0.67,0.55,56.78
D11,7,218,50,0.55,0.37,0.57,0.73,0.92,0.26,86.93
D5,22,44,30,0.0,0.46,0.84,0.72,0.45,0.83,31.91
D12,23,51,32,0.32,0.83,0.92,0.55,0.94,0.35,41.34
D3,5,68,48,0.22,0.66,0.49,0.24,0.46,0.71,31.64
D1,21,79,58,0.97,0.06,0.64,0.25,0.2,0.54,33.39
D1,17,179,51,0.73,0.96,0.0,0.38,0.15,0.54,73.12
D8,5,92,85,0.35,0.15,0.25,0.15,0.99,0.86,19.77
D10,4,36,89,0.09,0.75,0.28,0.34,0.33,0.47,10.7
D11,12,55,90,0.52,0.64,0.09,0.68,0.16,0.85,15.7
D12,18,146,98,0.21,0.19,0.28,0.83,0.01,0.36,26.63
D12,21,95,89,0.54,0.17,0.32,0.33,0.29,0.17,22.08
D2,7,149,99,0.84,0.87,0.97,0.23,0.89,0.46,45.32
D3,8,132,92,0.62,0.42,0.67,0.83,0.53,0.5,35.1
D2,16,76,79,0.63,0.65,0.43,0.89,0.63,0.48,26.4
D3,2,87,110,0.54,0.5,0.99,0.41,0.92,0.81,26.19
D7,18,179,86,0.93,0.73,0.15,0.03,0.51,0.56,47.92
D1,10,65,71,0.93,0.48,0.48,0.69,0.84,0.89,27.2
D10,23,34,62,0.51,0.29,0.65,0.78,0.32,0.51,16.39
D8,16,99,40,0.31,0.36,0.06,0.02,0.98,0.22,45.23
D10,20,39,53,0.46,0.86,0.72,0.6,0.08,0.13,25.27
D10,18,193,103,0.19,0.47,0.1,0.59,0.72,0.87,34.44
D10,1,99,123,0.64,0.21,0.14,0.38,0.66,0.06,16.87
D2,7,227,50,0.5,0.93,0.16,0.75,0.19,0.12,91.16
D3,18,217,73,0.1,0.8,0.93,0.43,0.39,0.06,64.52
D9,6,92,115,0.2,0.06,0.68,0.68,0.31,0.42,16.32
D7,16,95,46,0.48,1.0,0.66,0.52,0.09,0.53,50.66
D4,5,108,121,0.89,0.69,0.56,0.25,0.58,0.02,29.08
D10,18,190,64,0.57,0.16,0.29,0.61,0.99,0.52,56.99
D5,23,113,80,0.68,0.24,0.62,0.74,0.56,0.39,33.12
D2,5,46,115,0.34,0.69,0.41,0.97,0.55,0.77,13.56
D11,1,93,90,0.57,0.78,0.15,0.38,0.04,0.83,25.78
D8,5,77,60,0.45,0.24,0.69,0.06,0.14,0.68,29.27
D4,22,110,41,0.66,0.26,0.13,0.99,0.51,0.47,52.0
D9,4,65,60,0.05,0.31,0.19,0.62,0.99,0.22,17.95
D5,18,161,81,0.49,0.6,0.82,0.95,0.88,0.85,47.12
D9,19,234,108,0.3,0.17,0.66,0.1,0.34,0.34,43.23
D4,3,118,82,0.33,0.1,0.63,0.34,0.54,0.36,29.19
D10,21,80,75,0.96,0.68,0.42,0.13,0.55,0.92,31.54
D5,16,104,103,0.18,0.78,0.4,0.84,0.69,0.98,24.05
D9,10,99,36,0.31,0.5,0.69,0.88,0.69,0.9,57.38
D8,3,23,120,0.51,0.36,0.74,0.5,0.79,1.0,11.29
D3,12,71,118,0.86,0.43,0.51,0.19,0.02,0.87,20.59
D1,19,160,60,0.42,0.39,0.97,0.13,0.94,0.7,58.42
D3,16,103,65,0.74,0.96,0.96,0.59,0.07,0.29,46.6
D4,8,183,103,0.86,0.77,0.41,0.51,0.48,0.95,44.43
D2,3,36,104,0.31,0.21,0.82,0.69,0.92,0.88,11.65
D1,22,49,128,0.39,0.38,0.54,0.31,0.49,0.24,12.05
D7,13,41,72,0.36,0.54,0.51,0.4,0.06,0.49,16.41
D8,18,241,100,0.83,0.61,0.05,0.02,0.23,0.07,51.03
D7,2,46,66,0.04,0.47,0.57,0.61,0.58,0.95,15.72
D5,13,65,64,0.31,0.81,0.9,0.42,0.09,0.57,30.24
D12,7,133,65,0.68,0.77,0.78,0.92,0.42,0.25,51.14
D1,23,99,114,0.57,0.51,0.79,0.64,0.33,0.29,26.15
D7,0,45,129,0.44,0.85,0.16,0.4,0.82,0.98,12.71
D7,9,148,107,0.54,0.75,0.36,0.26,0.11,0.62,33.6
D9,17,210,94,0.2,0.78,0.23,0.91,0.68,0.42,45.21
D3,15,45,51,0.43,0.96,0.32,0.02,0.41,0.5,24.93
D9,7,248,107,0.5,0.27,0.58,0.33,0.59,0.1,48.04
D1,0,82,57,0.9,0.27,0.36,0.94,0.21,0.08,33.51
D1,11,84,73,0.26,0.89,0.56,0.65,0.61,0.59,29.87
D4,7,229,92,0.87,0.77,0.44,0.53,0.67,0.51,57.92
D9,23,56,95,0.64,0.93,0.29,0.2,0.07,0.36,20.92
D6,15,36,69,0.02,0.06,0.1,0.83,0.82,0.57,4.21
D11,17,167,70,0.72,0.63,0.89,0.2,0.86,0.07,57.49
D3,3,80,38,0.04,0.14,0.01,0.25,0.06,0.94,33.45
D1,5,96,104,1.0,0.5,0.0,0.19,0.6,0.29,23.75
D4,11,80,109,0.87,0.16,0.83,0.16,0.59,0.07,23.58
D12,8,145,108,0.3,0.13,1.0,0.95,0.01,0.17,30.82
D9,14,21,101,0.26,0.01,0.73,0.6,0.34,0.1,5.98
D3,15,62,71,0.38,0.63,0.02,0.64,0.97,0.18,18.5
D12,23,96,86,0.36,0.36,0.23,0.95,0.56,0.42,22.24
D9,11,100,117,0.37,0.11,0.97,0.23,0.93,0.74,22.03
D7,23,86,59,0.32,0.32,0.81,0.01,0.68,0.27,33.13
D12,22,32,48,0.62,0.17,0.57,0.6,0.03,0.44,17.74
D4,13,26,38,0.16,0.94,0.24,0.51,0.08,0.93,17.88
D3,12,102,83,0.85,0.32,0.01,0.48,0.72,0.3,26.43
D10,1,105,111,0.81,0.33,0.02,0.06,0.55,0.79,21.04
D5,2,80,116,0.48,0.84,0.61,0.45,0.13,0.16,23.41
D5,23,21,79,0.85,0.65,0.02,0.29,0.61,0.18,11.83
D3,21,94,60,0.25,0.71,0.99,0.27,0.81,0.46,39.74
D12,9,162,63,0.02,0.64,0.18,0.22,0.75,0.23,48.02
D9,8,209,60,0.62,0.95,0.71,0.33,0.25,0.9,78.06
D4,19,162,56,0.46,0.21,0.16,0.35,0.26,0.05,53.84
D11,7,160,97,0.57,0.99,0.54,0.31,0.97,0.6,42.64
D5,9,239,96,0.9,0.83,0.08,0.98,0.89,0.6,55.44
D4,18,207,77,0.97,0.59,0.77,0.93,0.32,0.07,63.88
D5,2,72,109,0.63,0.66,0.58,0.57,0.82,0.73,22.32
D7,23,38,110,0.76,0.65,0.09,0.98,0.16,0.47,13.11
D9,4,109,35,0.08,0.06,0.85,0.99,0.2,0.72,59.39
D7,2,68,102,0.16,0.22,0.55,0.36,0.18,0.83,13.78
D5,15,69,110,0.73,0.96,0.92,0.45,0.09,0.32,28.52
D10,16,114,41,0.43,0.53,0.92,0.96,0.85,0.48,61.44
D10,14,42,83,0.45,0.38,0.92,0.61,0.58,0.26,18.37
D7,2,88,129,0.31,0.76,0.08,0.21,0.26,0.2,16.09
D10,11,78,65,0.61,0.52,0.12,0.69,0.85,0.0,26.54
D5,8,132,107,0.19,0.01,0.99,0.21,0.8,0.96,26.61
D3,20,107,84,0.63,0.74,0.49,0.34,0.1,0.44,33.52
D7,11,76,46,0.17,0.73,0.24,0.23,0.64,0.01,33.85
D11,14,58,119,0.06,0.17,0.77,0.24,0.72,0.01,11.12
D11,1,87,84,0.33,0.96,0.26,0.0,0.72,0.29,26.28
D2,22,64,105,0.23,0.22,0.73,0.88,0.72,0.01,15.03
D12,17,130,70,0.89,0.46,0.84,0.3,0.17,0.37,47.29
D9,19,212,70,0.05,0.11,0.78,0.09,0.32,0.06,57.35
D10,11,71,111,0.18,0.6,0.27,0.09,0.84,0.04,14.39
D10,22,62,81,0.55,0.38,0.4,0.56,0.9,0.67,19.28
D12,3,86,73,0.48,0.35,0.41,0.99,0.28,0.91,26.05
D1,22,51,39,0.05,0.83,0.49,0.15,0.02,0.41,29.63
D6,15,83,108,0.01,0.01,0.17,0.1,0.86,0.84,8.84
D7,22,88,97,0.99,0.8,0.45,0.44,0.38,0.03,30.27
D8,15,47,82,0.66,0.57,0.51,0.56,0.33,0.78,19.51
D10,0,70,82,0.37,0.99,0.53,0.29,0.35,0.06,26.06
D9,21,23,108,0.47,0.59,0.82,0.3,0.42,0.84,14.17
D2,1,36,96,0.27,0.06,0.52,0.42,0.38,0.88,7.67
D11,2,93,76,0.34,0.05,0.23,0.31,0.57,0.79,21.18
D10,20,75,52,0.65,0.88,0.66,0.92,0.08,0.82,39.66
D2,19,147,50,0.88,0.84,0.8,0.04,0.97,0.56,70.27
D5,16,54,93,0.18,0.35,0.32,0.23,0.94,0.26,11.46
D5,19,246,107,0.84,0.62,0.65,0.81,0.93,0.64,54.69
D6,21,114,88,0.12,0.49,0.15,0.83,0.88,0.44,23.79
D3,20,20,32,0.21,0.97,0.34,0.11,0.66,0.01,18.44
D8,0,86,66,0.04,0.95,0.91,0.97,0.22,0.48,34.42
D1,19,212,78,0.14,0.98,0.91,0.69,0.05,0.65,61.67
D6,5,108,62,0.92,0.87,0.58,0.27,0.1,0.01,46.83
D4,14,119,90,0.46,0.91,0.7,0.46,0.32,0.62,36.34
D1,13,112,119,0.08,0.22,0.85,0.3,0.5,0.65,20.86
D7,19,133,98,0.96,0.83,0.96,0.15,0.99,0.16,43.24
D9,14,33,120,0.88,0.71,0.49,0.29,0.44,0.43,17.15
D4,13,52,51,0.75,0.96,0.56,0.58,0.52,0.96,32.61
D4,20,67,32,0.93,0.57,0.42,0.83,0.7,0.88,49.16
D6,23,106,114,0.22,0.09,0.07,0.36,0.18,0.41,13.56
D12,4,42,97,0.84,0.6,0.42,0.35,0.93,0.35,18.04
D3,5,40,72,0.69,0.69,0.79,0.47,0.53,0.12,23.15
D12,16,114,114,0.87,0.22,0.8,0.64,0.28,0.04,28.75
D6,10,45,70,0.8,0.39,0.89,0.75,0.94,0.3,23.93
D7,15,118,67,0.35,0.6,0.05,0.33,0.63,0.94,34.57
D11,11,107,40,0.77,0.37,0.53,0.59,0.48,0.96,57.56
D10,14,48,89,0.26,0.37,0.11,0.39,0.58,0.81,9.68
D10,22,86,94,0.33,0.13,0.2,0.72,0.75,0.35,15.86
D3,3,80,48,0.11,0.94,0.9,0.16,0.15,0.14,41.58
D7,17,175,98,0.94,0.75,0.5,0.26,0.86,0.6,45.98
D3,20,41,107,0.29,0.0,0.76,0.43,0.96,0.65,9.66
D2,2,76,43,0.52,0.77,0.06,0.89,0.57,0.42,37.91
D12,21,63,45,0.39,0.74,0.42,0.57,0.68,0.69,32.99
D10,7,226,62,0.96,0.01,0.67,0.97,0.86,0.75,75.15
D4,22,31,84,0.34,0.37,0.13,0.1,0.37,0.78,7.47
D12,2,70,68,0.78,0.61,0.33,0.46,0.99,0.5,27.73
D8,7,162,82,0.86,0.45,0.06,0.42,0.68,0.79,41.93
D9,17,158,54,0.44,0.78,0.65,0.6,0.42,0.03,64.02
D7,9,199,80,0.38,0.43,0.97,0.81,0.68,0.68,55.12
D1,19,209,80,0.75,0.15,0.83,0.84,0.52,0.24,56.97
D3,16,108,75,0.91,0.98,0.97,0.67,0.11,0.27,45.78
D12,7,226,62,0.75,0.24,0.85,0.64,0.8,0.09,76.99
D9,22,71,39,0.23,0.72,0.86,0.95,0.56,0.19,43.12
D12,10,107,103,0.89,0.14,0.58,0.38,0.8,0.99,26.89
D1,4,60,124,0.39,0.33,0.52,0.83,0.15,0.42,13.27
D9,12,96,32,0.58,0.44,0.41,0.92,0.54,0.93,61.34
D8,20,78,81,0.83,0.19,0.82,0.49,0.77,0.16,27.61
D1,22,53,78,0.19,0.45,0.18,0.73,0.99,0.2,13.0
D6,4,47,112,0.78,0.16,0.06,0.38,0.88,0.56,9.87
D5,23,106,125,0.6,0.56,0.95,0.16,0.86,0.35,27.98
D6,12,32,126,0.89,0.66,0.0,0.59,0.25,0.64,11.89
D10,5,117,126,0.17,0.06,0.98,0.2,0.84,0.42,21.18
D12,4,88,96,0.42,0.87,0.73,0.46,0.17,0.81,28.41
D5,8,190,109,0.83,0.19,0.33,0.87,0.2,0.43,37.46
D6,15,90,53,0.02,0.23,0.7,0.09,0.11,0.57,32.95
D5,1,82,115,0.11,0.66,0.82,0.03,0.86,0.32,20.71
D11,0,80,52,0.99,0.47,0.25,0.61,0.11,0.7,37.01
D12,7,159,109,0.28,0.5,0.77,0.33,0.14,0.65,34.07
D5,18,147,81,0.98,0.13,0.8,0.42,0.25,0.4,43.94
D4,10,75,82,0.18,0.81,0.25,0.41,0.57,0.28,21.2
D3,11,26,126,0.36,0.62,0.04,0.09,0.88,0.61,6.13
D3,11,88,121,0.75,0.14,0.2,0.0,0.42,0.94,16.37
D4,6,91,108,0.66,0.37,0.2,0.9,0.55,0.13,19.78
D9,12,71,33,0.58,0.81,0.07,0.22,0.17,0.8,45.99
D2,7,163,54,0.53,0.57,0.73,0.43,0.27,0.54,65.36
D9,21,52,98,0.84,0.11,0.38,0.97,0.13,0.53,14.96
D1,8,167,83,0.23,0.37,0.88,0.83,0.41,0.96,43.61
D1,6,45,30,0.44,0.24,0.25,0.11,0.59,0.61,29.12
D5,20,23,68,0.16,0.52,0.45,0.51,0.28,0.83,9.57
D6,23,73,119,0.6,0.84,0.64,0.73,0.85,0.51,23.38
D6,14,52,62,0.25,0.44,0.88,0.7,0.98,0.25,22.84
D3,1,91,49,0.33,0.43,0.52,0.76,0.12,0.69,38.92
D7,22,35,50,0.47,0.91,0.37,0.46,0.02,0.92,21.94
D9,19,174,104,0.03,0.58,0.87,0.18,0.79,0.84,37.37
D11,11,109,116,0.09,0.57,0.31,0.46,0.19,0.2,19.17
D12,0,101,91,0.69,0.26,0.08,0.65,0.35,0.32,22.86
D10,22,50,71,0.43,0.61,0.45,0.61,0.39,0.52,19.62
D8,21,31,94,0.86,0.58,0.79,0.07,0.92,0.57,19.54
D6,7,235,58,0.69,0.4,0.03,0.06,0.66,0.19,77.85
D12,4,22,119,0.01,0.99,0.59,0.97,0.04,0.23,10.98
D8,14,28,80,0.62,0.88,0.59,0.15,0.01,0.76,18.63
D12,0,35,117,0.09,0.75,0.93,0.29,0.2,0.73,14.74
D5,0,97,32,0.78,0.54,0.29,0.77,0.32,0.84,63.57
D8,9,227,82,0.99,0.46,0.28,0.41,0.48,0.93,59.83
D10,21,43,102,0.53,0.18,0.44,0.18,0.84,0.31,11.29
D12,9,142,51,0.68,0.31,0.36,0.47,0.31,0.86,56.63
D4,20,90,50,0.24,0.77,0.74,0.57,0.38,0.67,42.19
D10,14,38,118,0.44,0.45,0.64,0.45,0.33,0.96,12.96
D8,16,66,51,0.86,0.88,0.76,0.92,0.01,0.27,39.78
D10,21,94,62,0.17,0.15,0.82,0.28,0.96,0.27,31.35
D12,5,51,93,0.27,0.51,0.92,0.66,0.14,0.7,18.69
D2,2,104,68,0.45,0.65,0.43,0.11,0.29,0.93,35.18
D12,12,103,101,0.71,0.52,0.98,0.39,0.13,0.82,32.06
D12,15,61,38,0.38,0.89,0.22,0.74,0.49,0.73,36.21
D5,7,154,74,0.93,0.99,0.71,0.22,0.93,0.39,55.47
D9,14,116,31,0.09,0.12,0.53,0.59,0.1,0.72,68.65
D4,16,38,49,0.37,0.13,0.82,0.15,0.44,0.8,19.37
D11,16,112,99,0.71,0.13,0.48,0.1,0.02,0.75,25.92
D6,21,36,118,0.23,0.68,0.78,0.52,0.77,0.68,14.12
D1,12,87,123,0.66,0.37,0.93,0.68,0.64,0.05,24.01
D9,16,103,32,0.16,0.73,0.73,0.11,0.7,0.66,67.11
D1,5,106,80,0.06,0.41,0.78,0.92,0.47,0.48,28.84
D5,16,101,55,0.12,0.63,0.07,0.23,0.91,0.96,34.3
D4,15,75,129,0.93,0.77,0.2,0.12,0.41,0.61,21.14
D12,13,83,37,0.55,0.55,0.97,0.2,0.51,0.61,53.3
D3,12,100,124,0.8,0.54,0.69,0.17,0.7,0.99,26.48
D6,5,56,126,0.33,0.09,0.56,0.09,0.52,0.09,10.15
D2,2,46,74,0.59,0.41,0.37,0.8,0.19,0.28,17.0
D3,13,23,115,0.49,0.55,0.04,0.5,0.32,0.66,6.57
D5,13,109,125,0.95,0.46,0.37,0.39,0.09,0.32,25.38
D9,14,107,128,0.75,0.9,0.5,0.95,0.43,0.35,28.12
D2,7,166,81,0.73,0.91,0.21,0.37,0.61,0.89,47.7
D10,14,90,62,0.05,0.82,0.17,0.17,0.12,0.58,29.24
D8,21,50,84,0.55,0.38,0.51,0.27,0.63,0.1,17.16
D2,12,31,40,0.47,0.72,0.59,0.24,0.89,0.31,23.6
D11,16,107,101,0.93,0.4,0.24,0.5,0.34,0.08,26.9
D5,20,51,86,0.26,0.23,0.59,0.29,0.22,0.56,13.8
D7,23,57,89,0.27,0.34,0.9,0.52,0.89,0.17,18.63
D8,2,105,127,0.41,0.07,0.47,0.67,0.69,0.86,16.91
D1,5,38,113,0.24,0.33,0.86,0.78,0.11,0.58,12.3
D6,4,75,43,0.13,0.46,0.93,0.71,0.41,0.06,39.05
D1,21,52,39,0.86,0.96,0.09,0.21,0.67,0.3,35.07
D2,16,99,93,0.56,0.31,0.1,0.12,0.57,0.62,21.47
D1,22,83,91,0.86,0.9,0.48,0.54,0.62,0.34,30.36
D11,1,87,120,0.83,0.23,0.59,0.2,0.57,0.51,21.48
D5,14,111,72,0.28,0.19,0.43,0.08,0.8,0.91,29.61
D10,4,99,88,0.55,0.52,0.33,0.53,0.32,0.35,26.54
D9,19,181,82,0.08,0.67,0.64,0.33,0.71,0.34,46.38
D6,5,38,50,0.92,0.04,0.0,0.76,0.99,0.82,15.77
D11,5,41,38,0.4,0.22,0.97,0.31,0.39,0.32,27.44
D11,17,138,58,0.39,0.46,0.23,0.98,0.79,0.08,46.69
D1,17,156,66,0.3,0.33,0.92,0.76,0.25,0.18,50.73
D1,3,63,74,0.46,0.71,0.11,0.06,0.28,0.95,20.4
D2,16,27,109,0.25,0.51,0.24,0.51,0.93,0.93,6.71
D9,13,37,62,0.37,0.16,0.23,0.56,0.03,0.22,10.93
D3,13,20,105,0.8,0.89,1.0,0.7,0.22,0.55,21.21
D1,12,25,70,0.83,0.29,0.0,0.5,0.48,0.14,9.83
D5,6,74,34,0.3,0.73,0.64,0.48,0.4,0.67,48.39
D7,11,78,109,0.47,0.78,0.87,0.37,0.63,0.19,25.63
D6,22,37,78,0.87,0.96,0.67,0.27,0.19,0.05,24.69
D12,14,101,94,0.05,0.5,0.36,0.95,0.07,0.82,21.1
D1,18,212,103,0.89,0.62,0.96,0.32,0.37,0.33,53.57
D5,10,80,37,0.22,0.33,0.89,0.06,0.52,0.11,46.01
D5,14,22,54,0.68,0.68,0.43,0.17,0.56,0.83,16.92
D6,11,88,84,0.58,0.46,0.57,0.86,0.6,0.76,27.05
D3,2,59,112,0.55,0.44,0.97,0.59,0.55,0.68,20.68
D5,16,101,79,0.86,0.86,0.98,0.78,0.25,0.91,41.34
D7,2,114,62,0.1,0.05,0.45,0.81,0.76,0.49,32.32
D5,18,240,67,0.35,0.88,0.85,0.82,0.09,0.13,78.04
D5,19,186,88,0.54,0.85,0.3,0.55,0.2,0.06,47.41
D5,3,35,109,0.81,0.51,0.37,0.18,0.74,0.32,14.41
D10,2,57,70,0.22,0.49,0.16,0.15,0.28,0.09,15.94
D10,15,26,107,0.8,0.36,0.21,0.57,0.49,0.54,10.03
D3,11,72,92,0.4,0.99,0.66,0.37,0.33,0.01,26.22
D1,7,241,74,0.19,0.11,0.51,0.56,0.51,0.44,60.36
D5,23,51,67,0.76,0.59,0.23,0.5,0.35,0.18,21.5
D9,16,41,45,0.09,0.68,0.4,0.6,0.99,0.37,20.49
D1,6,71,58,0.51,0.93,0.37,0.03,0.36,0.68,32.14
D3,10,35,105,0.06,0.78,0.99,0.03,0.63,0.35,15.93
D4,17,146,86,0.36,0.64,0.85,0.72,0.89,0.34,41.23
D1,0,83,120,0.6,0.12,0.39,0.19,0.64,0.99,15.9
D1,2,108,42,0.56,0.37,0.91,0.65,0.57,0.72,57.22
D8,3,91,85,0.4,0.14,0.34,0.55,0.57,0.51,20.75
D2,12,24,41,0.43,0.88,0.67,0.98,0.5,0.58,21.95
D12,5,60,32,0.23,0.75,0.97,0.84,0.81,0.62,45.41
D8,13,118,62,0.46,0.76,0.39,0.41,0.05,0.02,42.8
D7,4,105,79,0.95,0.65,0.68,0.62,0.89,0.08,38.4
D10,15,75,38,0.85,0.51,0.3,0.12,0.59,0.65,44.56
D10,14,101,79,0.15,0.15,0.27,0.39,0.85,0.36,21.73
D2,14,48,68,0.03,0.33,0.57,0.73,0.01,0.06,14.5
D6,3,110,129,0.93,0.14,0.98,0.62,0.87,0.3,27.51
D6,7,174,66,0.53,0.72,0.45,0.48,0.12,0.13,57.13
D3,15,75,127,0.54,0.16,0.94,0.18,0.72,0.92,18.91
D11,15,65,96,0.78,0.7,0.91,0.8,0.42,0.2,27.41
D2,3,88,43,0.31,0.69,0.25,0.27,0.68,0.14,42.13
D12,12,86,52,0.48,0.46,0.4,0.82,0.63,0.63,35.73
D1,12,113,90,0.97,0.14,0.64,0.61,0.16,0.52,32.17
D6,1,42,56,0.67,0.31,0.52,0.37,0.51,0.58,20.56
D12,2,73,39,0.15,0.32,0.1,0.04,0.28,0.44,32.65
D5,21,108,106,0.13,0.7,0.99,0.23,0.56,0.47,28.45
D11,7,145,90,0.2,0.11,0.75,0.89,0.74,0.78,32.36
D9,23,117,84,0.77,0.83,0.44,0.82,0.08,0.22,37.37
D1,14,80,115,0.3,0.76,0.62,0.57,0.52,0.4,21.22
D7,10,100,116,0.02,0.19,0.09,0.47,0.62,0.96,11.58
D5,8,247,85,0.94,0.72,0.5,0.65,0.3,0.19,66.33
D5,6,68,102,0.17,0.67,0.93,0.47,0.95,0.29,21.51
D2,12,71,31,0.01,0.75,0.9,0.64,0.52,0.19,50.39
D11,1,115,79,0.24,0.19,0.34,0.31,0.18,0.02,26.83
D3,7,246,108,0.24,0.16,0.53,0.84,0.11,0.27,43.44
D7,6,105,72,0.42,0.24,0.7,0.7,0.54,0.05,32.31
D6,23,96,37,0.92,0.37,0.34,0.33,0.38,0.15,55.72
D12,11,78,94,0.88,0.79,0.06,0.83,0.19,0.36,24.15
D2,18,210,61,0.46,0.74,0.51,0.49,0.03,0.02,72.06
D6,6,23,106,0.41,0.93,0.6,0.17,0.57,0.75,14.8
D2,9,224,90,0.56,0.06,0.01,0.08,0.6,0.8,44.56
D2,15,26,116,0.24,0.01,0.1,0.7,0.14,0.41,0.29
D2,2,107,98,0.05,0.7,0.21,0.87,0.6,0.98,21.88
D11,9,198,66,0.94,0.28,0.35,0.81,0.95,0.68,62.63
D3,5,49,102,0.19,0.33,0.54,0.66,0.98,0.74,11.55
D2,17,135,74,0.2,0.55,0.29,0.14,0.89,0.19,36.1
D4,17,148,65,0.47,0.1,0.28,0.09,0.81,0.84,42.69
D9,4,104,95,0.49,0.64,0.87,0.35,0.21,0.95,31.51
D6,20,29,45,0.02,0.33,0.15,0.85,0.16,0.24,9.41
D1,6,56,108,0.15,0.63,0.5,0.96,0.44,0.69,14.27
D8,1,96,106,0.38,0.83,0.95,0.24,0.62,0.75,29.5
D12,10,51,76,0.68,0.17,0.63,0.76,0.85,0.31,18.92
D7,12,91,72,0.23,0.93,0.72,0.57,0.23,0.48,33.52
D10,22,101,65,0.42,0.53,0.43,0.03,0.48,0.1,34.25
D3,4,45,39,0.56,0.92,0.02,0.54,0.65,0.17,27.99
D1,5,50,126,0.89,0.21,0.65,0.81,0.45,0.06,16.36
D5,23,48,34,0.33,0.6,0.63,0.28,0.45,0.56,33.29
D4,13,96,30,0.13,0.4,0.11,0.9,0.23,0.63,57.75
D10,11,106,32,0.49,0.77,0.46,0.24,0.99,0.92,69.76
D8,3,86,100,0.75,0.61,0.92,0.08,0.48,0.54,29.76
D1,22,119,64,0.11,0.49,0.21,0.16,0.53,0.26,34.63
D10,5,34,96,0.42,0.91,0.46,0.84,0.22,0.06,15.94
D1,9,222,79,0.02,0.38,0.46,0.42,0.51,0.88,52.6
D12,17,232,67,0.03,0.22,0.81,0.8,0.26,0.48,66.45
D4,14,94,72,0.48,0.61,0.82,0.53,0.2,0.74,34.56
D8,7,242,109,0.3,0.62,0.76,0.48,0.28,0.01,49.28
D5,8,231,89,0.85,0.44,0.37,0.81,0.0,0.49,56.01
D2,4,84,58,0.6,0.49,0.07,0.42,0.57,0.33,30.29
D6,9,203,77,0.45,0.96,0.35,0.8,0.39,0.03,57.68
D5,19,224,68,0.41,0.73,0.68,0.1,0.9,0.78,70.34
D2,5,22,65,0.5,0.11,0.7,0.64,0.04,0.51,11.23
D11,15,62,44,0.04,0.21,0.97,0.7,0.04,0.33,30.12
D11,23,116,70,0.89,0.98,0.45,0.9,0.89,0.81,44.81
D11,2,109,109,1.0,0.73,0.63,0.22,0.13,0.45,33.08
D3,9,165,82,0.18,0.92,0.54,0.6,0.0,0.0,45.09
D9,10,103,106,0.12,0.3,0.15,0.43,0.18,0.94,16.08
D7,10,52,34,0.14,0.74,0.46,0.38,0.82,0.26,33.44
D7,16,97,120,0.66,0.71,0.54,0.11,0.8,0.83,25.41
D11,3,106,43,0.66,0.29,0.95,0.13,0.34,0.82,55.82
D6,3,87,112,0.85,0.55,0.37,0.84,0.67,0.16,23.54
D8,16,66,83,0.75,0.63,0.98,0.75,0.51,0.47,29.31
D4,8,133,79,0.45,0.48,0.54,0.38,0.9,0.04,37.47
D8,18,212,80,0.61,0.83,0.24,0.83,0.06,0.35,57.2
D4,4,114,38,0.69,0.83,0.19,0.08,0.81,0.73,63.92
D8,21,72,106,0.51,0.85,0.14,0.62,0.17,0.24,19.26
D9,23,97,89,0.48,0.8,0.45,0.87,0.39,0.12,28.93
D3,5,65,83,0.65,0.49,0.02,0.84,0.19,0.51,18.04
D3,2,93,124,0.56,0.38,0.45,0.37,0.7,0.54,19.55
D11,21,56,52,0.64,0.83,0.99,0.75,0.68,0.68,35.42
D2,0,46,99,0.61,0.49,0.67,0.43,0.55,0.76,17.79
D10,19,219,51,0.72,0.25,0.76,0.84,0.7,0.7,87.92
D3,21,80,106,0.64,0.51,0.12,0.53,0.64,0.85,18.53
D3,15,70,79,0.52,0.14,0.47,0.76,0.78,0.22,19.66
D5,22,38,30,0.68,0.69,0.29,0.08,0.24,0.57,31.54
D5,10,59,61,0.45,0.34,0.89,0.59,0.43,0.36,26.22
D2,12,41,122,0.24,0.26,0.18,0.55,0.15,0.96,5.39
D12,9,195,89,0.0,0.96,0.46,0.61,0.43,0.44,46.35
D10,2,57,77,0.56,0.78,0.59,0.7,0.7,0.96,24.34
D6,8,184,60,0.59,0.79,0.51,0.92,0.69,0.77,66.8
D5,11,100,84,0.97,0.62,0.83,0.79,0.71,0.72,37.14
D6,22,70,89,0.36,0.84,0.23,0.22,0.31,0.49,20.59
D1,13,27,115,0.39,0.76,0.38,0.83,0.66,0.44,11.35
D5,0,87,104,0.2,0.6,0.79,0.12,0.37,0.53,22.98
D9,17,201,58,0.07,0.96,0.53,0.62,0.94,0.29,71.11
D12,16,109,31,0.77,0.19,0.4,0.88,0.34,0.9,70.2
D10,8,209,80,0.25,0.94,0.03,0.1,0.6,0.79,52.27
D2,8,199,102,0.61,0.4,0.75,0.85,0.75,0.8,45.06
D1,22,104,119,0.69,0.53,0.97,0.8,0.91,0.43,29.19
D10,9,188,68,0.47,0.12,0.62,0.5,0.44,0.07,54.98
D11,18,157,57,0.88,0.54,0.86,0.31,0.36,0.68,64.64
D9,14,33,53,0.44,0.61,0.52,0.41,0.43,0.37,18.86
D10,4,63,85,0.28,1.0,0.23,0.97,0.32,0.87,20.49
D9,14,109,124,0.9,0.98,0.01,0.2,0.65,0.78,26.52
D9,19,249,100,0.86,0.97,0.65,0.58,0.93,0.15,61.61
D6,22,51,79,0.16,0.35,0.49,0.08,0.13,0.6,14.03
D8,1,60,95,0.03,0.99,0.78,0.22,0.56,0.69,21.14
D11,12,44,90,0.09,0.46,0.69,0.76,0.9,0.57,13.36
D1,23,85,71,0.29,0.85,0.99,0.3,0.1,0.51,34.59
D10,15,84,65,0.97,0.22,0.51,0.99,0.49,0.23,32.38
D4,14,95,38,0.56,0.51,0.43,0.5,0.87,0.24,52.78
D1,9,165,90,0.37,0.97,0.29,0.52,0.9,0.77,41.7
D8,13,111,67,0.89,0.95,0.48,0.04,0.51,0.02,44.8
D1,9,162,91,0.45,0.68,0.87,0.96,0.02,0.78,44.13
D3,13,80,75,0.32,0.8,0.04,0.17,0.11,0.53,23.26
D4,22,105,118,0.94,0.18,0.98,0.54,0.59,0.94,28.66
D8,8,190,67,0.85,0.72,0.99,0.4,0.12,1.0,68.72
D6,13,89,111,0.84,0.62,0.6,0.42,0.15,0.66,26.67
D10,2,99,44,0.51,0.09,0.33,0.64,0.77,0.41,42.93
D12,19,177,57,0.79,0.11,0.22,0.66,0.75,0.48,60.42
D7,15,32,72,0.18,0.11,0.28,0.15,0.84,0.2,6.37
D8,1,79,86,0.57,0.72,0.05,0.5,0.11,0.1,22.19
D2,9,200,66,0.98,0.14,0.48,0.79,0.2,0.58,63.46
D10,2,69,61,0.29,0.47,0.06,0.44,0.83,0.81,21.32
D11,10,41,84,0.79,0.36,0.72,0.17,0.72,0.26,19.14
D8,10,76,42,0.49,0.55,0.37,0.31,0.81,0.42,39.24
D3,20,66,116,0.04,0.71,0.2,0.21,0.99,0.55,12.16
D7,20,81,83,0.76,0.68,0.54,0.13,0.86,0.91,29.14
D3,21,48,51,0.17,0.52,0.97,0.38,0.52,0.14,25.55
D7,12,84,58,0.63,0.46,0.7,0.54,0.31,0.24,36.08
D11,6,67,34,0.09,0.4,0.49,0.07,0.57,0.92,38.24
D12,22,54,103,0.95,0.86,0.78,0.6,0.64,0.04,26.44
D2,16,102,100,0.29,0.33,0.74,0.99,0.34,0.66,24.24
D10,1,65,64,0.23,0.26,0.89,0.96,0.77,0.64,24.34
D6,11,64,42,0.13,0.74,0.2,0.83,0.09,0.38,30.85
D3,9,139,51,0.95,0.36,0.86,0.27,0.78,0.47,63.1
D3,17,199,57,0.71,0.85,0.3,0.02,0.03,0.85,74.34
D9,21,119,54,0.74,0.33,0.94,0.83,0.5,0.16,52.02
D7,10,63,89,0.5,0.7,0.28,0.06,0.86,0.23,19.6
D5,15,66,69,0.47,0.05,0.93,0.21,0.09,0.51,23.9
D12,16,26,75,0.11,0.39,0.96,0.54,0.52,0.41,12.77
D10,18,152,68,0.56,0.34,0.15,0.18,0.16,0.57,43.76
D7,17,175,71,0.25,0.82,0.97,0.83,0.89,0.92,57.1
D9,2,32,50,0.98,0.97,0.09,0.78,0.83,0.92,23.5
D1,20,20,48,0.8,0.46,0.22,0.76,0.93,0.23,14.24
D7,15,79,62,0.41,0.82,0.44,0.82,0.87,0.3,31.77
D6,5,23,32,0.15,0.7,0.99,0.22,0.74,0.16,23.11
D10,11,110,81,0.79,0.97,0.49,0.73,0.18,0.93,38.66
D12,10,118,57,0.12,0.81,0.55,0.36,0.3,0.4,44.68
D9,14,89,99,0.19,0.08,0.69,0.67,0.5,0.45,18.33
D1,14,74,86,0.21,0.71,0.97,0.12,0.59,0.8,26.18
D4,15,106,126,0.56,0.54,0.78,0.71,0.78,0.51,25.74
D9,9,145,73,0.79,0.02,0.22,0.97,0.23,0.12,38.99
D4,11,88,70,0.31,0.25,0.3,0.04,0.13,0.44,24.0
D10,12,96,76,0.08,0.92,0.1,0.09,0.48,0.63,26.32
D3,3,95,98,0.46,0.93,0.64,0.12,0.16,0.72,29.48
D9,6,50,121,0.75,0.8,0.18,0.43,0.69,0.65,16.48
D2,21,111,59,0.22,0.98,0.26,0.29,0.58,0.12,41.02
D4,1,37,73,0.22,0.81,0.89,0.81,0.74,0.3,19.95
D6,14,46,128,0.95,0.01,0.33,0.47,0.06,0.73,11.43
D2,7,155,106,0.95,0.29,0.57,0.48,0.96,0.88,36.53
D8,6,79,47,0.99,0.03,0.4,0.72,0.0,0.05,36.96
D8,14,116,118,0.81,0.09,0.07,0.36,0.33,0.04,19.97
D1,22,75,60,0.19,0.22,0.36,0.35,0.68,0.64,23.04
D12,13,78,31,0.21,0.5,0.41,0.76,0.05,0.55,49.58
D3,7,226,88,0.34,0.85,0.9,0.78,0.08,0.16,59.46
D10,11,80,92,0.32,0.86,0.32,0.01,0.08,0.55,22.76
D9,12,115,47,0.96,0.62,0.38,0.14,0.58,0.97,56.03
D5,10,36,127,0.79,0.93,0.78,0.21,0.9,0.63,21.18
D6,16,58,100,0.72,0.5,0.76,0.35,0.56,0.45,21.85
D4,16,73,128,0.19,0.89,0.8,0.29,0.6,0.83,20.75
D10,23,113,105,0.91,0.45,0.95,0.67,0.35,0.21,34.02
D2,3,54,40,0.83,0.28,0.8,0.83,0.02,0.41,35.38
D11,20,80,73,0.16,0.92,0.41,0.19,0.02,0.53,26.84
D8,7,197,74,0.87,0.39,0.82,0.56,0.89,0.5,61.1
D11,4,67,61,0.27,0.5,0.51,0.37,0.1,0.92,24.95
D6,15,103,124,0.08,0.33,0.28,0.51,1.0,0.29,14.59
D5,3,23,67,0.66,0.66,0.3,0.62,0.16,0.06,14.18
D9,21,82,76,0.65,1.0,0.22,0.89,0.67,0.92,30.02
D1,14,20,32,0.09,0.03,0.14,0.19,0.95,0.22,6.84
D5,11,105,91,0.32,0.9,0.18,0.09,0.36,0.38,27.07
D6,4,83,46,0.99,0.0,0.06,0.63,0.73,0.53,35.83
D5,22,97,91,0.68,0.36,0.89,0.39,0.35,0.98,30.33
D6,15,54,42,0.73,0.17,0.93,0.16,0.3,0.54,33.46
D6,13,54,72,0.21,0.76,0.59,0.12,0.2,0.45,21.11
D7,9,131,105,0.08,0.05,0.84,0.56,0.82,0.58,24.84
D4,6,96,80,0.28,0.55,0.18,0.3,0.26,0.97,24.33
D11,12,73,45,0.25,0.29,0.9,1.0,0.28,0.82,36.06
D8,19,147,56,0.23,0.13,0.51,0.41,1.0,0.17,49.28
D7,4,64,65,0.19,0.77,0.07,0.21,0.33,0.8,20.55
D9,2,60,123,0.57,0.22,0.14,0.63,0.42,0.84,10.49
D7,14,61,36,0.33,0.22,0.31,0.24,0.99,0.69,32.06
D3,3,34,89,0.82,0.28,0.04,0.49,0.37,0.66,10.47
D3,14,59,112,0.18,0.59,0.31,0.48,0.37,0.44,12.58
D8,13,56,95,0.46,0.66,0.06,0.45,0.83,0.64,14.66
D5,19,235,97,0.01,0.02,0.24,0.8,0.31,0.74,40.03
D4,18,184,62,0.48,0.24,0.27,0.22,0.23,0.12,56.69
D8,12,114,109,0.06,0.43,0.99,0.9,0.42,0.26,25.82
D6,9,235,105,0.98,0.33,0.24,0.79,0.7,0.19,48.42
D2,20,63,86,0.79,0.88,0.24,0.33,0.04,0.84,24.01
D4,4,25,121,0.49,0.79,0.69,0.18,0.37,0.68,14.88
D12,22,51,103,0.09,0.63,0.86,0.28,0.35,0.45,16.6
D11,19,243,67,0.59,0.34,0.39,0.33,0.24,0.83,71.87
D4,19,197,58,0.76,0.7,0.88,0.56,0.65,0.72,77.02
D6,5,26,37,0.19,0.84,0.34,0.05,0.29,0.91,18.49
D6,3,83,36,0.57,0.59,0.2,0.91,0.61,0.08,47.91
D1,1,60,69,0.81,0.78,0.33,0.1,0.5,0.51,26.63
D8,21,22,46,0.77,0.75,0.61,0.28,0.22,0.71,21.36
D6,15,85,108,0.8,0.57,0.37,0.11,0.27,0.21,23.45
D3,17,239,78,0.88,0.31,0.67,0.26,0.17,0.33,66.48
D9,4,71,51,0.94,0.75,0.24,0.84,0.06,0.42,36.34
D2,21,23,35,0.41,0.21,0.7,0.62,0.62,0.79,17.19
D11,3,57,55,0.57,0.78,0.35,0.23,0.67,0.49,27.67
D8,12,30,119,0.79,0.8,0.46,0.87,0.17,0.49,16.46
D10,18,146,73,0.7,0.82,0.56,0.8,0.62,0.43,48.91
D3,22,111,128,1.0,0.47,0.69,0.75,0.98,0.23,28.79
D12,1,50,106,0.01,0.19,0.24,0.85,0.07,0.92,5.68
D5,12,54,45,0.36,0.1,0.84,0.62,0.49,0.32,27.0
D6,10,98,47,0.28,0.74,0.72,0.5,0.73,0.57,47.35
D10,21,81,56,0.26,0.89,0.23,0.37,0.05,0.15,32.28
D6,3,54,74,0.22,0.65,0.97,0.22,0.78,0.43,23.32
D4,21,54,57,0.71,0.14,0.66,0.56,0.98,0.9,24.28
D3,19,232,87,0.08,0.93,0.45,0.89,0.09,1.0,55.48
D4,19,138,61,0.74,0.99,0.16,0.59,0.82,0.36,51.99
D1,14,34,50,0.69,0.43,0.53,0.92,0.38,0.15,20.65
D4,3,71,64,0.25,0.59,0.16,0.36,0.14,0.31,22.57
D1,8,235,82,0.25,0.78,0.43,0.7,0.49,0.33,59.14
D12,6,70,112,0.63,0.74,0.41,0.65,0.07,0.64,20.84
D1,18,184,72,0.76,0.97,0.72,0.67,0.52,0.5,62.55
D10,18,206,93,0.88,0.11,0.19,0.65,0.02,0.77,44.59
D6,5,84,122,0.85,0.58,0.82,0.22,0.73,0.7,26.33
D5,5,107,109,0.96,0.69,0.33,0.14,0.49,0.25,29.24
D11,19,154,104,0.58,0.89,0.44,0.98,0.46,0.78,37.79
D4,14,106,121,0.91,0.87,0.77,0.05,0.2,0.85,32.55
D11,14,66,109,0.81,0.98,0.63,0.47,0.36,0.6,26.37
D3,19,236,105,0.89,0.51,0.31,0.43,0.18,0.93,50.06
D1,8,167,60,0.01,0.83,0.39,0.36,0.74,0.78,55.51
D6,3,86,44,0.97,0.43,0.31,0.78,0.2,0.6,44.67
D2,17,130,56,0.47,0.42,0.59,0.75,0.62,0.91,49.31
D8,17,130,98,0.8,0.25,0.33,0.91,0.28,0.6,30.07
D10,4,115,102,0.13,0.82,0.73,0.4,0.66,0.52,29.17
D5,19,158,75,0.4,0.99,0.58,0.56,0.54,0.36,49.86
D7,22,106,74,0.27,0.26,0.15,0.89,0.42,0.88,25.57
D10,10,112,126,0.29,0.06,0.31,0.99,0.67,0.12,15.38
D12,4,90,41,0.12,0.82,0.22,0.97,0.42,0.47,44.03
D2,21,114,61,0.81,0.62,0.39,0.72,0.82,0.54,44.1
D8,3,39,80,0.01,0.96,0.52,0.14,0.73,0.55,15.63
D2,11,100,65,0.31,0.25,0.51,0.02,0.54,0.65,31.12
D4,1,86,30,0.17,0.07,0.75,0.83,0.88,0.51,54.83
D1,12,46,69,0.59,0.49,0.19,0.84,0.83,0.26,16.91
D5,9,226,69,0.25,0.09,0.95,0.75,0.53,0.86,65.12
D9,8,143,85,0.26,0.26,0.34,0.28,0.07,0.66,31.83
D1,9,198,72,0.49,0.13,0.3,0.64,0.57,0.86,52.04
D9,6,98,35,0.65,0.22,0.69,0.32,0.36,0.28,58.85
D11,3,52,84,0.12,0.11,0.81,0.45,0.54,0.64,13.91
D8,18,148,62,0.18,0.95,0.38,0.38,0.65,0.71,50.79
D6,9,158,55,0.25,0.28,0.75,0.91,0.64,0.38,57.61
D7,2,98,109,0.97,0.44,0.88,0.23,0.67,0.81,30.58
D3,20,43,52,0.4,0.9,0.77,0.58,0.68,0.0,27.22
D1,18,241,59,0.6,0.68,0.03,0.36,0.11,0.59,80.2
D5,20,73,70,0.24,0.62,0.83,0.66,0.19,0.61,27.7
D12,1,68,46,0.49,0.71,0.77,0.56,0.63,0.53,38.29
D12,19,242,105,0.07,0.83,0.67,0.92,0.41,0.63,49.83
D2,9,237,94,0.03,0.88,0.76,0.1,0.76,0.17,54.73
D5,1,49,73,0.47,0.64,0.98,0.22,0.12,0.68,24.54
D8,1,93,84,0.4,0.89,0.43,0.77,0.19,0.34,29.16
D11,23,38,58,0.14,0.54,0.07,0.37,0.56,0.45,11.91
D9,16,21,65,0.69,0.28,0.46,0.17,0.5,0.33,12.06
D2,15,38,36,0.99,0.88,0.05,0.5,0.27,0.47,30.05
D12,15,45,108,0.4,0.54,0.29,0.65,0.41,0.62,11.94
D3,13,57,32,0.62,0.91,0.59,0.04,0.03,0.84,45.25
D3,6,99,95,0.96,0.04,0.31,0.29,0.04,0.48,24.19
D1,20,114,121,0.83,0.4,0.69,0.81,0.09,0.32,27.96
D8,10,90,123,0.46,0.95,0.82,0.52,0.58,0.49,26.94
D6,23,62,91,0.74,0.25,0.42,0.04,0.86,0.69,18.47
D12,0,90,129,0.13,0.94,0.9,0.28,0.26,0.35,23.92
D8,10,112,53,0.51,0.95,0.08,0.64,0.03,0.41,46.02
D11,22,58,97,0.28,0.88,0.84,0.2,0.71,0.56,22.36
D9,20,112,73,0.16,0.56,0.83,0.83,0.86,0.29,35.46
D5,3,24,84,0.43,0.65,0.32,0.68,0.14,0.21,11.09
D12,6,112,59,0.13,0.87,0.3,0.47,0.39,0.14,39.86
D3,14,48,55,0.7,0.78,0.31,0.92,0.16,0.35,25.49
D5,17,212,75,0.46,0.63,0.81,0.39,0.11,0.05,62.47
D5,11,56,120,0.53,0.98,0.83,0.24,0.65,0.58,23.08
D5,16,113,82,0.15,0.69,0.33,0.66,0.97,0.18,29.08
D3,0,49,32,0.14,0.98,0.59,0.57,0.68,0.38,36.88
D11,10,62,36,0.58,0.06,0.14,0.34,0.98,0.27,31.83
D10,0,68,102,0.99,0.14,0.47,0.34,0.43,0.63,19.95
D4,14,60,106,0.1,0.45,1.0,0.4,0.9,0.85,17.63
D9,20,98,83,0.29,0.38,0.16,0.29,0.21,0.63,22.32
D10,9,198,78,0.87,0.78,0.95,0.71,0.12,0.54,63.61
D9,6,118,120,0.07,0.16,0.82,0.65,0.7,0.67,20.71
D2,1,46,37,0.88,0.98,0.97,0.44,0.37,0.03,41.88
D8,9,161,69,0.52,0.32,0.18,0.4,0.32,0.12,45.29
D8,23,83,39,0.41,0.43,0.21,0.37,0.67,0.09,41.79
D7,3,32,92,0.31,0.27,0.02,0.28,0.33,0.1,4.87
D8,11,112,64,0.3,0.58,0.72,0.09,0.57,0.26,39.89
D3,18,190,103,0.31,0.06,0.64,0.27,0.3,0.53,36.2
D6,10,27,58,0.88,0.15,0.18,0.32,0.78,0.11,12.65
D1,7,224,90,0.72,0.75,0.79,0.55,0.31,0.94,59.57
D7,17,159,71,0.67,0.19,0.3,0.77,0.53,0.85,44.85
D1,10,40,105,0.8,0.24,0.13,0.4,0.02,0.97,10.73
D9,10,30,31,0.26,0.79,0.42,0.94,0.79,0.04,24.29
D1,12,69,70,0.62,0.09,0.09,0.83,0.62,0.85,18.46
D1,2,85,127,0.46,0.44,0.26,0.98,0.19,0.8,15.94
D7,11,22,109,0.78,0.02,0.37,0.88,0.22,0.9,7.43
D2,2,70,97,0.31,0.35,0.85,0.62,0.26,0.53,20.13
D5,9,216,106,0.64,0.7,0.79,0.6,0.58,0.79,50.07
D8,16,103,54,0.88,0.09,0.44,0.13,0.55,0.05,41.04
D8,21,49,111,0.4,0.89,0.72,0.72,0.27,0.08,19.57
D3,1,30,122,0.07,0.91,0.57,0.6,0.69,0.12,11.74
D7,16,36,55,0.52,0.1,0.34,0.51,0.89,0.91,13.83
D3,15,42,85,0.35,0.99,0.73,0.69,0.04,0.06,21.1
D6,1,71,77,0.67,0.3,0.68,0.44,0.42,0.1,25.11
D6,21,39,31,0.95,0.08,0.62,0.52,0.59,0.93,31.29
D3,19,217,80,0.49,0.01,0.62,0.4,0.59,0.11,53.19
D7,5,46,31,0.47,0.41,0.68,0.72,0.02,0.87,34.62
D3,9,207,53,0.65,0.63,0.38,0.88,0.21,0.79,80.13
D8,9,242,62,0.1,0.33,0.87,0.84,0.06,0.04,76.77
D10,7,229,84,0.25,0.84,0.16,0.79,0.57,0.02,54.64
D4,0,91,95,0.92,0.72,0.88,0.01,0.65,0.53,33.78
D1,12,25,60,0.67,0.35,0.34,0.91,0.16,1.0,13.13
D4,23,29,50,0.01,0.73,0.13,0.27,0.33,0.88,11.63
D7,8,235,59,0.2,0.94,0.6,0.89,0.33,0.31,82.29
D11,21,42,32,0.68,0.09,0.38,0.2,0.82,0.39,27.69
D4,9,161,69,0.76,0.31,0.82,0.44,0.19,0.39,53.3
D6,14,93,58,0.84,0.46,0.43,0.75,0.55,0.73,38.39
D9,4,71,75,0.29,0.5,0.67,0.64,0.78,0.34,23.81
D1,21,53,113,0.93,0.54,0.31,0.42,0.83,0.15,17.96
D5,15,80,101,0.55,0.3,0.21,0.68,0.67,0.75,17.28
D11,12,90,99,0.7,0.67,0.39,0.55,0.3,0.46,25.88
D7,21,30,111,0.6,0.65,0.61,0.28,0.82,0.08,15.04
D1,19,244,91,0.12,0.58,0.66,0.65,0.74,0.79,54.83
D4,17,222,74,0.96,0.11,0.58,0.2,0.7,0.59,63.36
D6,10,82,50,0.12,0.48,0.99,0.69,0.07,0.49,37.77
D2,8,239,52,0.25,0.36,0.69,0.0,0.04,0.67,89.53
D10,15,101,117,0.81,0.49,0.93,0.55,0.7,0.51,29.36
D5,1,29,56,0.62,0.92,0.12,0.4,0.94,0.65,17.76
D11,1,31,36,0.84,0.48,0.06,0.3,0.77,0.87,21.5
D10,11,36,94,0.52,0.01,0.31,0.52,0.83,0.61,7.73
D1,7,193,107,0.38,0.44,0.14,0.65,0.54,0.66,34.99
D6,8,243,75,0.92,0.82,0.53,0.97,0.3,0.61,73.49
D6,11,34,62,0.04,0.78,0.52,0.83,0.68,0.53,15.37
D4,8,191,86,0.86,0.51,0.58,0.72,0.71,0.17,51.78
D8,9,176,80,0.23,0.25,0.75,0.48,0.68,0.34,44.77
D4,1,54,94,0.85,0.47,0.97,0.39,0.95,0.69,24.6
D8,15,91,105,0.14,0.56,0.88,0.03,0.37,0.43,23.44
D8,19,247,106,0.58,1.0,0.12,0.36,0.04,0.41,51.49
D5,6,102,54,0.89,0.64,0.34,0.85,0.91,0.76,44.93
D4,1,76,61,0.47,0.69,0.26,0.38,0.16,0.01,28.95
D12,0,82,41,0.75,0.49,0.18,0.46,0.7,0.68,42.84
D2,18,192,62,0.8,0.35,0.54,0.27,0.87,0.49,65.51
D11,3,111,30,0.74,0.81,0.55,0.27,0.31,0.38,80.39
D3,23,70,99,0.93,0.49,0.23,0.06,0.83,0.34,21.15
D3,21,27,97,0.45,0.99,0.71,0.61,0.33,0.17,17.86
D4,1,24,118,0.17,0.46,0.73,0.45,0.79,0.33,9.21
D4,13,105,121,0.05,0.07,0.02,0.61,0.07,0.39,10.21
D10,1,58,52,0.25,0.68,0.4,0.55,0.66,0.44,25.72
D11,14,87,81,0.14,0.05,0.89,0.8,0.68,0.67,22.66
D11,11,23,76,0.56,0.25,0.52,0.75,0.49,0.45,10.76
D5,4,40,85,0.18,0.35,0.35,0.77,0.69,0.8,9.71
D4,19,234,51,0.04,0.74,0.25,0.5,0.92,0.64,86.9
D11,6,78,36,0.04,0.49,0.24,0.35,0.73,0.19,39.92
D10,23,68,45,0.83,0.03,0.1,0.93,0.96,0.28,29.6
D8,20,36,113,0.59,0.62,0.82,0.05,0.45,0.08,17.5
D6,9,216,83,0.36,0.41,0.09,0.15,0.53,0.95,48.77
D6,13,94,63,0.89,0.92,0.29,0.42,0.26,0.89,39.74
D8,13,52,55,0.07,0.5,0.05,0.61,0.99,0.08,16.06
D7,4,85,92,0.98,0.71,0.78,0.01,0.06,0.57,32.69
D10,17,216,90,0.62,0.22,0.04,0.72,0.36,0.96,45.23
D11,23,105,87,0.18,0.76,0.31,0.56,0.3,0.75,26.67
D12,13,117,108,0.68,0.72,0.57,0.48,0.39,0.49,31.02
D10,1,29,44,0.76,0.9,0.41,0.42,0.92,0.24,24.13
D8,11,61,122,0.43,0.03,0.28,0.52,0.37,0.28,8.96
D2,21,76,116,0.86,0.45,0.28,0.16,0.92,0.74,19.64
D9,23,36,89,0.15,0.68,0.8,0.11,0.42,0.78,15.4
D1,5,28,65,0.28,0.1,0.97,0.29,0.85,0.53,13.3
D8,3,92,109,0.09,0.41,0.35,0.71,0.52,0.12,16.31
D12,12,55,77,0.21,0.94,0.04,0.59,0.31,0.93,17.05
D11,3,70,126,0.24,0.44,0.04,0.48,0.45,0.84,9.8
D12,21,114,99,0.92,0.99,0.76,0.57,0.42,0.14,38.72
D12,13,93,109,0.08,0.06,0.55,0.56,0.26,0.06,15.0
D4,15,87,51,0.43,0.72,0.78,0.31,0.29,0.54,42.12
D4,3,96,109,0.53,0.58,0.7,0.1,0.19,0.28,25.82
D5,23,112,35,0.9,0.5,0.91,0.9,0.34,0.28,73.12
D8,0,45,104,1.0,0.97,0.89,0.6,0.62,0.09,27.24
D5,12,107,122,0.75,0.13,0.79,0.7,0.39,0.95,24.46
D8,3,22,81,0.97,0.9,0.48,0.46,0.71,0.83,19.58
D10,19,203,109,0.79,0.69,0.31,0.76,0.99,0.11,43.71
D1,17,192,50,0.96,0.26,0.51,0.58,0.38,0.88,79.56
D12,5,71,119,0.71,0.9,0.5,0.05,0.46,0.68,23.35
D10,2,95,43,0.08,0.43,0.61,0.89,0.16,0.33,43.93
D9,22,108,101,0.4,0.81,0.19,0.31,0.39,0.87,25.52
D6,12,87,57,0.65,0.39,0.66,0.14,0.73,0.6,36.69
D3,15,90,39,0.35,0.85,0.46,0.09,0.22,0.85,50.71
D8,4,76,129,0.27,0.64,0.62,0.72,0.18,0.47,17.87
D9,3,85,119,0.58,0.14,0.24,0.7,0.38,0.5,14.93
D6,20,69,43,0.93,0.65,0.43,0.7,0.82,0.29,40.99
D11,7,145,103,0.03,0.19,0.21,0.92,0.62,0.39,22.82
D7,18,172,91,0.77,0.41,0.88,0.35,0.96,0.57,46.7
D1,13,100,51,0.72,0.17,0.49,0.56,0.9,0.95,41.75
D5,6,87,48,0.96,0.02,0.22,0.62,0.15,0.6,37.36
D5,13,85,68,0.93,0.21,0.04,0.98,0.04,0.15,26.82
D10,5,92,48,0.76,0.54,0.68,0.31,0.4,0.01,46.46
D4,11,35,83,0.52,0.48,0.21,0.96,0.52,0.85,11.85
D6,15,44,47,0.2,0.5,0.99,0.15,0.52,0.36,25.74
D7,16,42,114,0.55,0.25,0.53,0.76,0.13,0.31,11.97
D9,12,30,68,0.77,0.69,0.29,0.63,0.12,0.8,17.18
D1,22,87,54,0.9,0.7,0.66,0.82,0.05,0.95,43.41
D6,13,82,125,0.79,0.36,0.28,0.03,0.85,0.75,18.18
D7,6,49,74,0.2,0.88,0.82,0.08,0.95,0.17,22.62
D3,13,109,90,0.6,0.64,0.31,0.07,0.12,0.39,29.51
D8,14,119,80,0.33,0.71,0.99,0.59,0.21,0.76,39.02
D5,11,117,38,0.01,0.28,0.61,0.6,0.09,0.91,57.91
D9,16,95,31,0.2,0.0,0.84,0.91,0.88,1.0,58.94
D5,8,231,54,0.11,0.87,0.07,0.47,0.96,0.51,81.36
D9,21,81,98,0.84,0.82,0.35,0.07,0.26,0.82,26.66
D10,14,71,115,0.26,0.12,0.74,0.21,0.3,0.05,14.62
D4,11,24,88,0.28,0.37,0.66,0.01,0.36,0.29,10.02
D9,1,87,38,0.96,0.66,0.19,0.78,0.5,0.37,51.76
D5,4,112,51,0.38,0.65,0.36,0.82,0.68,0.98,46.17
D10,12,46,39,0.01,0.86,0.26,1.0,0.5,0.0,25.06
D9,19,209,91,0.28,0.14,0.61,0.41,0.95,0.31,44.71
D3,22,80,80,0.12,0.43,0.34,0.02,0.1,0.93,19.55
D4,7,139,55,0.1,0.1,0.31,0.23,0.8,0.31,44.17
D9,13,81,34,0.08,0.39,0.21,0.59,0.33,0.23,43.06
D10,14,89,92,0.59,0.02,0.41,0.96,0.38,0.73,20.14
D11,10,75,88,0.19,0.9,0.2,0.1,0.71,0.75,20.51
D6,0,82,118,0.36,0.53,0.96,0.12,0.93,0.47,22.77
D2,20,78,80,0.86,0.85,0.15,0.7,0.72,0.95,28.02
D7,2,69,33,0.42,0.06,0.91,0.67,0.78,0.2,44.23
D2,16,67,61,0.92,0.23,0.43,0.25,0.75,0.91,27.71
D11,18,249,100,0.5,0.26,0.38,0.81,0.32,0.76,49.28
D2,13,71,128,0.4,0.39,0.23,0.13,0.76,0.37,12.55
D11,21,93,63,0.75,0.8,0.64,0.93,0.78,0.81,40.28
D1,22,55,99,0.07,0.39,0.69,0.2,0.53,0.13,13.76
D11,7,172,95,0.09,0.2,0.47,0.08,0.54,0.13,33.27
D11,12,35,88,0.65,0.06,0.06,0.34,0.76,0.93,7.35
D12,19,182,68,0.49,0.08,0.92,0.19,0.82,0.09,55.93
D11,2,117,118,0.79,0.76,0.98,0.53,0.34,0.0,34.49
D3,4,114,70,0.92,0.44,0.43,0.69,0.8,0.39,39.4
D6,8,210,96,0.39,0.73,0.61,0.49,0.81,0.1,49.14
D8,5,113,83,0.6,0.68,0.45,0.66,0.23,0.86,33.93
D9,21,74,124,0.5,0.14,0.32,0.36,0.72,0.92,12.77
D7,1,38,91,0.98,0.14,0.08,0.03,0.19,0.48,11.68
D4,12,118,122,0.83,0.76,0.46,0.97,0.09,0.43,29.62
D6,4,78,94,0.91,0.72,0.82,0.82,0.57,0.54,30.77
D5,7,197,77,0.25,0.38,0.02,0.07,0.91,0.23,46.03
D8,22,37,55,0.77,0.08,0.58,0.45,0.04,0.3,18.49
D1,0,38,84,0.27,0.01,0.88,0.64,0.83,0.1,11.95
D1,19,248,109,0.21,0.29,0.22,0.19,0.51,0.45,41.46
D11,11,76,35,0.94,0.01,0.18,0.58,0.86,0.61,43.32
D6,22,20,37,0.02,0.23,0.77,0.53,0.84,0.93,12.28
D10,10,116,80,0.97,0.42,0.26,0.21,0.88,0.74,34.83
D12,6,104,117,0.15,0.12,0.19,0.14,0.77,0.72,13.54
D2,14,44,76,0.82,0.1,0.38,0.76,0.84,0.31,15.57
D5,21,74,93,0.28,0.9,0.39,0.32,0.18,0.89,22.04
D1,23,102,122,0.35,0.59,0.87,0.24,0.3,0.95,25.0
D7,10,29,85,0.22,0.93,0.62,0.74,0.24,0.93,15.52
D1,21,31,62,0.59,0.35,0.41,0.74,0.74,0.04,14.58
D4,15,90,46,0.35,0.68,0.53,0.28,0.15,0.6,43.32
D9,2,80,39,0.66,0.2,0.95,0.87,0.18,0.64,47.37
D1,19,160,109,0.02,0.62,0.11,0.69,0.88,0.3,26.87
D4,13,89,46,0.06,0.13,0.21,0.35,0.71,0.99,32.25
D6,2,69,66,0.1,0.0,0.96,0.43,0.88,0.29,21.95
D6,0,101,91,0.42,0.93,0.96,0.73,0.14,0.22,34.64
D12,20,109,109,0.81,0.55,0.18,0.21,0.4,0.48,25.53
D8,14,91,117,0.89,0.93,0.15,0.47,0.28,0.32,25.4
D1,0,96,58,0.24,0.33,0.42,0.65,0.01,0.92,32.53
D7,16,51,117,0.57,0.33,0.05,0.54,0.28,0.44,9.71
D1,1,99,40,0.77,0.4,0.65,0.61,0.38,0.41,55.26
D7,19,225,55,0.29,0.71,0.08,0.55,0.09,0.63,78.2
D3,5,54,62,0.41,0.57,0.06,0.2,0.57,0.08,18.55
D11,7,147,86,0.52,0.93,0.49,0.41,0.38,0.76,42.27
D8,15,32,103,0.13,0.03,0.96,0.53,0.05,0.77,8.97
D3,18,230,75,0.03,0.71,0.43,0.78,0.7,0.47,60.17
D1,0,100,93,0.15,0.33,0.36,0.65,0.73,0.96,20.47
D8,2,20,92,0.63,0.18,1.0,0.43,0.83,0.58,13.61
D3,2,108,63,0.07,0.51,0.53,0.97,0.49,0.7,34.72
D2,4,29,113,0.19,0.51,0.38,0.11,0.97,0.92,7.61
D1,11,26,85,0.34,0.14,0.39,0.21,0.91,0.67,6.58
D3,11,99,66,0.08,0.2,0.19,0.34,0.55,0.43,24.89
D2,19,158,109,0.19,0.41,0.51,0.23,0.44,0.02,29.85
D2,12,31,46,0.91,0.41,0.44,0.63,0.0,0.73,21.55
D6,19,177,69,0.02,0.32,0.27,0.04,0.71,0.96,45.79
D12,8,155,97,0.65,0.15,0.16,0.18,0.56,0.47,31.2
D1,6,102,41,0.38,0.0,0.31,0.29,0.94,0.34,45.1
D2,3,40,71,0.67,0.97,0.51,0.68,0.59,0.52,23.11
D6,18,190,107,0.59,0.94,0.06,0.88,0.99,0.73,40.27
D3,21,73,63,0.22,0.48,0.15,0.8,0.85,0.0,22.1
D4,18,136,94,0.85,1.0,0.95,0.18,0.95,0.89,45.35
D1,5,54,44,0.49,0.67,0.54,0.57,0.33,0.89,31.19
D8,12,84,119,0.82,0.07,0.06,0.03,0.15,0.54,14.68
D7,10,118,54,0.41,0.12,0.69,0.31,0.8,0.12,44.4
D7,12,78,108,0.98,0.92,0.06,0.81,0.79,0.67,24.28
D3,12,105,35,0.77,0.63,0.74,0.46,0.21,0.14,67.87
D10,21,71,108,0.97,0.84,0.75,0.15,0.76,0.51,28.61
D10,19,217,70,0.51,0.9,0.65,0.44,0.58,0.09,68.98
D3,14,90,122,0.47,0.45,0.73,0.2,0.11,0.59,21.71
D2,20,115,61,0.76,0.05,0.09,0.39,0.5,0.32,35.94
D12,12,72,88,0.88,0.19,0.73,0.49,0.93,0.83,24.58
D1,21,88,91,0.96,0.07,0.14,0.35,0.51,0.8,21.52
D7,10,23,115,0.32,0.19,0.34,0.94,0.79,1.0,4.45
D7,18,147,84,0.8,0.41,0.94,0.56,0.03,0.26,44.95
D12,7,210,99,0.21,0.12,0.5,0.84,0.73,0.06,39.64
D2,19,243,105,0.55,0.17,0.97,0.76,0.95,0.44,51.11
D7,7,153,51,0.18,0.45,0.09,0.66,0.5,0.08,54.8
D8,9,142,103,0.35,0.34,0.48,0.5,0.34,0.18,29.1
D1,15,34,98,0.93,0.47,0.06,0.0,0.65,0.6,12.77
D9,18,132,86,0.15,0.43,0.63,0.61,0.92,0.59,32.34
D7,22,56,32,0.63,0.64,0.08,0.36,0.18,0.04,37.59
D3,10,82,64,0.59,0.94,0.18,0.12,0.4,0.44,32.27
D8,12,71,116,0.12,0.11,0.26,0.44,0.16,0.53,8.72
D7,8,157,109,0.33,0.1,0.75,0.74,0.5,0.27,30.32
D11,19,223,67,0.56,0.85,0.16,0.96,0.54,0.87,68.67
D8,23,55,62,0.19,0.51,0.85,0.37,0.94,0.16,23.54
D6,18,193,75,0.8,0.77,0.13,0.54,0.41,0.25,55.97
D9,15,67,69,0.97,0.22,0.04,0.85,0.57,0.16,22.14
D5,6,36,69,0.21,0.83,0.4,0.33,0.89,0.12,15.8
D3,18,136,106,0.19,0.92,0.98,0.14,0.32,0.88,35.8
D3,11,27,85,0.45,0.64,0.11,0.28,0.67,0.28,9.84
D1,14,50,88,0.75,0.11,0.1,0.9,0.76,0.72,12.24
D12,22,77,41,0.28,0.9,0.75,0.16,0.33,0.43,45.29
D8,13,67,60,0.02,0.79,0.31,0.33,0.16,0.64,23.81
D2,10,102,92,0.54,0.75,0.72,0.46,0.5,0.93,31.86
D3,9,203,88,0.96,0.04,0.2,0.85,0.36,0.84,46.46
D8,10,95,49,0.39,0.8,0.46,0.94,0.27,0.07,43.83
D8,5,67,100,0.42,0.14,0.27,0.43,0.97,0.85,12.92
D11,1,73,107,0.97,0.22,0.45,0.93,0.5,0.45,20.6
D4,10,94,100,0.69,0.58,0.77,0.16,0.86,0.35,29.03
D4,18,158,59,0.72,0.26,0.76,0.16,0.2,0.67,58.26
D5,5,112,102,0.56,0.66,0.52,0.95,0.94,0.95,29.18
D6,13,119,77,0.97,0.61,0.93,0.51,0.79,0.09,44.5
D5,19,203,68,0.69,0.11,0.26,0.19,0.81,0.77,57.66
D7,5,75,124,0.9,0.66,0.24,0.49,0.39,0.2,20.65
D2,16,36,38,0.7,0.92,0.61,0.78,0.49,0.38,30.91
D7,9,238,82,0.74,0.16,0.62,0.83,0.59,0.87,60.37
D10,0,53,74,0.29,0.6,0.05,0.86,0.79,0.55,14.78
D7,2,107,38,0.3,0.34,0.61,0.57,0.85,0.07,56.29
D1,7,136,65,0.78,0.46,0.37,0.87,0.08,0.51,46.28
D7,7,148,88,0.3,0.29,0.75,0.51,0.9,0.79,36.24
D5,19,135,99,0.56,0.35,0.81,0.61,0.94,0.53,33.88
D3,21,30,105,0.25,0.03,0.55,0.76,0.59,0.17,5.84
D3,14,80,71,0.82,0.98,0.0,0.43,0.19,0.45,30.26
D4,23,32,41,0.11,0.62,0.64,0.07,0.82,0.92,19.92
D12,6,104,103,0.83,0.5,0.75,0.35,0.55,0.66,30.68
D2,10,39,79,0.6,0.38,0.25,0.62,0.82,0.73,13.35
D2,6,55,121,0.19,0.54,0.46,0.19,0.81,0.79,12.27
D1,3,107,98,0.54,0.38,0.97,0.15,0.09,0.09,30.44
D5,11,56,41,0.28,0.36,0.3,0.29,0.61,0.58,26.74
D4,5,118,69,0.32,0.46,0.22,0.03,0.48,0.38,33.63
D11,13,73,31,0.35,0.28,0.21,0.74,0.95,0.14,44.03
D10,11,69,70,0.06,0.18,0.56,0.26,0.3,0.2,18.46
D2,10,64,38,0.99,0.56,0.95,0.12,0.21,0.78,46.96
D3,18,191,71,0.03,0.84,0.61,0.7,0.9,0.16,56.09
D7,20,66,34,0.66,0.15,0.3,0.84,0.15,0.31,38.9
D7,4,95,30,0.37,0.03,0.64,0.02,0.69,0.28,60.82
D12,13,63,51,0.65,0.25,0.62,0.23,0.3,0.05,29.68
D4,20,57,48,0.36,0.98,0.6,0.95,0.57,0.46,32.66
D5,23,99,60,0.67,0.83,0.16,0.39,0.62,0.77,38.6
D5,15,86,116,0.73,0.6,0.63,0.94,0.42,0.02,24.63
D6,12,61,111,0.69,0.93,0.43,0.27,0.97,0.11,21.93
D9,21,45,42,0.11,0.45,0.02,0.22,0.13,0.72,18.01
D2,21,77,47,0.66,0.98,0.54,0.21,0.39,0.59,43.17
D5,19,196,107,0.28,0.3,0.99,0.09,0.43,0.72,41.12
D12,21,106,32,0.03,0.24,0.35,0.9,0.63,0.23,59.64
D3,3,74,118,0.41,0.64,0.97,0.98,0.41,0.8,23.08
D4,10,110,87,0.43,0.38,0.1,0.95,0.1,0.48,24.6
D10,16,82,120,0.47,0.63,0.73,0.85,0.95,0.61,22.37
D6,6,71,118,0.7,0.3,0.11,0.85,0.42,0.09,14.24
D12,13,43,101,0.31,0.62,0.27,0.66,0.34,0.21,11.83
D8,10,28,66,0.32,0.28,0.57,0.83,0.45,0.77,11.52
D1,21,113,112,0.06,0.05,0.59,0.21,0.22,0.22,17.96
D10,8,182,65,0.69,0.91,0.78,0.39,0.1,0.09,66.4
D8,22,43,50,0.57,0.88,0.62,0.64,0.15,0.6,27.83
D11,12,119,69,0.35,0.97,0.59,0.87,0.17,0.55,42.28
D7,22,81,99,0.71,0.72,0.91,0.66,0.2,0.61,29.55
D1,17,198,63,0.54,0.68,0.45,0.84,0.42,0.62,66.18
D2,10,61,79,0.47,0.56,0.23,0.47,0.62,0.5,18.76
D3,14,80,33,0.51,0.13,0.16,0.72,0.63,0.49,44.94
D1,21,91,117,0.64,0.19,0.4,0.98,0.0,0.92,18.59
D9,18,204,66,0.66,0.29,0.71,0.15,0.92,0.53,65.13
D8,0,104,86,0.29,0.89,0.04,0.93,0.82,0.62,26.44
D2,3,109,77,0.14,0.17,0.13,0.52,0.96,0.27,23.06
D9,13,63,74,0.16,0.92,0.11,0.64,0.36,0.87,19.57
D7,13,110,109,0.64,0.52,0.59,0.88,0.66,0.02,27.63
D9,2,109,62,0.87,0.72,0.24,0.41,0.17,0.56,42.16
D6,16,50,76,0.41,0.11,0.17,0.42,0.82,0.38,11.41
D6,2,25,101,0.17,0.27,0.59,0.53,0.16,0.6,6.98
D11,15,90,63,0.76,0.96,0.76,0.02,0.33,0.36,42.07
D4,13,72,43,0.83,0.27,0.33,0.5,0.49,0.72,36.93
D10,19,145,92,0.88,0.3,0.58,0.29,0.59,0.02,38.16
D10,12,92,103,0.61,0.2,0.1,0.93,0.56,0.41,17.76
D2,14,100,41,0.86,0.13,0.94,0.09,0.1,0.83,55.61
D7,13,89,48,0.02,0.23,0.34,0.46,0.42,0.25,32.51
D5,23,60,82,0.11,0.64,1.0,0.95,0.92,0.05,22.52
D11,18,158,55,0.09,0.46,0.98,0.9,0.87,0.5,59.92
D6,5,78,118,0.71,0.55,0.78,0.7,0.59,0.98,23.89
D2,9,193,73,0.07,0.12,0.02,0.59,0.57,0.06,43.55
D5,14,108,45,0.5,0.8,0.54,0.28,0.11,0.07,54.07
D10,20,71,109,0.47,0.78,0.09,0.37,0.2,0.6,17.27
D4,21,25,66,0.31,0.02,0.9,0.09,0.25,0.25,11.24
D9,19,214,53,0.87,0.38,0.79,0.79,0.49,0.41,86.06
D6,5,117,121,0.17,0.07,0.97,0.32,0.73,0.83,21.88
D2,22,57,70,0.35,0.79,0.61,0.67,0.46,0.2,24.04
D1,9,221,66,0.77,0.74,0.52,0.36,0.13,0.72,73.28
D5,6,33,100,0.03,0.9,0.52,0.46,0.44,0.5,12.37
D9,21,105,80,0.67,0.24,0.39,0.56,0.16,0.9,29.07
D6,16,84,122,0.82,0.46,0.47,0.8,0.75,0.97,21.73
D10,17,181,80,0.93,0.18,0.64,0.21,0.17,0.48,50.71
D12,16,49,86,0.88,0.37,0.93,0.4,0.48,0.58,23.5
D7,8,208,67,0.32,0.52,0.6,0.13,0.69,0.75,63.35
D5,9,228,99,0.59,0.05,0.86,0.08,0.23,0.32,49.15
D10,9,159,83,0.08,0.71,0.86,0.6,0.08,0.23,43.4
D6,6,61,40,0.26,0.54,0.52,0.19,0.56,0.96,33.17
D5,15,46,53,0.09,0.83,0.35,0.06,0.05,0.43,20.61
D11,17,228,88,0.32,0.27,0.64,0.9,0.59,0.0,51.97
D9,5,91,47,0.88,0.9,0.45,0.53,0.75,0.84,49.12
D6,19,206,94,0.35,1.0,0.08,0.13,0.33,0.6,46.45
D11,0,107,116,0.56,0.92,0.38,0.05,0.49,0.17,27.05
D8,0,31,78,0.43,0.78,0.99,0.12,0.93,0.03,20.51
D2,11,113,60,0.46,0.81,0.05,0.47,0.47,0.29,39.77
D12,20,111,51,0.97,0.57,0.7,0.67,1.0,0.93,53.63
D9,1,63,121,0.3,0.19,0.84,0.64,0.16,0.93,14.77
D5,3,83,106,0.63,0.68,0.65,0.14,0.71,0.31,25.4
D7,16,44,80,0.42,0.71,0.57,0.63,0.65,0.84,18.72
D10,3,26,35,0.06,0.99,0.71,0.4,0.87,0.44,22.82
D1,10,43,48,0.49,0.54,0.43,0.46,0.09,0.65,22.88
D10,21,102,129,0.81,0.27,0.09,0.8,0.28,0.33,18.27
D5,3,28,65,0.1,0.68,0.96,0.33,0.13,0.52,16.89
D12,0,59,122,0.07,0.98,0.43,0.15,0.93,0.29,15.47
D10,6,43,77,0.15,0.18,0.67,0.87,0.43,0.06,12.43
D2,17,192,54,0.76,0.33,0.53,0.21,0.91,0.14,73.32
D12,8,182,103,0.72,0.54,0.05,0.29,0.29,0.29,37.53
D6,2,61,74,0.57,0.17,0.95,0.71,0.13,0.98,23.68
D11,7,219,63,0.47,0.02,0.79,0.68,0.3,0.97,68.72
D1,23,48,35,0.89,0.34,0.15,0.8,0.6,0.83,30.9
D3,18,136,86,0.77,0.87,0.98,0.18,0.85,0.23,46.18
D5,3,72,47,0.81,0.04,0.74,0.35,0.39,0.44,35.78
D4,17,216,93,0.81,0.43,0.47,0.13,0.91,0.44,51.44
D3,19,167,108,0.64,0.76,0.61,0.54,0.24,0.39,39.91
D10,10,20,97,0.46,0.95,0.11,0.29,0.69,0.04,10.73
D5,13,63,76,0.86,0.99,0.56,0.69,0.74,0.53,30.39
D11,17,164,72,0.93,0.42,0.07,0.0,0.27,0.07,47.95
D8,15,110,89,0.02,0.95,0.54,0.06,0.03,0.8,29.6
D11,2,109,81,0.05,0.04,0.55,0.43,0.37,0.69,23.61
D4,14,27,109,0.96,0.75,0.87,0.96,0.05,0.35,21.25
D1,3,60,32,0.28,0.64,0.73,0.89,0.9,0.65,42.65
D11,4,115,98,0.87,0.25,0.25,0.99,0.95,0.23,27.16
D7,16,103,43,0.39,0.51,0.89,0.42,0.74,0.27,53.52
D8,6,115,55,0.12,0.13,0.57,0.05,0.73,0.31,38.99
D3,15,89,87,0.08,0.87,0.61,0.31,0.24,0.8,26.14
D6,13,119,69,0.16,0.36,0.17,0.68,0.07,0.21,31.05
D2,15,70,34,0.25,0.63,0.86,0.14,0.8,0.56,46.86
D7,6,96,61,0.49,0.16,0.93,0.3,0.56,0.2,36.46
D8,8,209,50,0.7,0.21,0.77,0.06,0.68,0.29,85.36
D6,3,96,83,0.99,0.99,0.94,0.47,0.78,0.24,41.12
D6,21,30,82,0.44,0.75,0.3,0.21,0.41,0.65,13.39
D5,10,27,54,0.52,0.96,0.86,0.09,0.14,0.53,23.69
D8,1,59,61,0.52,0.3,0.49,0.41,0.8,0.72,22.81
D1,11,107,57,0.54,0.16,0.16,0.35,0.45,0.22,35.42
D10,11,97,32,0.52,0.5,0.67,0.54,0.83,0.01,64.31
D4,3,119,120,0.01,0.49,0.68,0.75,0.44,0.68,22.06
D4,17,213,96,0.0,0.17,0.29,0.11,0.22,0.11,38.03
D3,20,98,91,0.1,0.73,0.03,0.79,0.17,0.25,20.69
D3,6,46,74,0.1,0.36,0.2,0.03,0.74,0.31,10.46
D4,0,111,54,0.7,0.19,0.4,0.44,0.57,0.75,42.66
D11,22,80,73,0.2,0.33,0.17,0.59,0.4,0.63,19.56
D1,12,116,75,0.89,0.56,0.19,0.96,0.49,0.18,36.51
D11,5,33,37,0.93,0.73,0.39,0.57,0.55,0.6,28.23
D11,5,67,43,0.98,0.48,0.96,0.16,0.24,0.71,43.91
D2,11,84,109,0.94,0.53,0.76,0.52,0.38,0.39,27.66
D9,7,211,56,0.27,0.14,0.32,0.4,0.29,0.25,69.03
D10,23,98,117,0.51,0.91,0.95,0.48,0.39,0.68,30.18
D2,21,68,84,0.18,0.93,0.65,0.2,0.5,0.61,24.05
D5,18,142,58,0.81,0.68,0.46,0.5,0.17,0.08,55.97
D9,4,75,85,0.89,0.02,0.47,0.15,0.39,0.67,21.89
D9,17,144,106,0.85,0.54,0.41,0.74,0.39,0.49,34.52
D8,4,77,64,0.43,0.63,0.23,0.59,0.29,0.75,26.97
D1,9,217,82,0.76,0.99,0.39,0.08,1.0,0.19,61.36
D1,0,35,37,0.1,1.0,0.53,0.89,0.07,0.26,25.36
D9,9,222,72,0.04,0.86,0.53,0.62,0.64,0.54,62.87
D11,4,64,124,0.75,0.06,0.76,0.32,0.17,0.48,16.9
D8,11,59,83,0.43,0.95,0.36,0.05,0.84,0.39,22.05
D10,21,33,88,1.0,0.61,0.72,0.63,0.91,0.75,21.3
D9,6,113,82,0.1,0.8,0.58,0.37,0.4,0.56,31.94
D7,8,232,76,0.86,0.41,0.96,0.91,0.82,0.71,69.67
D3,21,66,109,0.48,0.32,0.39,0.03,0.25,0.15,15.05
D3,20,25,84,0.83,0.46,0.9,0.04,0.14,0.73,18.58
D2,11,116,73,0.82,0.15,0.82,0.95,0.32,0.46,38.68
D5,22,37,45,0.92,0.36,0.64,0.96,0.34,0.03,25.76
D12,0,31,49,0.3,0.86,0.65,0.03,0.4,0.23,21.25
D12,10,64,93,0.95,0.04,0.08,0.72,0.37,0.03,15.46
D3,20,78,122,0.15,0.15,0.95,0.22,0.41,0.46,16.22
D6,14,113,119,0.08,0.13,0.11,0.7,0.71,0.33,13.37
D2,1,41,126,0.43,0.4,0.56,0.87,0.25,0.99,11.73
D12,19,246,88,0.83,1.0,0.33,0.1,0.02,0.87,64.29
D3,6,66,58,0.47,0.17,0.43,0.24,0.49,0.83,23.74
D5,20,105,74,0.83,0.15,0.61,0.02,0.45,0.5,33.7
D12,11,96,38,0.73,0.92,0.91,0.04,0.06,0.81,63.02
D11,21,43,44,0.21,0.88,0.46,0.03,0.13,0.27,25.2
D11,17,165,62,0.95,0.03,0.99,0.8,0.51,0.56,60.07
D1,2,110,73,0.06,0.75,0.59,0.3,0.23,0.39,33.57
D1,6,90,101,0.9,0.66,0.16,0.49,0.88,0.17,25.18
D10,10,97,105,0.3,0.77,0.19,0.79,0.17,0.07,21.55
D9,17,165,101,0.5,0.49,0.72,0.49,0.02,0.56,38.76
D7,11,80,110,0.42,0.99,0.05,0.43,0.45,0.1,19.77
D1,5,59,122,0.17,0.04,0.48,0.01,0.99,0.72,8.2
D12,4,46,30,0.36,0.23,0.15,0.57,0.63,0.92,27.98
D8,0,53,97,0.19,0.4,0.43,0.12,0.35,0.16,12.39
D3,11,107,50,0.2,0.45,0.75,0.76,0.02,0.47,45.23
D8,10,52,36,0.19,0.92,0.46,0.26,0.48,0.74,33.99
D5,3,84,32,0.49,0.56,0.16,0.67,0.21,0.29,52.41
D1,17,237,100,0.8,0.05,0.25,0.65,0.65,0.92,46.7
D7,3,98,124,0.57,0.41,0.37,0.62,0.58,0.89,19.92
D5,16,73,109,0.89,0.42,0.07,0.27,0.27,0.1,17.98
D6,1,93,122,0.64,0.97,0.58,0.27,0.07,0.03,27.14
D6,23,78,35,0.69,0.6,0.61,0.86,0.76,0.98,51.46
D8,21,48,46,0.67,0.64,0.06,0.01,0.59,0.96,24.77
D9,1,79,51,0.45,0.71,0.4,0.18,0.84,0.42,35.82
D2,11,43,110,0.69,0.77,0.41,0.61,0.26,0.05,17.35
D9,5,104,80,0.07,0.64,0.33,0.82,0.65,0.62,26.45
D12,9,179,60,0.86,0.24,0.56,0.36,0.12,0.29,63.15
D11,22,75,100,0.78,0.87,0.35,0.65,0.29,0.94,25.16
D10,20,61,68,0.25,0.73,0.42,0.56,0.66,0.79,22.35
D9,22,88,77,0.77,0.74,0.8,0.06,0.83,0.65,35.25
D10,15,76,50,0.01,1.0,0.16,0.62,0.32,0.28,31.7
D10,13,101,128,0.22,0.8,0.62,0.81,0.8,0.7,22.57
D7,6,39,44,0.07,0.83,0.51,0.99,0.68,0.29,22.24
D1,18,198,62,0.78,0.95,0.31,0.03,0.35,0.04,70.52
D7,22,70,105,0.76,0.15,0.73,0.66,0.88,0.51,20.31
D10,16,81,114,0.81,0.5,0.55,0.41,0.51,0.49,23.15
D5,8,166,55,0.0,0.58,0.48,0.01,0.65,0.76,58.27
D6,12,90,55,0.5,0.33,0.67,0.61,0.5,0.87,36.88
D10,21,27,102,0.7,0.84,0.8,0.12,0.45,0.35,19.36
D7,4,110,33,0.16,0.76,0.97,0.38,0.85,0.45,71.71
D5,22,40,60,0.65,0.72,0.63,0.26,0.29,0.47,23.63
D7,4,40,54,0.08,1.0,0.87,0.36,0.04,0.32,24.53
D9,9,232,64,0.18,0.26,0.0,0.49,0.88,0.74,63.73
D3,20,54,78,0.48,0.74,0.53,0.36,0.83,0.52,21.8
D8,9,172,90,0.65,0.55,0.21,0.55,0.37,0.91,41.11
D2,6,56,86,0.15,0.31,0.09,0.24,0.19,0.65,9.99
D11,14,61,76,0.19,0.16,0.53,0.64,0.68,0.21,15.82
D7,6,111,90,0.2,0.9,0.75,0.85,0.08,0.16,32.68
D2,14,33,97,0.24,0.6,0.41,0.22,0.42,0.37,10.71
D4,2,72,113,0.23,0.82,0.67,0.51,0.09,0.35,20.51
D7,18,163,61,0.4,0.55,0.49,0.65,0.6,0.41,55.39
D3,9,226,73,0.65,0.22,0.44,0.56,0.03,0.18,62.0
D2,14,39,98,0.44,0.34,0.29,0.37,0.63,0.98,10.12
D11,2,49,117,0.78,0.38,0.38,0.64,0.67,0.15,14.83
D10,5,26,65,0.72,0.97,0.35,0.03,0.49,0.65,19.09
D7,11,57,109,0.13,0.01,0.65,0.37,0.18,0.01,9.84
D1,14,71,44,0.05,0.99,0.12,0.53,0.1,0.41,33.33
D8,5,65,52,0.88,0.98,0.09,0.02,0.31,0.31,33.91
D3,12,31,122,0.08,1.0,0.66,0.51,0.47,0.38,13.64
D12,18,173,97,0.15,0.48,0.55,0.65,0.64,0.5,36.64
D12,2,34,122,0.02,0.96,0.43,0.76,0.0,0.6,11.05
D2,7,238,92,0.63,0.4,0.15,0.11,0.71,0.58,51.43
D3,7,178,70,0.58,0.03,0.41,0.99,0.71,0.63,49.15
D5,22,34,43,0.99,0.22,0.79,0.61,0.44,0.84,25.91
D11,19,171,93,0.89,0.95,0.89,0.36,0.34,0.89,51.93
D8,14,99,44,0.41,0.01,0.7,0.25,0.84,0.74,44.68
D10,3,82,97,0.37,0.55,0.06,0.57,0.78,0.08,17.53
D7,18,156,72,0.3,0.08,0.67,0.88,0.98,0.96,42.5
D7,20,112,82,0.15,0.29,0.24,0.52,0.37,0.95,24.35
D12,2,71,92,0.14,0.09,0.32,0.66,0.91,0.71,12.21
D7,12,92,82,0.13,0.86,0.2,0.36,0.09,0.52,24.55
D8,7,186,105,0.11,0.59,0.78,0.39,0.41,0.25,39.18
D1,22,71,72,0.24,0.9,0.65,0.29,0.47,0.76,27.58
D4,15,26,71,0.31,0.69,0.61,0.71,0.44,0.88,14.51
D6,12,23,98,0.96,0.97,0.67,0.36,0.63,0.67,21.2
D9,2,24,104,0.58,0.51,0.24,0.19,0.17,0.63,9.44
D2,15,111,109,0.99,0.64,0.44,0.37,0.87,0.19,30.75
D1,8,170,103,0.37,0.58,0.63,0.85,0.55,0.36,37.87
D10,13,113,33,0.46,0.48,0.64,0.74,0.9,0.72,70.53
D12,12,21,96,0.32,0.85,0.79,0.33,0.0,0.02,15.01
D2,20,40,99,0.18,0.64,0.29,0.91,0.63,0.64,10.6
D7,6,62,111,0.14,0.8,0.77,0.07,0.41,0.77,18.97
D3,14,88,38,0.95,0.79,0.44,0.05,0.51,0.33,55.65
D10,6,103,57,0.99,0.19,0.67,0.13,0.74,0.08,43.24
D2,5,45,111,0.04,0.65,0.46,0.12,0.23,0.82,10.99
D11,1,102,32,0.15,0.2,0.95,0.09,0.2,0.14,63.59
D7,8,202,85,0.42,0.58,0.18,0.66,0.7,0.37,47.56
D2,21,114,78,0.19,0.68,0.68,0.6,0.52,0.71,34.12
D3,23,36,92,0.36,1.0,0.58,0.65,0.23,0.82,18.01
D11,16,74,52,0.13,0.03,0.17,0.69,0.48,0.86,22.18
D7,4,53,98,0.46,0.09,0.07,0.76,0.46,0.53,8.61
D4,11,34,76,0.27,0.08,0.8,0.21,0.69,0.48,11.77
D1,0,22,112,0.35,0.4,0.16,0.62,0.0,0.85,4.94
D5,9,157,52,0.09,0.82,0.19,0.58,0.59,0.56,58.65
D12,10,23,117,0.43,0.84,0.98,0.94,0.61,0.58,17.27
D9,15,50,74,0.98,0.74,0.72,0.23,0.75,0.43,27.84
D8,13,78,74,0.33,0.9,0.25,0.06,0.89,0.37,25.97
D12,7,204,86,0.88,0.32,0.59,0.65,0.44,0.48,53.09
D9,23,84,38,0.84,0.09,0.53,0.74,0.34,0.36,47.08
D10,16,36,94,0.95,0.06,0.84,0.28,0.1,0.34,17.02
D9,17,132,96,0.79,0.85,0.73,0.57,0.34,0.99,40.07
D7,11,45,82,0.66,0.73,0.83,0.06,0.07,0.34,23.48
D4,16,50,55,0.86,0.7,0.21,0.96,0.8,0.26,25.97
D5,13,42,59,0.08,0.34,0.64,0.11,0.81,0.35,15.81
D1,15,29,101,0.46,0.38,0.04,0.07,0.42,0.59,6.33
D1,13,108,93,0.99,0.96,0.07,0.04,0.26,0.91,32.92
D3,8,151,64,0.77,0.06,0.71,0.43,0.12,0.79,50.56
D8,3,75,103,0.96,0.77,0.02,0.1,0.85,0.84,22.46
D2,22,39,76,0.78,0.31,0.58,0.74,0.88,0.86,17.76
D4,10,106,82,0.87,0.04,0.84,0.9,0.27,0.92,32.85
D2,5,72,30,0.71,0.74,0.38,0.26,0.62,0.24,53.97
D5,14,21,87,0.76,0.33,0.04,0.63,0.26,0.46,7.79
D9,4,38,91,0.52,0.72,0.71,0.04,0.23,0.39,18.58
D1,10,97,101,0.92,0.71,0.93,0.39,0.02,0.38,34.19
D5,17,231,61,0.83,0.53,0.72,0.29,0.58,0.65,81.81
D9,12,45,56,0.84,0.78,0.58,0.23,0.15,0.4,27.99
D1,10,48,44,0.67,0.58,0.23,0.64,0.01,0.62,26.65
D9,13,65,30,0.3,0.29,0.02,0.13,0.1,0.38,38.45
D8,17,189,92,0.04,0.73,0.69,0.86,0.31,0.31,44.2
D4,18,221,106,0.94,0.59,0.23,0.66,0.67,0.35,47.53
D12,23,22,47,0.59,0.01,0.86,0.71,0.2,0.8,15.0
D11,14,71,89,0.3,0.9,0.47,0.94,0.89,0.6,23.0
D10,8,163,81,0.15,0.55,0.53,0.94,0.29,0.97,41.31
D5,7,222,74,0.83,0.87,0.75,0.55,0.33,0.83,70.73
D5,19,189,75,0.84,0.88,0.78,0.5,0.22,0.49,62.35
D11,0,91,48,0.81,0.44,0.64,0.34,0.25,0.24,45.24
D12,3,41,122,0.65,0.51,0.94,0.72,0.07,0.67,18.46
D6,13,52,67,0.37,0.42,0.98,0.54,0.29,0.73,23.53
D7,1,54,96,0.3,0.45,0.95,0.93,0.86,0.46,18.95
D8,15,102,39,0.01,0.9,0.82,0.24,0.69,0.23,57.02
D8,2,110,44,0.83,0.79,0.71,0.31,0.88,0.56,60.42
D11,7,140,96,0.09,0.13,0.66,0.32,0.1,0.25,27.89
D2,5,109,53,0.63,0.61,0.1,0.81,0.46,0.94,43.14
D9,15,96,125,0.5,1.0,0.27,0.1,0.23,0.63,23.38
D7,23,23,42,0.53,0.6,0.01,0.46,0.72,0.29,13.52
D4,15,92,86,0.93,0.79,0.14,0.43,0.97,0.22,29.76
D4,6,117,66,0.03,0.77,0.44,0.07,0.82,0.72,36.99
D11,12,67,100,0.77,0.35,0.15,0.41,0.04,0.71,16.97
D8,12,20,89,0.05,0.37,0.9,0.51,0.32,0.6,9.23
D4,4,31,50,0.04,0.72,0.81,0.07,0.03,0.61,18.81
D6,19,140,93,0.43,0.5,0.07,0.51,0.04,0.6,29.86
D5,21,77,73,0.06,0.57,0.25,0.96,0.08,0.36,20.46
D3,17,207,83,0.79,0.71,0.82,0.98,0.28,0.94,60.21
D10,14,53,54,0.53,0.78,0.8,0.53,0.3,0.48,30.44
D11,17,133,101,0.03,0.27,0.95,0.52,0.4,0.02,28.69
D2,1,109,45,0.04,0.15,1.0,0.29,0.4,0.35,48.49
D9,9,139,94,0.61,0.29,0.98,1.0,0.77,0.13,37.47
D10,22,85,64,0.81,0.51,0.41,0.27,0.14,0.36,33.32
D9,12,102,35,0.44,0.34,0.25,0.45,0.16,0.61,56.08
D1,17,148,108,0.55,0.57,0.76,0.0,0.63,0.02,35.48
D10,14,72,37,0.8,0.05,0.3,0.35,0.57,0.87,39.36
D3,11,97,39,0.61,0.51,0.81,0.07,0.15,0.61,56.5
D8,14,86,67,0.22,0.37,0.53,0.74,0.85,0.3,26.88
D6,12,48,44,0.61,0.53,0.79,0.56,0.33,0.31,30.79
D5,17,216,72,0.63,0.42,0.28,0.57,0.37,0.47,60.42
D5,14,101,75,0.73,0.28,0.51,0.29,0.42,0.25,31.73
D6,22,102,57,0.62,0.9,0.56,0.81,0.32,0.0,45.04
D7,10,45,39,0.97,0.18,0.94,0.0,0.56,0.03,33.43
D1,18,176,53,0.2,0.68,0.27,0.33,0.39,0.36,64.67
D9,2,74,95,0.95,0.92,0.94,0.66,0.26,0.12,33.15
D3,6,86,36,0.54,0.54,0.8,0.91,0.9,0.02,54.23
D4,20,74,109,0.67,0.88,0.73,0.23,0.31,0.86,26.43
D10,13,50,103,0.1,0.12,0.79,0.54,0.7,0.27,11.18
D1,13,38,57,0.38,0.49,0.61,0.54,0.35,0.5,18.84
D11,21,100,57,0.77,0.46,0.24,0.87,0.44,0.18,38.77
D10,12,38,116,0.71,0.01,0.19,0.05,0.24,0.05,7.35
D3,11,39,42,0.04,0.44,0.87,0.42,0.75,0.74,22.47
D2,23,96,72,0.55,0.37,0.73,0.18,0.74,0.12,32.68
D2,8,140,97,0.09,0.67,0.21,0.02,0.02,0.03,28.44
D1,0,34,46,1.0,0.94,0.62,0.15,0.06,0.59,30.12
D8,18,183,99,0.9,0.09,0.45,0.98,0.92,0.01,40.23
D3,10,47,112,0.02,0.33,0.16,0.21,0.89,0.44,5.36
D3,22,23,51,0.86,0.44,0.53,0.94,0.51,0.29,18.09
D6,21,105,68,0.92,0.46,0.28,0.21,0.49,0.32,36.65
D8,22,53,126,0.35,0.77,0.1,0.93,0.81,0.0,11.92
D9,23,63,71,0.72,0.44,0.47,0.65,0.14,0.96,24.28
D9,21,59,126,0.44,0.03,0.59,0.11,0.65,0.52,11.32
D4,18,141,51,0.66,0.71,0.05,0.58,0.48,0.57,56.91
D5,17,157,59,0.34,0.88,0.4,0.32,0.74,0.67,56.85
D2,11,105,110,0.32,0.51,0.26,0.38,0.03,0.8,20.55
D11,22,109,96,0.42,0.58,0.03,0.44,0.59,0.61,23.33
D9,0,90,101,0.15,0.16,0.13,0.42,0.56,0.76,13.4
D8,18,213,61,0.83,0.22,0.14,0.66,0.84,0.45,68.18
D3,19,228,66,0.35,0.24,0.18,0.77,0.68,0.37,63.63
D11,16,111,39,0.4,0.43,0.8,0.33,0.88,0.82,60.35
D12,4,105,86,0.89,0.93,0.44,0.92,0.89,0.87,36.23
D9,2,116,115,0.5,0.52,0.15,0.94,0.41,0.14,22.28
D3,1,56,106,0.54,0.19,0.1,0.04,0.14,0.54,10.31
D9,2,110,93,0.96,0.27,0.3,0.01,0.63,0.68,28.8
D2,7,208,71,0.89,0.38,0.8,0.43,0.87,0.08,65.93
D12,15,113,69,0.17,0.62,0.36,0.59,0.07,0.93,33.68
D10,5,117,89,0.47,0.44,0.16,0.28,0.56,0.52,27.0
D9,12,117,77,0.97,0.39,0.4,0.26,0.11,0.65,37.12
D8,22,118,48,0.37,0.56,0.56,0.68,0.03,0.18,51.92
D9,21,91,62,0.37,0.24,0.03,0.6,0.68,0.26,25.86
D5,21,63,121,0.2,0.08,0.63,0.17,0.68,0.12,10.91
D11,15,56,118,0.11,0.02,0.4,0.88,0.6,0.26,6.56
D11,15,55,110,0.74,0.25,0.01,0.68,0.86,0.49,11.35
D2,2,107,50,0.77,0.09,0.67,0.36,0.08,0.83,46.43
D8,12,21,60,0.97,0.34,0.71,0.68,0.11,0.53,17.98
D12,13,116,59,0.77,0.77,0.63,0.11,0.86,0.24,49.12
D6,7,205,93,0.24,0.72,0.34,0.47,0.5,0.04,45.49
D8,11,31,80,0.04,0.61,0.53,0.17,0.27,0.62,10.94
D11,22,68,53,0.99,0.85,0.39,0.04,0.74,0.42,37.09
D5,22,43,89,0.34,0.28,0.7,0.34,0.89,0.98,13.99
D10,21,30,42,0.31,0.89,0.58,0.15,0.69,0.78,22.48
D2,20,110,101,0.91,0.4,0.08,0.63,0.79,0.81,25.79
D6,7,203,57,0.59,0.4,0.64,0.67,0.28,0.01,73.51
D5,20,83,49,0.21,0.41,0.69,0.15,0.29,0.78,36.19
D12,8,201,58,0.89,0.1,0.37,0.02,0.86,0.19,69.26
D12,0,90,107,0.99,0.98,0.88,0.79,0.61,0.59,34.66
D5,5,47,31,0.09,0.14,0.84,0.0,0.23,0.45,30.71
D1,22,62,37,0.86,0.34,0.18,0.34,0.52,0.57,36.5
D2,18,142,70,0.39,0.32,0.9,0.49,0.69,0.13,45.11
D8,22,111,64,0.52,0.07,0.44,0.82,0.22,0.46,34.36
D3,10,42,75,0.91,0.15,0.72,0.84,0.65,0.04,19.64
D10,10,34,31,0.97,0.04,0.81,0.72,0.04,0.04,29.89
D3,22,80,105,0.26,0.29,0.51,0.25,0.3,0.66,16.73
D8,12,83,81,0.21,0.87,0.4,0.72,0.67,0.95,25.43
D8,10,55,96,0.08,0.34,0.92,0.25,0.15,0.78,15.83
D2,17,198,52,0.56,0.12,0.23,0.21,0.22,0.47,71.42
D8,22,66,112,0.01,0.65,0.26,0.55,0.88,0.06,12.26
D11,14,21,73,0.41,1.0,0.36,0.68,0.67,0.05,14.53
D1,0,83,110,0.07,0.23,0.86,0.05,0.5,0.16,17.51
D6,20,97,57,0.41,0.28,0.94,0.06,0.21,0.98,39.28
D8,6,110,83,0.04,0.97,0.22,0.78,0.34,0.4,28.67
D3,22,93,96,0.84,0.18,0.86,0.86,0.57,0.84,28.08
D8,12,55,92,0.21,0.51,0.26,0.6,0.16,0.71,12.97
D12,11,44,115,0.33,0.24,0.97,0.43,0.48,0.61,14.16
D1,17,177,88,0.87,0.93,0.6,0.85,0.41,0.95,52.07
D11,23,66,123,0.75,0.98,0.01,0.73,0.48,0.23,18.84
D11,18,150,79,0.22,0.81,0.03,0.58,0.11,0.45,37.66
D9,14,111,60,0.07,0.31,0.15,0.32,0.11,0.86,31.88
D11,7,245,75,0.72,0.4,0.19,0.2,0.96,0.55,65.14
D9,18,236,71,0.39,0.24,0.77,0.42,0.98,0.25,67.03
D5,9,150,50,0.77,0.89,0.22,0.29,0.43,0.21,65.48
D10,6,56,106,0.45,0.91,0.97,0.34,0.79,0.75,24.12
D4,17,214,95,0.35,0.42,0.64,0.52,0.66,0.01,47.39
D11,15,28,46,0.45,0.66,0.69,0.17,0.12,0.91,20.72
D6,19,176,70,0.75,0.17,0.22,0.81,0.3,0.02,49.73
D12,5,114,88,0.9,0.43,0.89,0.15,0.31,0.63,37.23
D7,8,183,71,0.05,0.63,0.67,0.48,0.6,0.6,52.82
D5,20,31,93,0.52,0.39,0.86,0.75,0.58,0.58,15.37
D11,12,25,82,0.03,0.36,0.96,0.49,0.92,0.47,10.98
D10,20,35,119,0.47,0.0,0.13,0.36,0.79,0.85,3.88
D9,7,134,58,0.89,0.8,0.1,0.47,0.86,0.66,51.96
D3,15,65,43,0.36,0.89,0.8,0.85,0.89,0.78,39.64
D7,12,63,92,0.93,0.97,0.87,0.99,0.8,0.12,31.05
D10,12,113,81,0.63,0.72,0.58,0.63,0.33,0.05,36.39
D10,16,45,82,0.93,0.55,0.37,0.79,0.22,0.03,20.08
D11,22,48,48,0.76,0.27,0.65,0.01,0.57,0.15,26.82
D5,19,176,57,0.1,1.0,0.31,0.88,0.69,0.67,62.77
D7,4,42,64,0.23,0.59,0.24,0.95,0.39,0.49,14.78
D2,21,114,82,0.39,0.68,0.49,0.58,0.85,0.75,32.9
D4,20,118,125,0.17,0.68,0.22,0.75,0.96,0.19,20.17
D2,16,77,34,0.49,0.85,0.48,0.51,0.57,0.37,51.39
D12,8,145,66,0.47,0.01,0.96,0.29,0.46,0.89,46.65
D7,1,51,125,0.96,0.22,0.84,0.85,0.84,0.94,19.05
D2,17,181,69,0.43,0.67,0.94,0.6,0.02,0.92,60.02
D11,8,241,105,0.79,0.9,0.81,0.58,0.13,0.82,58.21
D1,5,85,113,0.94,0.69,0.35,0.66,0.85,0.69,25.02
D9,10,101,30,0.88,0.41,0.81,0.86,0.73,0.91,74.26
D1,5,77,122,0.21,0.36,0.92,0.73,0.42,0.71,18.28
D8,5,112,112,0.5,0.74,0.95,0.21,0.89,0.95,31.51
D2,12,63,35,0.35,0.74,0.68,0.47,0.35,0.02,42.38
D12,10,69,101,0.4,0.61,0.21,0.98,0.63,0.92,16.75
D8,13,107,49,0.36,0.29,0.04,0.55,0.63,0.56,39.5
D3,1,33,34,0.83,0.93,0.15,0.94,0.18,0.11,28.39
D6,7,170,89,0.45,0.55,0.97,0.81,0.28,0.21,46.24
D3,2,53,109,0.52,0.79,0.46,0.67,0.92,0.85,18.19
D7,22,64,100,0.98,0.21,0.85,0.35,0.18,0.51,23.5
D10,20,99,100,0.06,0.34,0.47,0.3,0.17,0.98,19.18
D9,2,46,107,0.49,0.87,0.66,0.64,0.48,0.12,19.45
D2,0,97,73,0.77,0.05,0.02,0.43,0.09,0.41,25.14
D12,23,52,62,0.15,0.51,0.25,0.8,0.89,0.33,16.76
D12,18,173,69,0.61,0.48,0.44,0.76,0.1,0.52,53.19
D5,17,246,96,0.24,0.75,0.63,0.31,0.62,0.63,55.03
D6,16,55,36,0.87,0.28,0.17,0.7,0.34,0.66,33.22
D4,19,161,97,0.33,0.22,0.76,0.49,0.8,0.0,35.56
D4,23,86,68,0.33,0.93,0.36,0.32,0.59,0.09,31.14
D4,12,112,53,0.6,0.57,0.82,0.41,0.39,0.04,50.17
D2,2,105,99,0.18,0.1,0.1,0.9,0.98,0.86,15.97
D4,0,107,116,0.28,0.19,0.68,0.36,0.07,0.31,20.51
D11,3,73,67,0.42,1.0,0.29,0.29,0.58,0.37,28.74
D1,12,93,109,0.35,0.2,0.8,0.35,0.99,0.45,21.08
D12,16,94,61,0.52,0.61,0.4,0.21,0.69,0.85,35.4
D6,10,64,90,0.6,0.42,0.67,0.54,0.74,0.01,21.59
D1,1,89,117,0.57,0.89,0.93,0.15,0.03,0.12,28.95
D10,15,116,82,0.65,0.76,0.02,0.82,0.02,0.69,32.15
D6,1,70,105,0.31,0.6,0.01,0.23,0.04,0.96,13.69
D1,18,185,76,0.13,0.01,0.77,0.6,0.99,0.64,46.14
D6,22,57,91,0.76,0.88,0.65,0.13,0.98,0.26,25.56
D10,18,147,94,0.85,0.44,0.29,0.98,0.33,0.52,36.28
D8,15,83,106,0.26,0.93,0.49,0.45,0.29,0.97,22.82
D11,21,49,78,0.41,0.5,0.04,0.82,0.15,0.53,13.25
D2,18,170,101,0.5,0.69,0.19,0.77,0.33,0.37,36.63
D2,8,142,83,0.53,0.07,0.42,0.71,0.37,0.38,33.83
D12,0,119,123,0.66,0.75,0.83,0.83,0.75,0.97,31.38
D4,9,154,51,0.04,0.34,0.48,0.1,0.87,0.72,56.45
D11,18,229,67,0.72,0.35,0.59,0.68,0.75,0.69,71.15
D3,0,24,48,0.06,0.12,0.87,0.27,0.65,0.23,11.81
D4,1,61,47,0.47,0.15,0.31,0.79,0.77,0.56,25.4
D12,15,51,50,0.83,0.19,0.7,0.96,0.74,0.36,27.56
D7,11,29,66,0.45,0.33,0.86,0.9,0.48,0.24,16.13
D11,7,178,71,0.15,0.89,0.2,0.11,0.34,0.9,50.51
D1,22,32,84,0.99,0.37,0.36,0.37,0.28,0.38,15.79
D6,17,146,58,0.89,0.72,0.98,0.36,0.68,0.28,63.13
D3,1,107,73,0.77,0.08,0.98,0.12,0.96,0.93,36.77
D11,12,97,75,0.41,0.59,0.22,0.1,0.58,0.2,27.98
D10,5,27,66,0.18,0.48,0.07,0.38,0.91,0.75,7.2
D7,20,38,92,0.94,0.98,0.27,0.99,0.01,0.65,20.71
D10,5,111,75,0.53,0.85,0.4,0.57,0.79,0.92,36.58
D2,8,234,79,0.85,0.45,0.44,0.62,0.85,0.83,63.49
D2,15,90,55,0.34,0.78,0.62,0.47,0.63,0.71,39.09
D4,10,65,75,0.34,0.19,0.9,0.66,0.93,0.31,22.06
D1,6,94,43,0.99,0.56,0.33,0.96,0.59,0.5,50.5
D3,9,214,57,0.52,0.07,0.85,0.59,0.24,0.94,75.32
D9,9,132,77,0.14,0.35,0.09,0.07,0.22,0.02,29.84
D7,19,158,72,0.22,0.23,0.04,0.49,0.56,0.79,37.85
D7,17,147,84,0.48,0.72,0.5,0.99,0.91,0.25,40.81
D11,23,96,105,0.04,0.49,0.06,0.39,0.07,0.19,15.21
D4,19,176,99,0.46,0.75,0.39,0.59,0.6,0.23,40.4
D2,8,134,88,0.42,0.52,0.9,0.11,0.77,0.06,37.92
D4,14,94,88,0.78,0.09,0.24,0.14,0.12,0.99,22.83
D6,3,94,88,0.35,0.74,0.71,0.87,0.12,0.87,29.18
D11,7,240,91,0.98,0.83,0.3,0.3,0.37,0.52,60.92
D11,8,176,80,0.18,0.9,0.04,0.31,0.27,0.72,43.76
D3,12,114,42,0.59,0.57,0.56,0.39,0.2,0.56,58.75
D1,8,207,98,0.09,0.75,0.83,0.97,0.2,0.81,47.2
D12,3,108,62,0.73,0.75,0.41,0.08,0.13,0.84,42.41
D8,16,116,91,0.99,0.16,0.62,0.82,0.61,0.23,32.71
D12,15,98,45,0.82,0.16,0.9,0.34,0.69,0.46,50.34
D5,14,63,87,0.56,0.07,0.79,0.85,0.7,0.63,19.35
D5,2,25,118,0.48,0.32,0.19,0.99,0.53,0.98,5.96
D11,19,144,53,0.84,0.47,0.73,0.35,0.95,0.68,61.74
D4,4,75,93,0.94,1.0,0.5,0.13,0.88,0.9,30.25
D6,22,87,123,0.99,0.43,0.75,0.14,0.96,0.85,25.94
D3,4,53,120,0.4,0.73,0.49,0.76,0.39,0.58,15.99
D9,19,224,105,0.99,0.69,0.13,0.14,0.88,0.89,48.88
D5,14,51,38,0.16,0.2,0.57,0.26,0.76,0.38,26.21
D3,17,192,90,0.25,0.06,0.49,0.2,0.34,0.38,39.58
D11,14,91,107,0.09,0.55,0.52,0.36,0.11,0.78,19.28
D1,1,52,116,0.27,0.7,0.88,0.07,0.68,0.13,18.23
D10,12,40,84,0.77,1.0,0.89,0.86,0.14,0.31,26.2
D12,3,95,86,0.85,0.36,0.45,0.86,0.29,0.61,28.56
D6,9,131,62,0.78,0.9,0.46,0.41,0.5,0.42,51.54
D2,12,23,113,0.63,0.38,0.52,0.61,0.68,0.94,10.77
D3,9,179,100,0.51,0.69,0.52,0.64,0.93,0.96,41.73
D1,8,177,108,0.71,0.6,0.95,0.75,0.59,0.5,43.92
D9,7,207,79,0.39,0.05,0.65,0.52,0.67,0.54,51.22
D8,2,48,37,0.84,0.08,0.28,0.51,0.31,0.72,27.87
D12,15,31,70,0.68,0.02,0.53,0.63,0.69,0.46,12.42
D2,13,45,79,0.7,0.37,0.63,0.7,0.44,0.19,19.08
D12,8,131,104,0.54,0.75,0.64,0.35,0.86,0.75,33.9
D11,20,75,43,0.89,0.17,0.59,0.33,0.39,0.74,40.24
D8,10,25,124,0.25,0.61,0.18,0.27,0.47,0.24,6.23
D12,2,100,118,0.38,0.29,0.03,0.55,0.43,0.83,14.99
D9,4,80,125,0.78,0.8,0.34,0.36,0.81,0.61,22.4
D1,9,141,98,0.49,0.8,0.43,0.54,0.95,0.24,35.27
D5,12,32,48,0.89,0.78,0.06,0.41,0.33,0.65,21.14
D8,3,63,118,0.35,0.52,0.81,0.84,0.48,0.23,18.24
D11,23,114,88,0.37,0.28,0.34,0.07,0.71,0.27,25.91
D2,12,56,54,0.89,0.81,0.91,0.57,0.9,0.85,36.06
D4,11,35,67,0.46,0.19,0.15,0.58,0.49,0.93,9.93
D7,4,62,116,0.52,0.29,0.06,0.38,0.11,0.26,10.79
D3,9,143,55,0.33,0.18,0.48,0.42,0.37,0.93,49.92
D12,23,108,52,0.28,0.67,0.19,0.8,0.55,0.24,41.67
D5,8,189,92,0.66,0.69,0.94,0.28,0.42,0.12,51.84
D8,19,141,62,0.12,0.65,0.01,0.87,0.19,0.06,41.99
D12,6,119,127,0.88,0.42,0.41,0.9,0.04,0.24,25.94
D10,1,25,92,0.78,0.1,0.93,0.65,0.69,0.39,14.61
D3,21,57,79,0.19,0.91,0.38,0.77,0.99,0.93,19.85
D4,23,71,69,0.69,0.51,0.09,0.61,0.92,0.24,23.76
D9,22,27,90,0.6,0.41,0.3,0.53,0.68,0.37,10.53
D7,6,27,126,0.18,0.59,0.5,0.97,0.84,0.73,8.58
D1,7,163,93,0.27,0.19,0.19,0.28,0.26,0.3,31.19
D12,6,98,129,0.41,0.13,0.47,0.15,0.62,0.68,16.23
D4,20,79,86,0.7,0.41,0.84,0.29,0.06,0.43,27.81
D4,22,118,75,0.64,0.23,0.87,0.61,0.71,0.2,37.93
D9,13,41,116,0.53,0.24,0.05,0.19,0.97,0.73,7.0
D6,18,169,94,0.77,0.89,0.16,0.91,0.86,0.03,42.8
D9,4,74,80,0.76,0.53,0.28,0.41,0.53,0.29,24.43
D12,22,105,34,0.62,0.48,0.59,0.85,0.79,0.36,65.36
D6,17,224,62,0.79,0.69,0.36,0.25,0.94,0.46,76.4
D6,19,157,107,0.33,0.95,0.84,0.31,0.22,0.68,39.47
D5,11,103,126,0.88,0.11,0.72,0.06,0.79,0.46,23.73
D5,22,99,91,0.61,0.83,0.1,0.26,0.27,0.59,27.15
D2,16,112,116,0.82,0.58,0.62,0.49,0.88,0.6,29.31
D8,12,43,127,0.55,0.15,0.11,0.95,0.1,0.37,6.63
D8,1,26,67,0.22,0.3,0.26,0.39,0.18,0.93,7.27
D11,12,56,97,0.54,0.48,0.18,0.64,0.72,0.96,14.62
D1,6,117,71,0.37,0.69,0.17,0.43,0.17,0.58,34.6
D8,9,215,54,0.7,0.24,0.62,0.05,0.16,0.07,80.6
D5,22,83,79,0.48,0.53,0.56,0.5,0.56,0.49,26.74
D2,5,106,44,0.84,0.68,0.18,0.07,0.83,0.18,52.94
D2,2,114,102,0.68,0.45,0.99,0.88,0.27,0.48,33.04
D6,2,72,54,0.68,0.86,0.42,0.75,0.84,0.19,35.53
D11,17,218,98,0.22,0.87,0.1,0.38,0.81,0.7,44.85
D9,10,104,38,0.98,0.47,0.12,0.64,0.58,0.08,57.78
D1,21,57,51,0.84,0.97,0.58,0.11,0.65,0.95,35.52
D12,19,236,72,0.79,0.08,0.98,0.7,0.04,0.2,70.32
D6,4,68,97,0.33,0.0,0.57,0.82,0.37,0.66,14.13
D9,18,222,64,0.54,0.38,0.95,0.82,0.26,0.92,74.02
D8,21,84,83,0.14,0.6,0.44,0.28,0.15,0.25,22.44
D11,18,159,78,0.54,0.63,0.44,0.26,0.39,0.93,45.29
D6,14,39,62,0.15,0.48,0.5,0.52,0.35,0.39,14.93
D3,15,119,115,0.55,0.12,0.7,0.97,0.73,0.96,24.61
D8,23,96,36,0.65,0.17,0.37,0.92,0.6,0.97,52.99
D9,8,137,77,0.39,0.85,0.86,0.36,0.91,0.19,45.03
D1,3,64,102,0.5,0.87,0.03,0.78,0.15,0.83,17.38
D12,14,108,109,0.88,0.67,0.44,0.92,0.06,0.19,29.5
D9,11,93,40,0.11,0.66,0.51,0.26,0.53,0.23,47.53
D6,22,50,41,0.79,0.6,0.61,0.83,0.0,0.08,33.81
D6,2,114,107,0.17,0.2,0.28,0.27,0.79,0.16,18.54
D12,22,70,73,0.04,0.43,0.43,0.34,0.51,0.63,18.88
D4,13,115,79,0.19,0.7,0.48,0.2,0.49,0.45,32.35
D1,16,36,64,0.77,0.54,0.69,0.51,0.36,0.79,21.71
D10,18,130,78,0.41,0.02,0.77,0.84,0.37,0.33,34.67
D8,5,70,93,0.87,0.95,0.74,0.53,0.43,0.97,30.37
D2,3,23,116,0.52,0.84,0.34,0.12,0.02,0.05,12.24
D12,6,47,45,0.02,0.26,1.0,0.25,0.08,0.06,23.95
D1,18,192,61,0.72,0.62,0.85,0.56,0.51,0.7,71.05
D2,16,72,114,0.11,0.92,0.26,0.58,0.15,0.89,16.45
D1,15,36,69,0.79,0.1,0.2,0.58,0.78,0.8,12.58
D1,14,32,81,0.17,0.5,0.31,0.08,0.27,0.49,9.24
D9,21,77,125,0.35,0.46,0.45,0.75,0.1,0.27,15.88
D1,7,166,99,0.76,0.41,0.85,0.91,0.24,0.01,42.41
D4,18,208,61,0.95,0.84,0.78,0.51,0.36,0.51,79.38
D10,7,190,98,0.37,0.38,0.85,0.72,0.04,0.48,43.37
D6,17,208,83,0.83,0.06,0.27,0.91,0.14,0.34,49.76
D7,15,89,46,0.19,0.07,0.59,0.64,0.32,0.58,36.39
D2,19,241,98,0.81,0.04,0.28,0.67,0.31,0.73,48.62
D6,18,149,58,0.66,0.41,0.11,0.72,0.8,0.7,51.1
D7,9,188,54,0.19,0.72,0.68,0.26,0.84,0.26,71.68
D10,16,106,62,0.3,0.2,0.14,0.58,0.19,0.59,30.31
D10,12,97,46,0.13,0.65,0.67,0.84,0.12,0.15,45.11
D2,12,76,112,0.38,0.69,0.65,0.3,0.63,0.12,21.27
D2,6,116,30,0.2,0.26,0.81,0.9,0.8,0.79,75.82
D10,9,142,95,0.64,0.6,0.14,0.62,0.96,0.69,33.17
D7,1,46,99,0.99,0.68,0.78,0.42,0.01,0.77,24.05
D12,3,78,35,0.01,0.47,1.0,0.62,0.41,0.15,47.6
D1,5,116,123,0.54,0.34,0.85,0.4,0.73,0.91,26.23
D8,23,118,52,0.57,0.62,0.75,0.84,0.83,0.13,52.58
D11,17,139,100,0.91,0.98,0.66,0.48,0.06,0.87,42.01
D3,22,38,80,0.51,0.43,0.42,0.9,0.68,0.35,14.21
D11,5,111,116,0.54,0.39,0.73,0.51,0.29,0.11,25.84
D6,22,87,113,0.47,0.46,0.72,0.66,0.07,0.29,22.31
D9,16,102,71,0.27,0.08,0.63,1.0,0.49,0.18,28.41
D6,13,110,86,0.06,0.55,0.8,0.15,0.16,0.49,29.47
D9,23,117,97,0.41,0.33,0.45,0.74,0.74,0.95,26.1
D7,10,57,91,0.05,0.12,0.12,0.14,0.74,0.33,7.15
D9,18,136,97,0.55,0.47,0.56,0.84,0.84,0.61,33.3
D2,1,90,79,0.31,0.0,0.27,0.6,0.38,0.89,19.26
D12,2,71,55,0.53,0.4,0.38,0.94,0.01,0.63,28.77
D8,10,45,48,0.13,0.11,0.02,0.87,0.26,0.36,12.6
D8,5,28,90,0.93,0.02,0.38,0.07,0.47,0.99,10.91
D2,13,39,79,0.89,0.82,0.81,0.14,0.69,0.19,25.23
D12,18,209,103,0.19,0.92,0.54,0.6,0.38,0.52,45.49
D4,15,100,51,0.34,0.21,0.01,0.52,0.54,0.8,34.2
D11,20,32,41,0.61,0.54,0.47,0.17,0.52,0.0,22.23
D7,21,29,94,0.1,0.28,0.29,0.13,0.16,0.7,4.79
D11,23,115,59,0.35,0.49,0.48,0.56,0.62,0.27,40.98
D4,6,27,50,0.25,0.44,0.4,0.05,0.44,0.17,12.92
D4,7,151,67,0.92,0.27,0.93,0.87,0.81,0.27,53.95
D6,18,195,97,0.85,0.7,0.04,0.81,0.69,0.97,44.59
D10,19,173,58,0.58,0.13,0.68,0.79,0.11,0.89,60.65
D6,15,86,83,0.52,0.05,0.85,0.02,0.49,0.21,25.09
D10,21,45,114,0.93,0.77,0.96,0.05,0.7,0.12,24.7
D3,6,113,121,0.93,0.67,0.18,0.55,0.09,0.36,26.52
D9,8,229,75,0.97,0.5,0.53,0.99,0.79,0.59,67.57
D12,12,53,37,0.13,0.47,0.04,0.34,0.22,0.87,25.21
D10,0,29,77,0.16,0.5,0.5,0.34,0.5,0.97,10.56
D11,7,184,92,0.68,0.44,0.13,0.13,0.94,0.75,41.27
D2,23,73,107,0.54,0.39,0.84,0.67,0.57,0.6,21.8
D6,21,59,44,0.02,0.5,0.11,0.65,0.42,0.14,23.43
D12,3,100,47,0.06,0.53,0.51,0.1,0.01,0.07,42.24
D7,2,115,52,0.89,0.69,0.52,0.47,0.13,0.6,52.99
D12,2,81,75,0.87,0.71,0.97,0.67,0.58,0.54,36.3
D9,21,106,128,0.36,0.38,0.65,0.49,0.49,0.85,20.99
D3,12,58,44,0.89,0.41,0.29,0.67,0.36,0.32,31.85
D10,7,182,73,0.59,0.37,0.24,0.82,0.92,0.04,49.89
D3,6,83,92,0.81,0.54,0.13,0.69,0.33,0.42,23.18
D7,0,111,109,0.43,0.45,0.76,0.62,0.54,0.97,26.79
D4,15,35,99,0.11,0.89,0.69,0.85,0.57,0.8,15.01
D8,5,85,42,0.43,0.7,0.61,0.9,0.53,0.03,46.22
D7,6,66,38,0.46,0.9,0.04,0.39,0.48,0.87,37.81
D5,11,82,63,0.55,0.71,0.76,0.17,0.34,0.47,35.5
D7,22,100,120,0.11,0.97,0.64,0.82,0.91,0.36,24.12
D3,8,158,86,0.99,0.64,0.96,0.21,0.45,0.35,50.61
D12,10,62,115,0.24,0.96,0.59,0.93,0.53,0.6,19.35
D2,9,244,73,0.2,0.16,0.3,0.02,0.66,0.53,60.56
D6,20,90,63,0.53,0.05,0.38,0.92,0.07,0.66,28.08
D2,0,67,41,0.54,0.58,0.18,0.59,0.78,0.57,35.0
D3,17,152,64,0.44,0.98,0.72,0.77,0.51,0.14,56.37
D6,3,116,42,0.77,0.42,0.71,0.4,0.66,0.26,61.28
D5,4,106,125,0.52,0.21,0.2,0.99,0.77,0.84,17.12
D8,8,174,99,0.61,0.52,0.16,0.23,0.87,0.66,37.18
D9,16,118,94,0.72,0.65,0.08,0.26,0.39,0.45,29.4
D11,2,66,87,0.03,0.32,0.91,0.05,0.81,0.18,18.51
D3,15,24,106,0.57,0.71,0.23,0.94,0.26,0.01,11.01
D12,4,24,89,0.88,0.98,0.34,0.46,0.66,0.31,18.16
D10,15,115,50,0.02,0.9,0.28,0.67,0.1,0.05,46.33
D3,2,43,47,0.41,0.29,0.41,0.69,0.02,0.48,20.01
D3,19,150,103,0.93,0.33,0.71,0.87,0.1,0.82,37.89
D6,14,29,53,0.35,0.37,0.87,0.66,0.32,0.29,17.65
D1,2,104,118,0.46,0.39,0.18,0.56,0.03,0.85,18.65
D7,19,245,109,0.98,0.1,0.69,0.71,0.63,0.7,50.62
D12,13,76,52,0.2,0.76,0.35,0.75,0.32,0.13,31.91
D1,15,41,97,0.07,0.37,0.98,0.19,0.74,0.64,13.8
D5,16,53,99,0.86,0.88,0.3,0.11,0.05,0.15,21.58
D10,23,47,124,0.87,0.93,0.01,0.07,0.22,0.65,16.58
D8,19,228,88,0.47,0.02,0.52,0.37,0.41,0.14,49.94
D4,22,61,52,0.51,0.99,0.15,0.5,0.38,0.39,29.73
D5,17,199,65,0.84,0.71,0.04,0.62,0.13,0.57,63.94
D4,17,131,73,0.74,0.52,0.7,0.96,0.99,0.05,44.02
D12,21,36,94,0.27,0.39,0.73,0.33,0.28,0.15,12.79
D12,13,89,98,0.02,0.52,0.46,0.76,0.72,0.32,18.87
D4,17,238,109,0.48,0.32,0.68,0.53,0.22,0.46,46.77
D12,14,69,122,0.86,0.62,0.54,0.22,0.88,0.86,21.95
D8,14,31,76,0.9,0.09,0.63,0.62,0.39,0.19,15.37
D2,5,86,94,0.96,0.62,0.6,0.97,0.9,0.35,29.85
D1,14,46,77,0.88,0.28,0.67,0.12,0.34,0.48,20.79
D3,17,217,93,0.58,0.02,0.2,0.51,0.01,0.3,43.27
D9,3,38,88,0.44,0.55,0.27,0.05,0.52,0.63,12.49
D4,22,27,84,0.77,0.58,0.44,0.32,0.52,0.26,15.34
D10,7,237,96,0.74,0.43,0.45,0.62,0.12,0.77,53.31
D5,14,21,123,0.54,0.07,0.77,0.84,0.23,0.51,8.79
D2,2,113,68,0.09,0.89,0.37,0.73,0.78,0.09,35.96
D4,14,64,61,0.93,0.61,0.16,0.46,0.04,0.63,27.91
D2,12,84,67,0.46,0.12,0.25,0.91,0.49,0.57,23.67
D2,8,206,60,0.36,0.51,0.21,0.3,0.53,0.34,66.09
D4,1,29,88,0.63,0.5,0.73,0.75,0.69,0.01,16.13
D6,23,109,84,0.67,0.06,0.47,0.47,0.04,0.2,27.88
D7,7,149,66,0.21,0.61,0.71,0.9,0.59,0.41,48.59
D10,19,146,53,0.84,0.81,0.42,0.8,0.0,0.2,62.71
D3,16,24,89,0.29,0.75,0.89,0.9,0.27,0.58,15.67
D3,12,42,75,0.19,0.2,0.98,0.21,0.5,0.71,15.86
D10,0,71,39,0.41,0.86,0.67,0.67,0.91,0.86,44.32
D6,1,65,57,0.73,0.34,0.86,0.74,0.13,0.65,31.7
D12,14,116,72,0.97,0.95,0.51,0.74,0.17,0.69,44.97
D3,11,45,84,0.81,0.07,0.93,0.5,0.67,0.61,19.47
D2,13,67,58,0.94,0.49,0.83,0.01,0.37,0.99,35.01
D8,1,46,47,0.14,0.6,0.99,0.26,0.62,0.26,26.89
D5,17,233,109,0.07,0.25,0.62,0.32,1.0,0.27,40.95
D1,21,93,98,0.56,0.77,0.78,0.85,0.99,0.13,29.84
D3,6,93,50,0.29,0.63,0.54,0.84,0.35,0.49,40.63
D10,22,43,32,0.83,0.02,0.26,0.1,0.5,0.1,27.9
D8,5,114,91,0.67,0.61,0.35,0.95,0.9,0.27,31.01
D4,13,21,95,0.97,0.49,0.89,0.18,0.09,0.48,18.65
D7,7,232,98,0.25,0.2,0.06,0.41,0.45,0.96,41.22
D10,21,61,63,0.49,1.0,0.59,0.22,0.38,0.96,29.92
D12,1,61,49,0.5,0.9,0.37,0.86,0.29,0.74,32.16
D2,16,116,97,0.24,0.29,0.39,0.75,0.99,0.39,23.43
D7,4,64,104,0.59,0.54,0.88,0.35,0.73,0.87,22.78
D5,13,61,76,0.44,0.32,0.85,0.68,0.39,0.88,22.54
D5,23,24,118,0.45,0.78,0.6,0.18,0.83,0.91,13.53
D6,19,178,109,0.36,0.93,0.27,0.38,0.49,0.64,37.37
D9,20,56,63,0.02,0.36,0.48,0.38,0.87,0.2,17.22
D6,20,92,99,0.52,0.81,0.41,0.24,0.27,0.09,26.07
D12,21,37,107,0.34,0.5,0.35,0.88,0.22,0.91,10.26
D8,2,38,107,0.0,0.4,0.1,0.68,0.25,0.06,4.08
D7,4,59,46,0.31,0.94,0.54,0.28,0.54,0.3,33.03
D9,15,79,128,0.28,0.51,0.3,0.24,0.29,0.49,14.34
D4,17,222,91,0.39,0.47,0.66,0.02,0.15,0.02,51.85
D2,16,100,101,0.13,0.67,0.32,0.35,0.99,0.91,21.48
D7,10,84,82,0.51,0.26,0.43,0.53,0.9,0.29,22.85
D6,16,119,36,0.69,0.32,0.05,0.28,0.64,0.03,63.56
D1,15,24,53,0.63,0.93,0.99,0.7,0.89,0.99,24.75
D11,22,47,91,0.8,0.68,0.51,0.41,0.94,0.31,20.77
D9,1,36,49,0.45,0.83,0.02,0.32,0.68,0.88,18.44
D9,3,22,66,0.52,0.27,0.54,0.94,0.52,0.45,11.32
D12,20,109,44,0.81,0.54,0.87,0.26,0.88,0.66,58.99
D2,6,70,77,0.43,0.97,0.77,0.4,0.57,0.24,29.66
D3,1,27,42,0.7,0.32,0.7,0.38,0.13,0.5,20.61
D5,5,67,32,0.43,0.16,0.14,0.24,0.37,0.26,38.21
D5,16,84,102,0.42,0.51,0.66,0.22,0.45,0.95,22.74
D1,6,50,55,0.76,0.39,0.77,0.3,0.94,0.06,27.35
D8,4,100,85,0.17,0.16,0.57,0.86,0.66,0.27,22.89
D12,4,53,38,0.34,0.89,0.89,0.77,0.88,0.89,38.14
D8,19,191,105,0.22,0.99,0.28,0.68,0.76,0.48,40.15
D4,15,32,98,0.36,0.57,0.24,0.46,0.31,0.6,9.73
D7,18,170,62,0.23,0.77,0.87,0.51,0.72,0.65,60.64
D11,8,130,74,0.58,0.86,0.63,0.27,0.2,0.07,44.34
D10,4,66,33,0.8,0.7,0.0,0.07,0.41,0.02,43.57
D3,7,229,101,0.79,0.04,0.35,0.33,0.81,0.94,45.55
D6,8,139,77,0.36,0.16,0.86,0.5,0.61,0.27,38.88
D10,4,25,56,0.99,0.07,0.03,0.06,0.83,0.38,11.2
D10,9,249,61,0.59,0.01,0.0,0.09,0.25,0.68,73.62
D12,1,81,81,0.4,0.31,0.28,0.26,0.75,0.24,20.47
D9,8,177,52,0.84,0.39,0.91,0.37,0.2,0.73,75.31
D1,10,65,126,0.73,0.24,0.9,0.39,0.55,0.46,19.65
D5,3,93,124,0.75,0.06,0.52,0.12,0.43,0.86,18.99
D4,21,34,100,0.2,0.53,0.55,0.23,0.56,0.28,10.99
D8,21,55,43,0.47,0.27,0.33,0.26,0.14,0.2,26.34
D11,21,97,32,0.86,0.8,0.24,0.07,0.36,0.83,66.24
D12,1,86,115,0.5,0.01,0.82,0.33,0.67,0.33,18.95
D1,22,38,128,0.68,0.84,0.11,0.07,0.56,0.41,13.41
D9,5,95,83,0.59,0.95,0.49,0.7,0.55,0.79,32.7
D6,13,88,39,0.84,0.72,0.63,0.39,0.51,0.64,54.64
D4,0,52,42,0.28,0.73,0.1,0.33,0.94,0.44,25.96
D12,17,228,100,0.58,0.93,0.52,0.13,0.93,0.25,53.61
D9,6,51,104,0.12,0.21,0.58,0.23,0.36,0.76,10.35
D11,0,43,64,0.69,0.99,0.74,0.23,0.35,0.18,27.59
D5,0,102,99,0.73,0.77,0.23,0.99,0.55,0.93,27.84
D5,0,59,83,0.04,0.73,0.29,0.84,0.1,0.15,15.79
D12,23,63,91,0.68,0.36,0.57,0.02,0.3,0.8,20.51
D5,3,118,97,0.41,0.55,0.98,0.62,0.23,0.42,33.2
D1,3,52,106,0.12,0.65,0.22,0.26,0.22,0.19,11.09
D1,17,185,85,0.42,0.62,0.99,0.1,0.64,0.4,51.7
D8,10,73,48,0.19,0.7,0.71,0.71,0.38,0.22,35.67
D12,0,62,41,0.42,0.08,0.83,0.13,0.17,0.14,33.03
D8,9,140,55,0.38,0.36,0.09,0.44,0.89,0.24,47.45
D12,8,141,76,0.74,0.43,0.3,0.63,0.87,0.87,40.63
D6,22,60,54,0.77,0.26,0.06,0.55,0.86,0.11,23.43
D12,3,22,32,0.61,0.17,0.37,0.98,0.39,0.97,16.19
D11,5,103,57,0.02,0.14,0.98,0.79,0.06,0.0,36.71
D4,15,42,77,0.93,0.37,0.11,0.77,0.11,0.66,15.97
D2,1,86,71,0.69,0.49,0.56,0.36,0.28,0.86,31.26
D2,22,107,69,0.03,0.06,0.01,0.01,0.22,0.93,22.41
D9,17,135,69,0.82,0.95,0.71,0.73,0.87,0.14,51.79
D5,9,140,81,0.2,0.77,0.2,1.0,0.99,0.7,35.53
D4,23,46,50,0.58,0.73,0.13,0.41,0.82,0.11,23.14
D10,23,32,115,0.47,0.17,0.34,0.99,0.73,0.35,7.09
D1,16,54,76,0.42,0.6,0.77,0.14,0.59,0.73,22.5
D7,12,105,57,0.89,0.53,0.11,0.3,0.77,0.35,40.94
D3,23,40,47,0.44,0.98,0.23,0.17,0.95,0.31,23.8
D6,17,160,109,0.08,0.75,0.01,0.48,0.6,0.12,27.7
D5,21,56,50,0.95,0.58,0.97,0.8,0.15,0.07,36.58
D5,12,33,118,0.92,0.85,0.59,0.34,0.16,0.12,19.82
D11,16,110,89,0.68,0.16,0.72,0.91,0.58,0.88,30.06
D5,4,42,124,0.47,0.02,0.65,0.54,0.33,0.01,9.67
D1,10,48,76,0.09,0.69,0.14,0.47,0.91,0.69,13.04
D1,6,49,119,0.79,0.1,0.59,0.79,0.61,0.77,14.15
D3,9,213,87,0.08,0.12,0.13,0.1,0.68,0.57,41.06
D12,16,102,56,0.07,0.74,0.4,0.77,0.01,0.73,37.62
D10,14,108,116,0.54,0.27,0.57,0.24,0.5,0.65,22.79
D4,17,222,64,0.16,0.63,0.56,0.28,0.43,0.46,69.23
D5,22,78,32,0.01,0.92,0.12,0.6,0.71,0.38,47.48
D2,21,29,108,0.42,0.32,0.03,0.9,0.38,0.94,4.98
D8,18,249,65,0.14,0.22,0.8,0.58,0.98,0.97,74.15
D11,1,36,112,0.16,0.11,0.73,0.65,0.67,0.65,8.07
D11,3,30,77,0.08,0.13,0.08,0.78,0.66,0.2,2.79
D2,2,24,98,0.21,0.06,0.13,0.26,0.92,0.45,1.13
D9,6,83,43,0.72,0.09,0.89,0.83,1.0,0.5,44.13
D2,23,69,55,0.81,0.43,0.77,0.42,0.2,0.76,34.54
D9,17,201,54,0.45,0.32,1.0,0.18,0.81,0.67,77.76
D7,9,136,65,0.51,0.71,0.25,0.35,0.16,0.51,45.0
D8,6,74,107,0.03,0.87,0.49,0.25,0.46,0.68,18.47
D11,7,230,105,0.07,0.78,0.24,0.23,0.1,0.02,43.3
D2,5,23,129,0.26,0.53,0.62,0.28,0.62,0.78,9.21
D7,21,67,46,0.54,0.1,0.12,0.18,0.47,0.21,26.75
D12,0,55,99,0.74,0.71,0.13,0.67,0.63,0.66,17.72
D6,3,99,122,0.61,0.36,0.07,0.58,0.68,0.11,17.46
D4,13,119,67,0.39,0.09,0.69,0.65,0.62,0.11,36.41
D7,16,81,77,0.12,0.84,0.49,0.34,0.29,0.04,25.66
D4,19,139,90,0.78,0.34,0.62,0.77,0.84,0.91,37.39
D2,17,165,78,0.36,0.22,0.88,0.13,0.55,0.6,45.33
D10,10,97,33,0.74,0.87,0.74,0.57,0.49,0.36,68.69
D12,20,63,85,0.51,0.9,0.46,0.28,0.99,0.79,23.8
D7,13,61,129,0.74,0.34,0.98,0.53,0.28,0.63,20.61
D8,8,243,94,0.91,0.35,0.46,0.32,0.53,0.62,56.37
D2,14,32,75,0.92,0.58,0.11,0.79,0.68,0.49,15.62
D5,11,101,62,0.54,0.73,0.99,0.89,0.13,0.01,43.74
D1,9,150,65,0.51,0.06,0.02,0.74,0.35,0.26,40.86
D7,18,208,103,0.27,0.59,0.55,0.18,0.8,0.11,43.1
D8,23,76,98,0.94,0.95,0.31,0.27,0.24,0.66,27.47
D6,18,199,87,0.46,0.26,0.5,0.92,0.49,0.25,46.29
D5,5,86,77,0.13,0.91,0.56,0.44,0.63,0.45,28.23
D6,19,205,85,0.43,0.95,0.24,0.94,0.67,0.35,52.26
D2,23,52,65,0.13,0.27,0.56,0.39,0.73,0.14,16.51
D1,5,52,60,0.5,0.75,0.76,0.95,0.87,0.96,27.4
D7,7,150,76,0.56,0.24,0.27,0.93,0.39,0.93,39.13
D7,0,110,101,0.34,0.74,0.38,0.66,0.71,0.08,26.43
D10,21,81,125,0.07,0.8,0.27,0.01,0.73,0.83,15.37
D11,16,45,95,0.94,0.25,0.82,0.4,0.3,0.49,20.17
D10,16,31,51,0.77,0.72,0.72,0.91,0.97,0.77,24.48
D2,23,36,36,0.84,0.81,0.87,0.89,0.87,0.15,34.55
D2,14,87,66,0.37,0.36,0.17,0.19,0.29,0.13,25.5
D1,6,57,125,0.76,0.17,0.07,0.4,0.68,0.89,10.54
D10,18,140,50,0.49,0.09,0.12,0.84,0.72,0.9,50.94
D8,21,44,71,0.2,0.58,0.16,0.58,0.43,0.47,13.01
D8,22,71,53,0.12,0.98,0.53,0.85,0.86,0.87,32.61
D1,2,72,85,0.35,0.82,0.97,0.83,0.69,0.67,28.24
D12,21,82,110,0.14,0.44,0.36,0.91,0.66,0.19,15.32
D11,10,27,88,1.0,0.54,0.96,0.12,0.22,0.33,21.61
D8,19,174,76,0.05,0.28,0.04,0.15,0.41,0.14,38.5
D9,18,181,67,0.44,0.16,0.93,0.08,0.43,0.77,56.76
D4,8,220,71,0.45,0.48,0.18,0.94,0.73,0.99,60.21
D1,9,145,51,0.3,0.46,0.91,0.48,0.62,0.55,60.66
D1,1,24,111,0.57,0.52,0.06,0.06,0.09,0.66,7.51
D3,0,22,120,0.15,0.95,0.95,0.32,0.31,0.75,15.19
D5,15,100,109,0.78,0.6,0.2,0.35,0.47,0.22,24.38
D5,17,199,100,0.33,0.61,0.3,0.81,0.74,0.34,40.99
D9,22,26,79,0.59,0.13,0.49,0.74,0.74,0.41,10.14
D10,16,33,67,0.72,1.0,0.38,0.69,0.49,0.59,21.34
D12,5,98,76,0.89,0.77,0.67,0.02,0.12,0.85,38.13
D2,13,52,72,0.84,0.88,0.97,0.91,0.29,0.25,31.0
D2,22,110,58,0.61,0.41,0.61,0.22,0.25,0.47,42.86
D6,14,76,34,0.39,0.5,0.72,0.63,0.78,0.75,48.92
D9,13,112,125,0.5,0.52,0.09,0.06,0.18,0.09,19.66
D1,23,79,99,0.77,0.19,0.63,0.08,0.46,0.51,22.27
D9,21,21,99,0.88,0.69,0.45,0.01,0.67,0.14,15.44
D9,2,62,33,0.1,0.9,0.89,0.57,0.96,0.54,44.93
D9,23,75,122,0.38,0.16,0.39,0.63,1.0,0.77,12.82
D5,22,78,118,0.78,0.09,0.68,0.05,0.95,0.24,19.38
D9,18,138,105,0.43,0.74,0.23,0.29,0.72,0.85,30.03
D11,11,22,119,0.33,0.27,0.26,0.85,0.75,0.33,4.26
D4,1,67,72,0.41,0.62,0.38,0.1,0.76,0.19,23.05
D2,2,110,129,0.6,0.7,0.3,0.22,0.86,0.47,23.37
D6,17,225,50,1.0,0.32,0.25,0.42,0.95,0.88,90.24
D4,0,76,82,0.49,0.82,0.05,0.84,0.45,0.07,22.53
D6,19,247,65,0.21,0.55,0.84,0.25,0.42,0.33,77.63
D3,20,70,104,0.16,0.87,0.06,1.0,0.46,0.65,15.37
D6,5,109,84,0.04,0.76,0.89,0.36,0.66,0.36,32.39
D2,4,20,119,0.56,0.87,0.13,0.39,0.78,0.07,10.4
D2,0,47,82,0.54,0.02,0.07,0.12,0.87,0.33,9.3
D9,18,187,58,0.21,0.24,0.56,0.68,0.46,0.82,61.6
D7,0,79,88,0.7,0.09,0.5,0.24,0.36,0.97,21.35
D3,20,41,37,0.74,0.44,0.49,0.63,0.98,0.04,28.72
D11,20,68,71,0.26,0.89,0.57,0.22,0.23,0.57,26.41
D1,15,46,68,0.34,0.47,0.29,0.39,0.22,0.11,15.52
D8,11,102,54,0.99,0.85,0.66,0.86,0.72,0.68,50.73
D6,21,57,114,0.37,0.33,0.5,0.74,0.18,0.01,13.2
D7,7,153,73,0.76,0.34,0.33,0.15,0.4,0.01,44.69
D9,15,79,112,0.45,0.9,0.83,0.61,0.29,0.78,26.0
D5,0,69,95,0.79,0.43,0.73,0.63,0.17,0.07,24.27
D1,3,33,82,0.77,0.79,0.39,0.09,0.58,0.31,18.3
D12,9,161,91,0.67,0.24,0.85,0.47,0.37,0.96,41.72
D10,10,115,121,0.85,0.95,0.92,0.26,0.46,0.99,35.48
D7,16,67,68,0.94,0.57,0.54,0.47,0.2,0.16,29.95
D5,22,59,71,0.58,0.76,0.21,0.78,0.77,0.56,22.51
D3,6,96,105,0.24,0.09,0.92,0.16,0.31,0.56,21.28
D12,11,27,108,0.4,0.49,0.19,0.12,0.34,0.45,7.49
D9,20,45,41,0.76,0.9,0.05,0.27,0.25,0.92,28.89
D1,6,62,80,0.65,0.88,0.33,0.95,0.43,0.75,24.33
D1,11,110,111,0.18,0.05,0.73,0.75,0.46,0.76,20.03
D1,14,119,92,0.05,0.3,0.92,0.02,0.53,0.27,28.45
D3,1,68,56,0.68,0.44,0.64,0.4,0.97,0.43,31.5
D12,13,28,68,0.25,0.17,0.95,0.26,0.9,0.49,13.14
D6,12,84,100,0.5,0.73,0.09,0.64,0.61,0.3,20.56
D10,3,109,100,0.75,0.18,0.06,0.46,0.04,0.09,22.12
D11,13,26,101,0.56,0.35,0.6,0.96,0.61,0.13,11.58
D3,13,99,96,0.08,0.66,0.97,0.22,0.09,0.18,27.67
D8,15,29,100,0.19,0.48,0.5,0.59,0.71,0.2,9.05
D10,6,104,82,0.22,0.74,0.05,0.7,0.39,0.24,25.59
D2,18,230,80,0.26,0.96,0.22,0.83,0.84,0.26,59.13
D9,1,106,86,0.57,0.12,0.24,0.41,0.94,0.46,24.2
D3,9,220,105,0.5,0.71,0.34,0.69,0.42,0.51,45.79
D5,17,215,88,0.2,0.23,0.04,0.3,0.46,0.31,42.25
D10,16,46,83,0.07,0.41,0.9,0.44,0.59,0.91,15.85
D8,4,23,117,0.17,0.03,0.52,0.9,0.2,0.55,3.19
D2,11,42,77,0.98,0.14,0.67,0.95,0.93,0.79,19.46
D6,5,102,71,0.47,0.32,0.07,0.72,0.43,0.92,27.31
D12,21,22,120,0.87,0.34,0.05,0.37,0.17,0.16,7.92
D5,8,132,77,0.85,0.9,0.59,0.82,0.76,0.43,46.04
D10,19,192,66,0.51,0.74,0.89,0.03,0.22,0.43,66.2
D9,0,50,39,0.71,0.97,0.53,0.1,0.14,0.35,36.89
D12,21,68,115,0.19,0.6,0.88,0.66,0.56,0.01,19.2
D5,14,113,50,0.69,0.24,0.81,0.29,0.67,0.82,50.57
D2,20,119,82,0.27,0.33,0.08,0.95,0.57,0.11,25.92
D5,5,106,105,0.83,0.32,0.2,0.44,0.66,1.0,23.96
D12,18,218,103,0.08,0.33,0.66,0.43,0.12,0.77,41.76
D4,17,186,69,0.77,0.67,0.44,0.68,0.48,0.58,59.88
D11,5,68,36,0.1,0.53,0.29,0.77,0.36,0.15,36.19
D7,12,48,77,0.88,0.39,0.42,0.48,0.97,0.52,19.98
D6,0,112,42,0.3,0.15,0.45,0.21,0.05,0.26,50.32
D2,22,22,31,0.65,0.02,0.91,0.77,0.3,0.25,20.55
D12,22,35,123,0.49,0.22,0.1,0.32,0.94,0.83,5.64
D11,12,25,74,0.37,0.11,0.28,0.18,0.98,0.38,6.16
D11,6,90,34,0.65,0.79,0.54,0.63,0.82,0.45,59.9
D5,14,75,100,0.95,0.11,0.7,0.09,0.08,0.84,22.95
D7,11,117,61,0.04,0.72,0.63,0.97,0.56,0.09,41.05
D11,0,68,42,0.92,0.39,0.94,0.63,0.4,0.59,43.46
D7,14,49,54,0.61,0.07,0.8,0.99,0.81,0.58,23.27
D5,3,104,89,0.81,0.81,0.56,0.34,0.06,0.43,34.52
D12,12,78,114,0.38,0.58,0.21,0.97,0.2,0.83,16.31
D9,22,47,87,0.47,0.24,0.45,0.15,0.49,0.94,13.57
D4,4,39,63,0.87,0.89,0.69,0.04,0.16,0.47,26.89
D11,1,24,111,0.41,0.05,0.84,0.03,0.69,0.46,8.89
D3,22,79,72,0.53,0.2,0.96,0.46,0.82,0.5,28.7
D4,0,76,86,0.02,0.75,0.61,0.08,0.7,0.72,21.92
D5,15,94,83,0.16,0.71,0.53,0.51,0.44,0.67,26.68
D6,22,100,74,0.64,0.29,0.02,0.33,0.88,0.22,26.57
D3,5,105,66,0.72,0.06,0.07,0.34,0.14,0.06,30.06
D2,22,103,77,0.58,0.86,0.16,0.64,0.26,0.95,32.3
D4,15,73,77,0.14,0.31,0.05,0.16,0.49,0.26,15.0
D5,13,25,63,0.45,0.2,0.4,0.77,0.06,0.64,9.91
D4,2,82,107,0.36,0.52,0.34,0.58,0.1,0.83,18.28
D11,14,67,52,0.5,0.91,0.64,0.91,0.4,0.3,35.54
D12,2,103,42,0.87,0.04,0.54,0.36,0.94,0.64,51.44
D3,22,66,73,0.78,0.77,0.6,0.98,0.91,0.11,29.38
D8,1,51,55,0.08,0.57,0.47,0.58,0.47,0.97,20.32
D10,0,72,43,0.89,0.43,0.28,0.97,0.14,0.06,38.5
D4,8,181,106,0.47,0.74,0.95,0.03,0.18,0.44,44.26
D2,8,165,57,0.74,0.97,0.09,0.73,0.38,0.54,62.81
D2,22,59,115,0.14,0.23,0.94,0.82,0.21,0.79,14.45
D1,6,41,45,0.67,0.14,0.31,0.05,0.08,0.12,20.03
D4,2,110,89,0.24,0.91,0.51,0.58,0.67,0.44,30.98
D10,17,189,59,0.44,0.67,0.11,0.8,0.58,0.3,63.15
D9,10,44,60,0.02,0.44,0.07,0.56,0.29,0.31,11.32
D11,6,40,120,0.15,0.57,0.43,0.06,0.78,0.78,9.67
D7,8,210,82,0.09,0.75,0.74,0.69,0.78,0.01,54.64
D12,0,50,119,0.24,0.77,0.27,0.06,0.49,0.75,12.46
D10,13,40,65,0.1,0.92,0.56,0.82,0.1,0.81,18.82
D7,19,194,53,0.69,0.43,0.28,0.04,0.92,0.9,73.22
D7,5,87,119,0.03,0.29,0.39,0.14,0.67,0.63,12.94
D8,6,23,38,0.62,0.64,0.91,0.28,0.25,0.33,24.06
D1,9,159,100,0.14,0.42,0.86,0.63,0.61,0.43,35.29
D10,6,64,33,0.95,0.59,0.52,0.98,0.41,0.97,47.61
D10,1,88,52,0.93,0.42,0.24,0.12,0.64,0.88,38.74
D8,3,35,51,0.23,0.15,0.19,0.14,0.47,0.46,10.83
D4,20,91,77,0.61,0.47,0.95,0.37,0.49,0.94,33.39
D4,16,81,126,0.03,0.69,0.2,0.84,0.74,0.82,13.25
D4,0,79,109,0.93,0.8,0.81,0.47,0.61,0.9,29.67
D6,9,134,65,0.52,0.49,0.37,0.32,0.08,0.68,43.6
D7,18,136,100,0.04,0.17,0.99,0.56,0.07,0.86,29.03
D6,14,84,38,0.34,0.41,0.37,0.26,0.31,0.89,43.95
D1,9,211,94,0.08,0.79,0.35,0.4,0.43,0.09,45.5
D12,18,176,52,0.39,0.41,0.64,0.33,0.28,0.97,68.51
D8,11,43,121,0.67,0.7,0.96,0.8,0.65,0.33,20.93
D10,23,29,102,0.47,0.51,0.98,0.92,0.2,0.44,16.22
D11,15,96,77,0.38,0.24,0.71,0.76,0.7,0.79,28.14
D7,8,164,103,0.12,0.8,0.75,0.44,0.77,0.66,37.63
D6,14,106,110,0.24,0.08,0.56,0.5,0.12,0.89,18.79
D6,16,90,45,0.1,0.52,0.76,0.13,0.65,0.4,42.47
D5,13,72,69,0.81,0.21,0.86,0.75,0.96,0.37,29.46
D6,17,229,69,0.14,0.07,0.49,0.6,0.19,0.03,60.49
D12,1,107,98,0.6,0.5,0.62,0.9,0.91,0.46,28.88
D9,3,64,35,0.34,0.5,0.54,0.2,0.61,0.72,39.31
D10,17,221,108,0.23,0.71,0.56,0.76,0.59,0.3,44.42
D9,6,88,78,0.64,0.74,0.89,0.68,0.05,0.46,34.61
D10,12,58,31,0.46,0.73,0.36,0.27,0.75,0.22,41.66
D8,14,58,50,0.4,0.41,0.21,0.67,0.48,0.77,23.69
D10,22,59,111,0.59,0.63,0.46,0.92,0.72,0.06,18.19
D9,21,73,41,0.49,0.58,0.21,0.92,0.81,0.71,37.51
D10,0,100,66,0.3,0.42,0.5,0.72,0.52,0.38,32.07
D8,10,57,44,0.56,0.6,0.9,0.05,0.26,0.04,35.76
D8,9,136,63,0.67,0.95,0.62,0.87,0.14,0.85,53.31
D1,4,69,94,0.03,0.19,0.86,0.66,0.16,0.49,16.4
D10,15,86,73,0.47,0.91,0.17,0.31,0.87,0.6,28.9
D11,10,50,72,0.06,0.05,0.9,0.19,0.12,0.73,15.03
D5,20,96,77,0.19,0.31,0.6,0.12,0.38,0.66,26.02
D4,5,101,110,0.56,0.29,0.03,0.05,0.33,0.73,17.95
D2,8,210,60,0.87,0.63,0.63,0.75,0.87,0.76,76.99
D8,12,103,39,0.88,0.13,0.95,0.24,0.48,0.59,59.61
D3,23,48,77,0.07,0.88,0.08,0.02,1.0,0.37,13.9
D4,7,227,66,0.42,0.83,0.58,0.4,0.74,0.24,73.11
D12,13,81,42,0.58,0.65,0.92,0.48,0.85,0.9,48.24
D7,23,63,76,0.15,0.46,0.01,0.17,0.1,0.97,13.91
D10,0,83,120,0.77,0.93,0.63,0.04,0.25,0.36,27.13
D9,16,72,119,0.74,0.83,0.47,0.19,0.14,0.11,22.86
D2,23,111,106,0.9,0.5,0.35,0.68,0.46,0.22,28.33
D3,4,95,73,0.01,0.7,0.63,0.08,0.72,0.67,29.24
D4,1,47,31,0.22,0.57,0.05,0.56,0.17,0.17,28.59
D10,23,76,86,0.83,0.59,0.75,0.15,0.13,0.78,29.19
D1,8,163,72,0.67,0.33,0.0,0.2,0.61,0.92,43.83
D7,3,77,81,0.89,0.46,0.31,0.39,0.23,0.96,25.73
D2,16,48,64,0.06,0.08,0.5,0.1,0.48,0.01,12.64
D5,16,94,77,0.6,0.36,0.38,0.17,0.05,0.96,27.75
D1,20,52,104,0.57,0.7,0.31,0.35,0.68,0.74,16.69
D3,17,202,63,0.04,0.95,0.83,0.33,0.54,0.08,68.73
D12,15,28,77,0.51,0.96,0.93,0.75,0.65,0.42,21.73
D2,7,196,78,0.61,0.56,0.87,0.07,0.28,0.7,57.98
D1,10,102,65,0.19,0.61,0.52,0.86,0.28,0.96,33.98
D7,20,115,100,0.27,0.19,0.88,0.82,0.8,0.16,26.45
D5,20,111,73,0.64,0.7,0.92,0.77,0.72,0.13,41.74
D1,17,211,109,0.47,0.07,0.41,0.31,0.58,0.47,37.33
D6,22,82,34,0.86,0.28,0.28,0.82,0.63,0.97,50.42
D5,23,106,115,0.34,0.67,0.1,0.18,0.09,0.97,20.13
D3,9,219,91,0.27,0.31,0.48,0.12,0.86,0.23,47.01
D12,12,95,69,0.98,0.05,0.95,0.04,0.77,0.32,36.52
D7,16,38,76,0.91,0.83,0.56,0.94,0.59,0.91,23.32
D11,17,194,52,0.03,0.31,0.67,0.31,0.92,0.73,70.93
D10,9,220,67,0.77,0.06,0.11,0.92,0.17,0.97,62.05
D9,15,69,59,0.11,0.07,0.14,0.27,0.69,0.89,17.42
D9,19,195,54,0.03,0.25,0.46,0.91,0.96,0.22,66.24
D9,4,112,126,0.27,0.18,0.95,0.9,0.31,0.76,22.2
D2,12,61,113,0.27,0.77,0.36,0.92,0.02,0.05,15.77
D3,17,223,91,0.82,0.32,0.88,0.5,0.73,0.82,56.65
D7,16,24,79,0.71,0.8,0.12,0.87,0.01,0.6,13.54
D5,8,214,107,0.98,0.17,0.62,0.95,0.87,0.96,46.06
D2,13,98,113,0.71,0.49,0.6,0.32,0.06,0.96,25.48
D3,16,27,60,0.42,0.69,0.86,0.42,0.65,0.05,19.36
D10,3,31,50,0.7,0.65,0.0,0.72,0.38,0.16,16.79
D6,17,223,76,1.0,0.6,0.19,0.3,0.2,0.48,63.44
D7,19,237,75,0.71,0.92,0.22,0.75,0.9,0.88,68.15
D9,23,52,55,0.76,0.23,0.95,0.07,0.75,0.81,28.21
D1,23,109,129,0.94,0.49,0.15,0.52,0.34,0.96,23.04
D11,14,59,94,0.11,0.88,0.04,0.12,0.28,0.62,13.98
D7,10,78,44,0.7,0.08,0.53,0.29,0.74,0.26,37.64
D8,11,20,40,0.85,0.06,0.53,0.26,0.84,0.03,15.4
D12,8,184,51,0.95,0.23,0.84,0.84,0.72,0.22,77.96
D3,12,84,124,0.21,0.63,0.95,0.19,0.64,0.68,21.89
D4,14,63,45,0.5,0.26,0.54,0.81,0.23,0.93,30.68
D10,14,41,47,0.68,0.19,0.93,0.79,0.85,0.32,25.57
D6,4,66,110,0.25,0.46,0.73,0.5,0.75,0.88,17.25
D10,22,49,39,0.6,0.61,0.26,0.23,0.52,0.39,29.61
D7,18,228,107,0.26,0.25,0.93,0.23,0.51,0.31,45.43
D4,19,191,70,0.33,0.3,0.67,0.46,0.57,0.51,55.14
D8,13,99,35,0.44,0.61,0.41,0.01,0.83,0.44,58.46
D5,16,86,70,0.53,0.95,0.68,0.53,0.74,0.91,35.45
D1,17,172,70,0.45,0.67,0.4,0.95,0.86,0.47,52.17
D4,20,96,47,0.49,0.78,0.11,0.15,0.51,0.28,43.25
D3,2,77,89,0.3,0.37,0.72,0.57,0.62,0.84,21.67
D9,1,107,56,0.16,0.27,0.82,0.96,0.85,1.0,39.63
D8,0,87,51,0.05,0.45,0.73,0.86,0.23,0.65,35.67
D1,9,153,89,0.2,0.81,0.23,0.85,0.44,0.25,36.01
D11,18,238,59,0.58,0.46,0.96,0.82,0.62,0.24,85.62
D6,16,85,69,0.79,0.85,0.03,0.31,0.92,0.06,31.0
D9,11,25,47,0.17,0.99,0.33,0.89,0.02,0.08,16.45
D7,0,100,116,0.11,0.07,0.26,0.94,0.21,0.91,12.87
D4,11,49,50,0.75,0.05,0.05,0.5,0.23,0.1,18.81
D1,16,81,39,0.31,0.15,0.41,0.35,0.33,0.48,39.19
D12,23,32,105,0.95,0.38,0.62,0.41,0.28,0.7,16.5
D2,2,28,97,0.71,0.13,0.88,0.33,0.59,0.85,14.09
D12,10,58,53,0.33,0.87,0.99,0.21,0.89,0.17,33.25
D5,16,53,90,0.29,0.02,0.81,0.62,0.64,0.44,14.1
D12,22,60,34,0.52,0.32,0.47,0.56,0.24,0.25,37.49
D11,2,98,79,0.08,0.18,0.72,0.46,0.86,0.26,24.8
D5,7,133,100,0.12,0.93,0.84,0.1,0.63,0.3,34.83
D8,19,181,107,0.18,0.67,0.47,0.8,0.22,0.59,36.24
D6,3,58,37,0.77,0.91,0.79,0.17,0.36,0.02,44.54
D8,20,64,117,0.51,0.97,0.48,0.11,0.79,0.41,21.06
D2,21,47,56,0.01,0.5,0.39,0.62,0.74,0.19,16.68
D3,6,84,63,0.67,0.23,0.53,0.4,0.58,0.97,30.65
D6,13,100,91,0.42,0.19,0.68,0.06,0.14,0.58,25.05
D12,13,81,67,0.51,0.22,0.73,0.36,0.8,0.87,28.64
D10,3,45,53,0.21,0.71,0.36,0.77,0.31,0.2,20.36
D3,15,58,50,0.55,0.04,0.57,0.62,0.77,0.81,24.98
D6,23,113,76,0.98,0.05,0.91,0.36,0.65,0.41,38.18
D6,21,67,42,0.07,0.61,0.98,0.19,0.26,0.18,37.59
D2,0,22,61,0.28,0.64,0.23,0.63,0.21,0.76,10.17
D7,16,54,48,0.24,0.67,0.19,0.89,0.13,0.76,23.78
D12,9,143,97,0.25,0.37,0.68,0.65,0.24,1.0,32.05
D2,21,105,110,0.38,0.81,0.41,0.81,0.16,0.78,25.25
D6,15,87,74,0.82,0.53,0.02,0.52,0.62,0.15,27.2
D1,15,38,93,0.91,0.11,0.35,0.72,0.6,0.32,13.08
D3,7,230,51,0.2,0.8,0.81,0.9,0.59,0.45,92.63
D2,6,98,95,0.54,0.95,0.8,0.77,0.64,0.13,33.02
D7,5,94,74,0.64,0.06,0.49,0.91,0.81,0.79,27.28
D4,15,106,103,0.52,0.39,0.47,0.43,0.91,0.53,24.59
D8,19,196,54,0.43,0.49,0.58,0.9,0.23,0.94,73.57
D6,15,22,67,0.19,0.15,0.22,0.62,0.59,0.59,4.14
D12,6,96,71,0.49,0.87,0.53,0.87,0.08,0.52,35.23
D10,8,212,89,0.4,0.28,0.01,0.04,0.12,0.07,43.15
D4,13,69,64,0.8,0.78,0.48,0.66,0.65,0.15,31.76
D5,10,43,117,0.76,0.67,0.34,0.85,0.49,0.85,16.0
D9,13,36,69,0.13,0.6,0.67,0.17,0.76,0.99,15.44
D7,6,93,95,0.09,0.19,0.64,0.66,0.43,0.42,19.44
D10,0,63,52,0.91,0.22,0.38,0.82,0.13,0.81,29.15
D9,12,25,95,0.54,0.05,0.01,0.29,0.87,0.63,3.31
D7,19,150,104,0.86,0.24,0.25,0.41,0.08,0.96,31.92
D12,2,54,58,0.06,0.35,0.63,0.57,0.19,0.24,19.66
D1,19,136,78,0.53,0.83,0.07,0.52,0.28,0.54,38.21
D12,3,72,66,0.54,0.37,0.11,0.04,1.0,0.41,22.42
D8,10,42,126,0.86,0.75,0.65,0.1,0.42,0.54,19.88
D4,1,27,105,0.1,0.44,0.76,0.1,0.5,0.27,9.64
D3,13,67,39,0.24,0.78,0.32,0.26,0.77,0.5,36.91
D7,11,98,53,0.41,0.98,0.49,0.25,0.64,0.62,44.29
D12,16,109,76,0.87,0.24,0.95,0.74,0.84,0.08,38.31
D3,11,72,68,0.94,0.86,0.95,0.57,0.49,0.74,37.75
D8,11,86,95,0.99,0.62,0.31,0.76,0.97,0.71,27.28
D6,0,25,50,0.96,0.82,0.81,0.07,0.8,0.88,25.99
D5,12,92,103,0.01,0.65,0.59,0.49,0.4,0.43,20.89
D4,13,55,32,0.05,0.42,0.98,0.32,0.38,0.06,37.93
D8,23,107,115,0.15,0.23,0.48,0.85,0.93,0.46,17.99
D8,1,97,71,0.35,0.07,0.77,0.71,0.68,0.14,29.05
D12,11,64,73,0.83,0.54,0.77,0.87,0.62,0.65,28.78
D1,20,110,62,0.89,0.99,0.5,0.05,0.76,0.05,47.52
D9,15,79,115,0.19,0.74,0.8,0.72,0.56,0.37,21.52
D5,3,112,112,0.62,0.33,0.26,0.54,0.16,0.08,22.49
D4,7,212,55,0.92,0.83,0.12,0.83,0.32,0.0,81.12
D6,1,102,106,0.46,0.77,0.43,0.51,0.56,0.96,25.94
D6,9,155,71,0.1,0.28,0.94,0.54,0.02,1.0,45.29
D2,8,150,85,0.46,0.01,0.5,0.05,0.44,0.56,34.36
D8,22,21,76,0.38,0.12,0.64,0.67,0.76,0.24,8.52
D7,14,49,56,0.58,0.88,0.62,0.27,0.16,0.91,28.2
D1,12,90,49,0.44,0.84,0.13,0.02,0.06,0.92,39.74
D5,22,69,124,0.02,0.3,0.39,0.07,0.84,0.85,9.72
D12,16,42,42,0.99,0.29,0.71,0.96,0.62,0.54,29.67
D6,15,100,33,0.54,0.79,0.97,0.35,0.18,0.07,69.9
D4,1,33,49,0.47,0.94,0.17,0.87,0.81,0.09,19.89
D2,19,142,52,0.95,0.78,0.41,0.96,0.66,0.9,62.92
D4,19,219,75,0.16,0.61,0.1,0.94,0.33,0.88,54.71
D1,13,101,125,0.19,0.24,0.24,0.88,0.38,0.43,13.99
D7,2,97,76,0.81,0.53,0.38,0.89,0.16,0.33,32.27
D2,22,22,30,0.26,0.23,0.54,0.29,0.84,0.64,15.93
D2,11,109,53,0.8,0.81,0.23,0.15,0.51,0.81,47.74
D9,7,242,84,0.27,0.39,0.23,0.64,0.56,0.73,54.18
D5,1,33,96,0.03,0.83,0.78,0.49,0.88,0.62,14.37
D2,3,32,76,0.52,0.38,0.96,0.1,0.02,0.23,17.82
D11,13,69,107,0.2,0.82,0.32,0.68,0.07,0.26,17.15
D9,15,104,55,0.76,0.33,0.69,0.56,0.16,0.72,44.14
D9,18,132,100,0.64,0.44,0.26,0.86,0.03,0.8,29.58
D1,1,59,97,0.92,0.62,0.93,0.61,0.66,0.12,26.88
D11,11,55,80,0.78,0.07,0.67,0.57,0.63,0.19,19.59
D3,13,20,62,0.18,0.95,0.8,0.44,0.21,0.68,16.65
D4,5,26,81,0.8,0.57,0.05,0.46,0.15,0.39,11.92
D7,12,30,56,0.64,0.51,0.6,0.95,0.15,0.56,18.92
D10,3,33,115,0.67,0.84,0.53,0.14,0.95,0.61,17.01
D4,21,99,75,0.83,0.87,0.29,0.45,0.69,0.78,35.56
D2,17,205,98,0.57,0.52,0.26,0.66,0.59,0.81,43.88
D7,11,29,53,0.47,0.93,0.58,0.43,0.32,0.28,21.24
D6,19,190,95,0.64,0.06,0.71,0.28,0.43,0.54,42.74
D3,21,37,115,0.3,0.11,0.03,0.29,0.09,0.12,2.92
D6,20,28,46,0.18,0.6,0.57,0.23,1.0,0.84,16.58
D11,18,231,89,0.62,0.35,0.17,0.34,0.76,0.85,51.22
D6,7,187,62,0.23,0.46,0.14,0.87,0.62,0.3,56.11
D12,6,69,35,0.08,0.33,0.62,0.51,0.59,0.16,38.72
D5,15,104,80,0.0,0.4,0.31,0.24,0.5,0.07,23.41
D4,18,165,56,0.61,0.82,0.44,0.38,0.26,0.57,64.4
D10,5,119,54,0.36,0.59,0.36,0.11,0.23,0.09,45.57
D12,19,140,93,0.75,1.0,0.65,0.9,0.55,0.68,42.75
D1,20,33,58,0.38,0.79,0.47,0.41,0.07,0.68,18.52
D10,10,93,79,0.49,0.27,0.96,0.98,0.07,0.61,30.45
D6,4,24,101,0.41,0.26,0.35,0.35,0.56,0.88,6.71
D2,15,88,117,0.65,0.34,0.74,0.84,0.92,0.38,22.72
D3,6,76,55,0.36,0.84,0.26,0.26,0.91,0.9,31.82
D8,4,25,45,0.96,0.03,0.51,0.08,0.01,0.04,16.98
D10,10,79,129,0.94,0.23,0.55,0.03,0.11,0.11,20.05
D6,14,31,104,0.85,0.9,0.33,0.61,0.58,0.41,17.58
D3,2,22,92,0.92,0.64,0.47,0.31,0.85,0.59,16.03
D7,4,83,91,0.45,0.23,0.28,0.44,0.95,0.03,18.57
D4,22,25,48,0.54,0.22,0.01,0.82,0.86,0.57,9.62
D9,20,37,109,0.74,0.86,0.22,0.25,0.68,0.31,15.95
D5,4,106,72,0.7,0.89,0.7,0.31,0.2,0.89,41.13
D3,8,230,58,0.89,0.26,0.77,0.85,0.07,0.53,83.62
D2,14,22,101,0.72,0.42,0.28,0.49,0.05,0.59,10.03
D11,2,57,97,1.0,0.83,0.41,0.83,0.61,0.95,24.38
D2,5,95,73,0.35,0.77,0.04,0.37,0.04,0.76,27.58
D3,16,114,118,0.83,0.81,0.24,0.4,0.74,0.44,28.04
D2,20,99,92,0.7,0.52,0.78,0.17,0.71,0.48,31.17
D4,7,171,103,0.69,0.91,0.61,0.92,0.08,0.65,43.85
D2,20,97,106,0.33,0.33,0.21,0.9,0.91,0.2,17.8
D10,10,90,105,0.79,0.16,0.26,0.98,0.52,0.09,19.86
D9,5,56,33,0.9,0.71,0.82,0.4,0.9,0.31,46.55
D2,7,131,84,0.22,0.54,0.21,0.82,0.9,0.78,30.58
D9,9,173,52,0.63,0.85,0.33,0.41,0.2,0.26,70.85
D6,23,87,105,0.39,0.08,0.66,0.45,0.38,0.13,18.6
D1,2,102,103,0.99,0.84,0.56,0.83,0.13,0.22,33.18
D4,22,81,30,0.48,0.29,0.46,0.18,0.77,0.68,53.97
D1,13,36,45,0.23,0.65,0.9,0.22,0.5,0.61,24.06
D6,22,28,82,0.38,0.04,0.22,0.31,0.93,0.69,5.12
D4,13,92,88,0.65,0.61,0.74,0.79,0.21,0.32,30.6
D3,9,248,58,0.08,0.72,0.16,0.37,0.69,0.9,80.5
D3,11,31,70,0.6,0.37,0.62,0.36,0.99,0.45,15.73
D9,5,34,95,0.93,0.22,0.87,1.0,0.67,0.51,18.13
D6,11,94,40,0.85,0.54,0.46,0.38,0.07,0.95,53.24
D9,22,27,84,0.07,0.83,0.72,0.25,0.59,0.98,13.77
D5,13,115,35,0.99,0.32,0.82,0.62,0.18,0.66,73.04
D2,1,72,49,0.7,0.25,0.14,0.8,0.03,0.94,30.03
D8,8,168,84,0.16,0.28,0.71,0.07,0.33,0.54,40.35
D5,9,201,99,0.01,0.95,0.92,0.62,0.27,0.31,47.63
D2,16,53,86,0.17,0.36,0.58,0.04,0.79,0.32,14.51
D4,16,38,100,0.84,0.0,0.19,0.53,0.37,0.56,9.42
D9,2,50,111,0.02,0.78,0.13,0.26,0.73,0.61,9.8
D4,18,169,63,0.23,0.7,0.26,0.31,0.02,0.44,53.28
D12,0,119,110,0.76,0.13,0.1,0.47,0.01,0.88,21.97
D12,11,56,73,0.59,0.98,0.51,0.93,0.03,0.43,26.21
D12,6,28,87,0.78,0.61,0.07,0.71,0.22,0.27,12.31
D4,3,39,121,0.75,0.5,0.22,0.94,0.37,0.01,12.41
D2,9,179,69,0.05,0.38,0.44,0.66,0.61,0.97,48.71
D12,12,55,56,0.89,0.9,0.47,0.01,0.99,0.82,31.83
D6,1,91,61,0.23,0.24,0.57,0.27,0.35,0.62,29.98
D11,9,130,66,0.55,0.29,0.71,0.91,0.06,0.83,43.47
D2,20,28,113,0.64,0.12,0.05,0.64,0.19,0.81,4.96
D12,21,64,125,0.17,0.76,0.08,0.98,0.9,0.93,11.67
D7,3,85,61,0.98,0.6,0.06,0.16,0.7,0.39,33.69
D3,17,174,58,0.49,0.61,0.42,0.3,0.79,0.55,62.17
D3,4,49,113,0.06,0.22,0.04,0.36,0.12,0.1,3.87
D5,18,167,109,0.94,0.65,0.75,0.33,0.13,0.97,42.69
D3,1,20,34,0.59,0.77,0.22,0.25,0.11,0.99,18.32
D2,11,82,128,0.7,0.36,0.94,0.44,0.86,0.79,23.15
D10,16,55,94,0.53,0.8,0.49,0.64,0.21,0.45,20.47
D9,9,207,58,0.83,0.35,0.45,0.31,0.64,0.5,73.65
D2,1,113,53,0.03,0.76,0.78,0.08,0.52,0.44,46.65
D11,5,23,107,0.27,0.03,0.71,0.71,0.54,0.29,6.2
D2,7,218,53,0.47,0.55,0.61,0.46,0.2,0.53,83.67
D8,18,154,59,0.08,0.97,0.94,0.56,0.64,0.05,59.32
D9,10,118,36,0.71,0.98,0.42,0.46,0.04,0.99,72.71
D7,11,32,97,0.39,0.28,0.81,0.89,0.99,0.42,12.64
D3,8,243,92,0.27,0.44,0.38,0.56,0.03,0.93,51.6
D9,1,76,65,0.0,0.06,0.84,0.92,0.05,0.72,22.75
D3,7,249,63,0.72,0.87,0.26,0.51,0.32,0.29,82.74
D5,10,101,101,0.83,0.57,0.29,0.29,0.83,0.22,26.91
D9,20,115,56,0.4,0.39,0.68,0.36,0.26,1.0,44.28
D12,3,56,116,0.56,0.11,0.21,0.52,0.47,0.77,9.93
D3,9,200,61,0.23,0.95,0.23,0.53,0.02,0.25,66.28
D7,20,44,96,0.62,0.53,0.31,0.69,0.08,0.07,14.82
D12,19,219,53,0.01,0.28,0.68,0.22,0.61,0.7,77.95
D1,15,119,108,0.49,0.35,0.89,0.66,0.19,0.3,29.15
D4,7,225,78,0.64,0.27,0.67,0.78,0.69,0.22,60.59
D4,3,93,114,0.92,0.6,0.83,0.68,0.79,0.73,29.59
D7,9,247,65,0.38,0.93,0.54,0.48,0.85,0.68,79.93
D8,11,38,58,0.77,0.86,0.07,0.99,0.13,0.48,20.65
D1,13,70,47,0.6,0.46,0.1,0.4,0.46,0.94,31.04
D5,15,77,73,0.93,0.83,0.55,0.11,0.95,0.68,33.63
D7,21,35,94,0.4,0.42,0.33,0.82,0.77,0.89,10.38
D12,17,241,51,0.32,0.25,0.22,0.21,0.12,0.19,87.21
D4,20,75,108,0.89,0.98,0.47,0.71,0.5,0.3,27.27
D4,21,47,94,0.05,0.3,0.67,0.18,0.92,0.1,11.54
D4,20,24,51,0.14,0.32,0.38,0.02,0.44,0.3,9.34
D12,11,119,42,0.08,0.99,0.8,0.16,0.84,0.97,62.32
D6,17,194,65,0.84,0.13,0.74,0.38,0.5,0.96,63.63
D7,6,105,93,0.01,0.76,0.73,0.11,0.11,0.76,27.54
D2,19,161,65,0.86,0.94,0.99,0.2,0.15,0.52,64.23
D5,23,70,108,0.45,0.51,0.3,0.76,0.05,0.78,16.47
D4,22,77,75,0.0,0.0,0.64,0.77,0.2,0.55,17.74
D3,6,71,92,0.4,0.38,0.86,0.82,0.89,0.0,22.25
D7,8,205,109,0.19,0.11,0.58,0.84,0.65,0.5,35.67
D11,0,84,110,0.62,0.42,0.79,0.42,0.74,0.6,23.85
D12,5,74,86,0.68,0.79,0.41,0.87,0.62,0.27,26.09
D6,5,111,100,0.49,0.44,0.59,0.53,0.39,0.2,27.37
D7,21,92,115,0.04,0.43,0.06,0.47,0.22,0.27,12.55
D5,11,45,41,0.66,0.56,0.99,0.72,0.93,0.62,33.49
D6,21,90,75,0.84,0.58,0.8,0.21,0.51,0.15,35.47
D5,11,66,108,0.72,0.86,0.87,0.79,0.48,0.72,26.75
D7,9,167,70,0.83,0.31,0.69,0.43,1.0,0.42,53.71
D2,22,33,31,0.2,0.82,0.19,0.13,0.38,0.35,23.68
D11,5,91,99,0.89,0.57,0.03,0.12,0.85,0.81,23.58
D5,16,52,35,0.32,0.3,0.86,0.16,0.86,0.51,33.92
D6,18,245,75,0.01,0.3,0.4,0.89,0.23,0.38,59.62
D6,17,232,90,0.84,0.36,0.26,0.99,0.09,0.88,53.84
D5,5,56,43,0.94,0.62,0.56,0.36,0.98,0.37,36.44
D10,23,56,37,0.66,0.23,0.42,0.29,0.43,0.86,32.87
D7,18,232,62,0.23,0.92,0.65,0.22,0.0,0.5,78.4
D10,9,142,89,0.25,0.57,0.48,0.82,0.5,0.21,34.28
D8,23,111,87,0.47,0.92,0.7,0.21,0.62,0.61,35.67
D7,7,147,106,0.9,0.05,0.85,0.92,0.78,0.29,35.04
D5,20,102,67,0.15,0.34,0.2,0.67,0.94,0.15,27.32
D1,23,51,115,0.83,0.02,0.33,0.9,0.92,0.09,11.97
D5,5,85,106,0.29,0.27,0.44,0.55,0.94,0.24,16.91
D10,20,106,54,0.81,0.86,0.96,0.69,0.03,0.74,53.29
D2,6,111,87,0.92,0.04,0.37,0.62,0.71,0.84,28.68
D5,23,94,62,0.43,0.44,0.38,0.83,0.23,0.86,32.36
D5,0,107,95,0.37,0.12,0.65,0.84,0.19,0.27,24.17
D2,17,159,66,0.8,0.42,0.42,0.59,0.8,0.66,52.39
D5,23,53,115,0.53,0.84,0.95,0.63,0.42,0.23,22.78
D4,19,198,97,0.68,0.62,0.89,0.92,0.92,0.62,50.68
D1,11,59,80,0.62,0.74,0.51,0.93,0.04,0.89,23.74
D3,15,99,42,0.15,0.35,0.64,0.66,0.8,0.04,46.83
D1,9,219,80,0.84,0.94,0.06,0.01,0.14,0.99,60.28
D12,9,245,88,0.2,0.71,0.7,0.1,0.18,0.83,59.02
D11,13,82,77,0.93,0.42,0.71,0.86,0.48,0.76,31.51
D5,19,216,97,0.25,0.43,0.36,0.08,0.4,0.69,43.51
D4,9,190,61,0.73,0.92,0.22,0.21,0.49,0.77,67.5
D7,9,207,105,0.28,0.58,0.92,0.23,0.94,0.99,45.62
D5,10,37,56,0.32,0.71,0.43,0.6,0.66,0.77,18.55
D10,22,47,111,0.31,0.42,0.65,0.58,0.29,0.35,13.44
D4,1,99,81,0.75,0.22,0.03,0.29,0.17,0.61,24.65
D2,19,145,62,0.56,0.72,0.41,0.21,0.42,0.34,51.56
D4,7,187,78,0.88,0.61,0.82,0.76,0.45,0.97,58.35
D12,22,28,55,0.31,0.5,0.39,0.94,0.6,0.9,13.36
D2,6,47,106,0.69,0.62,0.6,0.05,0.27,0.57,18.69
D8,7,165,58,0.75,0.21,0.21,0.13,0.77,0.78,56.09
D3,0,66,107,0.15,0.79,0.42,0.64,0.1,0.91,16.82
D9,20,70,105,0.4,0.95,0.93,0.8,0.56,0.24,26.21
D4,1,76,61,0.48,0.89,0.57,0.79,0.62,0.58,33.74
D6,17,231,52,0.36,0.32,0.9,0.72,0.21,0.48,89.27
D10,14,76,83,0.32,0.41,0.9,0.89,0.83,0.77,24.81
D5,0,35,91,0.69,0.81,0.94,0.22,0.62,0.38,22.49
D10,4,103,125,0.22,0.6,0.9,0.11,0.65,0.71,23.95
D1,1,75,52,0.71,0.55,0.0,0.62,0.5,0.4,31.1
D9,19,146,65,0.94,0.93,0.93,0.82,0.91,0.11,60.07
D1,2,57,101,0.57,0.54,0.14,0.58,0.69,0.11,14.84
D8,18,212,79,0.61,0.51,0.04,0.96,0.38,0.12,53.03
D9,17,187,83,0.07,0.04,0.06,0.8,0.24,0.03,35.99
D9,21,97,51,0.86,0.07,0.35,0.7,0.07,0.53,39.74
D1,17,237,66,0.29,0.01,0.62,0.06,0.17,0.67,67.52
D2,13,34,77,0.62,0.91,0.4,0.11,0.99,0.13,18.84
D12,23,51,106,0.98,0.41,0.03,0.78,0.41,0.61,14.87
D1,7,214,98,0.6,0.47,0.48,0.2,0.9,0.6,47.41
D10,11,59,126,0.72,0.85,0.44,0.03,0.17,0.15,20.07
D2,20,76,87,0.45,0.61,0.76,0.91,0.43,0.4,25.78
D10,9,220,84,0.06,0.61,0.28,0.89,0.96,0.76,49.91
D12,22,35,57,0.8,0.3,0.22,0.22,0.09,0.02,16.4
D8,19,227,96,0.03,0.83,0.26,0.78,0.59,0.15,46.79
D5,16,20,70,0.7,0.17,0.3,0.05,0.92,1.0,8.97
D12,10,67,60,0.02,0.05,0.6,0.29,0.95,0.73,19.67
D11,1,55,62,0.86,0.19,0.47,0.62,0.85,0.46,23.27
D7,3,52,111,0.16,0.27,0.34,0.76,0.86,0.63,8.66
D2,0,42,89,0.51,0.28,0.37,0.01,0.65,0.85,12.31
D8,14,106,108,0.6,0.67,0.37,0.33,0.22,0.84,26.11
D11,12,109,59,0.46,0.22,0.97,0.21,0.73,0.32,42.14
D6,7,218,94,0.34,0.68,0.23,1.0,0.98,0.49,47.15
D8,3,99,68,0.47,0.09,0.82,0.67,0.53,0.64,32.45
D1,9,241,94,0.31,0.15,0.71,0.41,0.26,0.07,50.91
D1,18,207,66,0.44,0.51,0.01,0.08,0.57,0.95,59.52
D12,17,141,78,0.36,0.92,0.99,0.6,0.69,0.43,47.12
D7,4,51,85,0.57,0.86,0.76,0.64,0.21,0.37,24.15
D8,18,153,101,0.24,0.97,0.68,0.82,0.72,0.91,38.23
D3,22,32,49,0.99,0.65,0.41,0.29,0.59,0.12,23.84
D5,21,98,85,0.5,0.68,0.56,0.98,0.61,0.04,30.19
D12,15,72,97,0.19,0.63,0.25,0.44,0.31,0.69,16.46
D1,0,73,63,0.48,0.62,0.04,0.3,0.16,0.39,24.77
D7,11,47,79,0.87,0.15,0.84,0.35,0.62,0.76,21.02
D5,23,21,123,0.02,0.54,0.9,0.52,0.59,0.07,9.53
D8,1,45,80,0.68,0.39,0.16,0.94,0.34,0.38,14.62
D8,20,66,55,0.55,0.44,0.79,0.74,0.3,0.24,31.42
D9,7,213,91,0.17,0.52,0.74,0.58,0.35,0.74,49.2
D7,17,221,105,0.82,0.13,0.18,0.16,0.49,0.23,42.1
D11,15,103,104,0.37,0.36,0.42,0.15,0.97,0.46,21.76
D1,4,93,90,0.29,0.06,0.42,0.5,0.76,0.82,19.06
D3,21,42,66,0.83,0.98,0.76,0.73,0.85,0.92,28.32
D8,12,60,81,0.64,0.12,0.84,0.75,0.51,0.72,21.31
D3,18,212,94,0.9,0.26,0.09,0.23,0.53,0.43,45.97
D8,2,101,78,0.63,0.89,0.56,0.1,0.2,0.57,35.93
D1,7,156,55,0.74,0.48,0.76,0.38,0.72,0.69,63.39
D5,11,93,95,0.84,0.14,0.79,0.92,0.42,0.87,27.26
D4,1,43,67,0.05,0.38,0.15,0.55,0.74,0.89,10.1
D5,10,47,57,0.78,0.12,0.53,0.32,0.41,0.93,21.29
D8,11,85,90,0.61,0.2,0.86,0.32,0.11,0.81,25.7
D10,17,175,54,0.07,0.05,0.32,0.13,0.17,0.15,56.66
D4,12,94,103,0.51,0.44,0.43,0.47,0.81,0.75,22.45
D11,4,62,88,0.08,0.81,0.8,0.79,0.26,0.81,21.47
D4,21,21,44,0.74,0.59,0.09,0.97,0.26,0.88,14.8
D3,11,56,100,0.55,0.61,0.86,0.5,0.93,0.92,21.85
D7,1,39,127,0.95,0.2,0.31,0.17,0.66,0.51,12.04
D3,4,54,63,0.18,0.34,0.0,0.68,0.11,0.66,13.51
D12,6,105,60,0.61,0.85,0.23,0.76,0.14,0.01,40.72
D3,23,106,48,0.21,0.09,0.09,0.07,0.27,0.57,37.19
D11,11,87,53,0.61,0.86,0.09,0.85,0.59,0.47,37.52
D10,15,103,68,0.72,0.48,0.69,0.83,0.75,0.96,38.23
D5,22,111,83,0.72,0.84,0.21,0.47,0.27,0.9,33.86
D5,7,168,66,0.82,0.32,0.93,0.56,0.87,0.8,58.86
D6,8,148,103,0.85,0.34,0.52,0.71,0.11,0.06,35.14
D8,14,67,64,0.08,0.75,0.46,0.68,0.21,0.4,24.09
D10,4,51,76,0.34,0.78,0.43,0.02,0.97,0.7,19.57
D6,12,66,93,0.69,0.23,0.69,0.12,0.13,0.03,20.83
D12,4,65,64,0.5,0.97,0.45,0.16,0.89,0.24,29.32
D1,10,113,46,0.19,0.08,0.13,0.76,0.7,0.89,41.85
D8,9,171,96,0.55,0.07,0.88,0.44,0.07,0.13,39.54
D8,19,158,55,0.41,0.6,0.43,0.55,0.48,0.05,59.09
D9,12,36,110,0.39,0.72,0.07,0.77,0.52,0.58,9.83
D9,8,143,73,0.81,0.96,0.53,0.34,0.93,0.95,50.18
D2,20,76,79,0.41,0.4,0.65,0.75,0.42,0.83,24.09
D2,13,76,90,0.03,0.03,0.28,0.44,0.45,0.97,11.62
D3,17,233,88,0.06,0.6,0.8,0.38,0.11,0.75,55.13
D1,14,74,125,0.86,0.29,0.67,0.33,0.64,0.44,20.6
D4,9,165,99,0.96,0.43,0.65,0.96,0.21,0.95,42.41
D4,23,56,43,0.69,0.49,0.42,0.77,0.08,0.43,31.65
D9,6,46,112,0.36,0.06,0.96,0.02,1.0,0.35,13.21
D9,7,160,95,0.94,0.49,0.27,0.96,0.27,0.45,39.6
D9,2,92,110,0.66,0.43,0.58,0.78,0.14,0.81,23.71
D10,14,102,73,0.84,0.71,0.31,0.15,0.7,0.92,35.79
D7,15,87,77,0.77,0.65,0.74,0.08,0.82,0.36,33.63
D2,3,76,104,0.38,0.19,0.05,0.31,0.06,0.46,12.1
D10,20,41,33,0.48,0.21,0.05,0.62,0.11,0.9,22.63
D5,5,100,101,0.19,0.25,0.81,0.62,0.09,0.05,22.68
D4,0,65,88,0.29,0.18,0.43,0.28,0.05,0.78,14.83
D12,3,53,40,0.78,0.66,0.34,0.45,0.66,0.45,33.72
D11,10,50,40,0.89,0.99,0.61,0.21,0.59,0.38,38.88
D8,11,75,67,0.72,0.65,0.7,0.05,0.66,0.45,32.61
D2,4,40,123,0.47,0.61,0.2,0.52,0.51,0.42,10.71
D6,22,29,55,0.09,0.41,0.19,0.35,0.82,0.76,9.0
D5,20,110,37,0.06,0.31,0.96,0.54,0.55,0.93,59.92
D12,15,27,89,0.37,0.91,0.59,0.95,0.92,0.49,15.74
D2,12,91,63,0.46,0.97,0.39,0.14,0.49,0.83,36.29
D11,12,35,42,0.61,0.5,0.8,0.0,0.79,0.73,25.87
D10,16,106,105,0.01,0.29,0.53,0.08,0.41,0.33,19.17
D1,6,110,51,0.99,0.77,0.24,0.46,0.44,0.59,51.06
D8,7,225,106,0.36,0.13,0.21,0.71,0.85,0.67,38.47
D2,12,46,93,0.85,0.77,0.4,0.58,0.11,0.02,20.64
D7,22,21,126,0.53,0.82,0.86,0.49,0.56,0.4,16.36
D9,15,45,121,0.13,0.12,0.06,0.35,0.73,0.99,2.64
D9,3,102,98,0.8,0.98,0.22,0.31,0.75,0.64,30.52
D8,7,226,69,0.71,0.99,0.89,0.38,0.59,0.33,77.09
D11,15,49,37,0.53,0.94,0.12,0.61,0.45,0.25,31.96
D12,20,57,90,0.51,0.5,0.63,0.17,0.26,0.21,19.7
D10,9,210,93,0.09,0.25,0.21,0.77,0.91,0.4,39.58
D9,11,84,96,0.66,0.58,0.61,0.58,0.37,0.19,26.08
D2,11,65,119,0.91,0.42,0.38,0.27,0.8,0.14,18.74
D6,4,114,101,0.09,0.21,0.1,0.5,0.03,0.36,17.41
D4,15,62,88,0.26,0.42,0.58,0.96,0.23,0.61,17.51
D4,0,65,101,0.9,0.66,0.68,0.02,0.35,0.15,25.41
D5,8,164,88,0.28,0.07,0.68,0.2,0.67,0.04,36.74
D12,11,111,80,0.65,0.33,0.64,0.45,0.32,0.03,33.4
D3,4,23,109,0.53,0.02,0.5,0.64,0.04,0.27,6.49
D1,21,96,113,0.6,0.75,0.52,0.21,0.17,0.19,25.8
D8,19,180,54,0.42,0.64,0.64,0.93,0.26,0.54,69.96
D5,21,74,49,0.3,0.06,0.69,0.64,0.18,0.46,30.41
D3,23,43,65,0.05,0.96,0.65,0.88,0.2,0.32,20.4
D10,2,53,83,0.74,0.02,0.59,0.33,0.77,0.83,17.13
D7,4,53,112,0.75,0.59,0.16,0.83,0.41,0.5,15.46
D7,1,36,34,0.67,0.78,0.21,0.38,0.41,0.09,27.72
D1,13,108,47,0.64,0.79,0.26,0.25,0.97,0.3,50.81
D12,1,74,82,0.24,0.03,0.92,0.91,0.45,0.97,20.51
D9,12,69,101,0.02,0.91,0.76,0.09,0.93,0.98,21.08
D2,6,110,108,0.81,0.92,0.55,0.94,0.3,0.25,32.68
D5,9,174,62,0.49,0.56,0.25,0.46,0.4,0.17,56.58
D5,12,35,115,0.31,0.48,0.11,0.99,0.4,0.5,6.83
D8,15,103,42,0.1,0.04,0.9,0.54,0.55,0.48,47.67
D8,13,39,95,0.06,0.56,0.89,0.76,0.58,0.41,14.4
D7,10,118,76,0.35,0.41,0.11,0.01,0.25,0.53,29.54
D7,9,248,68,0.8,0.77,0.8,0.5,0.79,0.23,81.9
D12,5,64,66,0.92,0.4,0.45,0.74,0.5,0.11,27.09
D11,3,73,35,0.9,0.68,0.32,0.78,0.01,0.57,48.83
D6,20,33,33,0.92,0.1,0.74,0.16,0.59,0.93,27.56
D6,0,105,84,0.91,0.13,0.61,0.42,0.8,0.14,31.15
D11,6,119,63,0.53,0.14,0.78,0.42,0.25,0.7,41.07
D9,23,46,36,0.22,0.05,0.07,0.1,0.04,0.44,19.6
D6,8,132,96,0.8,0.54,0.32,0.44,0.81,0.29,33.54
D12,7,226,51,0.21,0.79,0.32,0.81,0.98,0.85,86.68
D2,4,99,54,0.27,0.61,0.33,0.3,0.08,0.46,37.83
D2,18,189,64,0.23,0.57,0.5,0.43,0.94,0.58,59.28
D5,9,153,64,0.51,0.68,0.28,0.96,0.36,0.44,50.49
D4,10,114,43,0.32,0.34,0.44,0.03,0.94,0.08,51.88
D11,14,73,107,0.15,0.36,0.37,0.59,0.65,0.59,13.6
D2,5,25,107,0.45,0.31,0.74,0.74,0.89,0.42,11.05
D3,14,100,47,0.87,0.71,0.6,0.76,0.79,0.09,52.18
D7,4,39,91,0.57,0.16,0.65,0.72,0.03,0.6,13.54
D8,18,210,65,0.88,0.01,0.21,0.73,0.07,0.01,62.55
D12,21,59,68,0.2,0.6,0.33,0.06,0.53,0.21,19.32
D6,18,181,81,0.17,0.94,0.02,0.53,0.13,0.78,44.48
D11,9,237,58,0.58,0.61,0.11,0.78,0.46,0.04,80.14
D5,11,46,81,0.46,0.78,0.27,0.09,0.95,0.65,17.3
D1,21,116,92,0.66,0.67,0.07,0.01,0.29,0.95,29.04
D8,3,93,92,0.79,0.5,0.6,0.81,0.49,0.17,28.95
D3,17,146,98,0.75,0.72,1.0,0.71,0.38,0.42,43.11
D6,15,68,129,0.94,0.82,0.1,0.41,0.63,0.58,19.77
D3,7,210,67,0.4,0.22,0.82,0.94,0.19,0.45,63.9
D7,3,42,127,0.21,0.34,0.12,0.77,0.26,0.62,5.2
D7,22,91,42,0.55,0.22,0.67,0.97,0.86,0.4,46.09
D12,11,42,86,0.11,0.45,0.64,0.93,0.81,0.15,12.98
D9,1,81,83,0.29,0.89,0.9,0.48,0.79,0.09,30.06
D5,3,39,115,0.21,0.35,0.11,0.75,0.77,0.74,5.35
D8,4,71,52,0.4,0.37,0.32,0.67,0.46,0.24,28.11
D10,2,54,96,0.11,0.86,0.09,0.81,0.73,0.85,13.06
D10,8,163,82,0.03,0.52,0.41,0.79,0.39,0.74,38.38
D8,20,65,110,0.66,0.54,0.91,0.15,0.1,0.05,23.25
D1,17,174,68,0.61,0.86,0.78,0.23,0.39,0.2,60.76
D12,10,113,116,0.71,0.49,0.72,0.27,0.16,0.29,28.55
D5,2,34,107,0.66,0.68,0.53,0.82,0.39,0.59,16.01
D3,22,85,68,0.11,0.09,0.88,0.81,0.3,0.81,25.9
D1,1,37,99,0.29,0.18,0.45,0.5,0.6,0.06,8.29
D4,8,188,81,0.13,0.4,0.15,0.58,0.36,0.25,41.93
D8,13,40,69,0.84,0.49,0.84,0.83,0.71,0.38,23.59
D3,3,111,56,0.75,0.97,0.28,0.31,0.51,0.18,47.85
D10,8,131,82,0.2,0.97,0.05,0.05,0.92,0.55,33.59
D2,12,99,68,0.34,0.85,0.13,0.48,0.09,0.48,31.9
D11,17,215,105,0.97,0.32,0.61,0.91,0.69,0.32,48.13
D9,14,32,85,0.59,0.96,0.61,0.79,0.67,0.52,19.76
D10,9,195,63,0.8,0.69,0.26,0.37,0.95,0.36,66.04
D5,15,75,57,0.26,0.39,0.73,0.06,0.37,0.34,29.87
D7,11,83,100,0.21,0.7,0.77,0.64,0.31,0.27,23.69
D11,19,211,105,0.78,0.02,0.92,0.83,0.17,0.54,45.77
D11,4,60,129,0.69,0.15,0.58,0.66,0.27,0.44,14.58
D2,1,60,129,0.68,0.83,0.78,0.43,0.5,0.2,22.59
D9,9,237,53,0.55,0.65,0.75,0.12,0.84,0.01,93.22
D9,0,76,59,0.56,0.36,0.26,0.91,0.28,0.15,27.52
D4,6,107,113,0.74,0.5,0.31,0.28,0.16,0.04,24.64
D4,16,65,85,0.27,0.91,0.48,0.22,0.27,0.43,22.3
D6,15,50,117,0.35,0.63,0.02,0.82,0.1,0.23,10.02
D10,23,26,119,0.87,0.4,0.3,0.98,0.93,0.42,11.42
D10,2,96,83,0.31,0.12,0.47,0.66,0.87,0.33,22.52
D10,13,27,84,0.55,0.29,0.11,0.62,0.31,0.54,7.61
D6,9,198,93,0.7,0.98,0.13,0.32,0.25,0.72,48.8
D12,21,32,122,1.0,0.44,0.46,0.02,0.91,0.48,15.26
D1,6,39,107,0.44,0.47,0.73,0.19,0.0,0.06,14.75
D9,16,51,89,0.43,0.5,0.83,0.58,0.6,0.02,19.69
D2,5,69,56,0.84,0.88,0.55,0.15,0.92,0.21,36.52
D5,22,44,81,0.81,0.6,0.47,0.88,0.51,0.42,20.25
D9,21,87,50,0.73,0.69,0.38,0.19,0.0,0.04,41.55
D4,3,37,68,0.46,0.39,0.19,0.52,0.22,0.33,12.53
D11,16,34,82,0.32,0.03,0.15,0.51,0.92,0.89,5.18
D3,8,167,97,0.61,0.93,0.79,0.6,0.02,0.09,46.09
D7,3,71,117,0.88,0.95,0.47,0.33,0.39,0.95,25.29
D6,6,91,57,0.88,0.95,0.79,0.87,0.79,0.86,46.45
D8,22,104,45,0.11,0.94,0.7,0.44,0.84,0.83,51.6
D3,1,35,64,0.43,0.82,0.19,0.7,0.48,0.86,16.27
D5,16,36,102,0.46,0.68,0.51,0.64,0.23,0.08,14.63
D10,23,118,81,0.98,0.84,0.44,0.12,0.6,0.15,40.57
D4,7,222,88,0.68,0.6,0.42,0.62,0.26,0.13,55.04
D4,22,101,41,0.41,0.13,0.54,0.55,0.26,0.11,48.24
D4,14,102,77,0.03,0.39,0.98,0.9,0.81,0.33,30.22
D10,14,41,78,0.57,0.97,0.81,0.88,0.15,0.83,24.25
D8,7,181,64,0.1,0.35,0.9,0.15,0.01,0.25,57.44
D6,15,20,95,0.83,0.87,0.03,0.08,0.34,0.24,12.74
D3,18,193,57,0.75,0.09,0.14,0.29,0.49,0.68,64.3
D10,10,105,54,0.46,0.33,0.08,0.99,0.71,0.1,36.75
D5,1,85,102,0.43,0.35,0.26,0.02,0.78,0.36,17.86
D6,22,92,106,0.9,0.05,0.44,0.67,0.66,0.3,21.72
D5,23,89,123,0.29,0.12,0.64,0.61,0.63,0.85,15.93
D6,16,98,80,0.25,0.19,0.5,0.65,0.67,0.51,24.15
D8,15,72,44,0.94,0.84,0.9,0.22,0.27,0.65,47.74
D7,14,69,100,0.81,0.06,0.94,0.23,0.38,0.13,22.31
D5,12,94,67,0.82,0.3,0.16,0.43,0.62,0.93,30.56
D10,14,59,95,0.2,0.01,0.85,0.1,0.07,0.32,14.14
D6,3,58,103,0.14,0.7,0.48,0.07,0.3,0.71,15.46
D4,15,36,36,0.03,0.62,0.45,0.09,0.41,0.95,21.48
D12,11,58,97,0.24,0.64,0.78,0.57,0.53,0.51,19.23
D9,3,54,80,0.77,0.37,0.09,0.4,0.49,0.51,16.69
D4,2,66,65,0.24,0.21,0.88,0.29,0.72,0.12,23.88
D1,21,83,124,0.73,0.72,0.67,0.32,0.47,0.39,24.78
D7,16,108,42,0.25,0.81,0.88,0.21,0.9,0.85,58.14
D7,21,37,50,0.4,0.14,0.99,0.41,0.38,0.14,20.65
D4,17,241,50,0.98,0.49,0.52,0.2,0.53,0.92,100.0
D3,17,229,99,0.24,0.25,0.09,0.7,0.0,0.67,40.87
D8,22,27,77,0.38,0.17,0.17,0.12,0.31,0.42,6.03
D5,16,104,72,0.3,0.73,0.32,0.95,0.87,0.55,31.96
D10,11,72,114,0.11,0.54,0.1,0.09,0.33,0.15,11.48
D7,22,46,48,0.49,0.22,0.82,0.94,0.25,0.22,24.67
D4,20,42,79,0.38,0.31,0.3,0.83,0.54,0.29,11.84
D4,23,70,72,0.69,0.97,0.98,0.68,0.08,0.38,35.14
D8,3,118,80,0.82,0.85,0.7,0.91,0.53,0.92,41.92
D8,11,88,70,0.54,0.88,0.17,0.14,0.3,0.37,30.72
D2,22,91,40,0.03,0.46,0.48,0.18,0.38,0.52,43.76
D2,21,99,117,0.62,0.62,0.47,0.25,0.79,0.16,24.26
D3,20,104,81,0.06,0.38,0.49,0.24,0.66,0.74,25.14
D12,19,152,98,0.62,0.08,0.54,0.31,0.45,0.56,32.91
D12,14,57,76,0.69,0.4,0.03,0.58,0.58,0.44,17.06
D3,22,91,36,0.2,0.59,0.69,0.03,0.77,0.95,53.1
D1,15,85,123,0.82,0.29,0.49,0.38,0.75,0.89,20.39
D3,4,96,91,0.91,0.85,0.79,0.25,0.19,0.66,35.84
D6,20,106,58,0.81,0.15,0.82,0.61,0.3,0.92,42.98
D8,14,57,113,0.31,0.37,0.23,0.99,0.35,0.56,10.61
D12,16,52,58,0.59,0.12,0.05,0.52,0.19,0.83,16.45
D10,17,243,64,0.91,0.4,0.7,0.43,0.01,0.41,81.35
D6,4,42,32,0.32,0.04,0.98,0.37,0.17,0.09,29.44
D5,12,112,74,0.82,0.27,0.45,0.78,0.81,0.99,34.98
D4,18,137,71,0.01,0.4,0.26,0.07,0.55,0.17,34.64
D3,12,48,31,0.0,0.48,0.16,0.96,0.34,0.25,27.34
D4,17,234,98,0.76,0.54,0.29,0.42,0.61,0.16,51.54
D7,13,69,94,0.76,0.27,0.33,0.31,0.74,0.34,18.98
D1,3,39,81,0.79,0.52,0.42,0.97,0.35,0.29,17.73
D7,3,104,66,0.93,0.51,0.66,0.94,0.47,0.6,41.28
D1,19,201,76,0.12,0.32,0.27,0.64,0.06,1.0,48.17
D2,19,176,108,0.23,0.83,0.05,0.02,0.6,0.05,33.16
D4,18,228,55,0.9,0.55,0.37,0.75,0.36,0.78,86.02
D1,12,79,74,0.18,0.33,0.86,0.34,0.43,0.13,25.21
D11,11,63,112,0.68,0.95,0.5,0.39,0.42,0.02,22.91
D12,6,37,94,0.53,0.85,0.96,0.16,0.63,0.64,21.73
D11,11,44,56,0.08,0.98,0.5,0.52,0.57,0.87,21.77
D11,20,26,73,0.29,0.69,0.28,0.74,0.42,0.18,11.1
D9,3,48,124,0.52,0.38,0.19,0.27,0.02,0.34,10.1
D12,1,63,65,0.85,0.28,0.69,0.94,0.62,0.17,27.54
D6,1,38,35,0.71,0.66,0.54,0.19,0.88,0.91,30.51
D1,4,44,60,0.62,0.98,0.6,0.07,0.77,0.27,26.7
D1,22,28,113,0.5,0.63,0.76,0.64,0.98,0.44,14.9
D6,9,203,86,0.3,0.88,0.73,0.85,0.14,0.89,53.98
D4,9,156,62,0.12,0.33,0.04,0.95,0.22,0.55,43.78
D4,8,170,51,0.41,0.41,0.8,0.77,0.54,0.93,69.22
D11,12,104,126,0.03,0.91,0.53,0.2,0.24,0.93,21.67
D6,6,43,73,0.21,0.76,0.39,0.98,0.03,0.46,16.31
D12,4,117,89,0.43,0.98,0.54,0.92,0.4,0.58,35.1
D11,9,138,51,0.42,0.77,0.61,0.16,0.29,0.23,59.33
D7,9,248,105,0.04,0.45,0.15,0.56,0.26,0.99,42.32
D9,5,49,51,0.59,0.53,0.42,0.56,0.95,0.28,24.81
D10,18,239,60,0.55,0.9,0.34,0.44,0.24,0.78,82.76
D5,20,100,129,0.08,0.55,0.35,0.98,0.13,0.31,16.24
D9,7,142,56,0.94,0.26,0.09,0.06,0.13,0.31,51.5
D4,0,35,126,0.1,0.44,0.16,0.63,0.81,0.1,4.5
D10,16,64,94,0.85,0.52,0.16,0.21,0.71,0.56,19.56
D2,6,30,99,0.0,0.1,0.37,0.53,0.13,0.24,2.85
D3,13,39,128,0.88,0.74,0.89,0.78,0.22,0.15,21.66
D11,20,82,119,0.02,0.11,0.21,0.25,0.75,0.23,8.76
D1,20,31,91,0.76,0.4,0.42,0.39,0.27,0.25,13.76
D6,16,113,121,0.36,0.8,0.31,0.95,0.98,0.5,23.67
D6,8,220,91,0.74,0.47,0.79,0.76,0.54,0.39,55.86
D1,16,102,98,0.4,0.84,0.05,0.57,0.19,0.08,23.98
D11,4,77,34,0.07,0.34,0.2,0.22,0.86,0.54,40.25
D3,19,234,76,0.77,0.96,0.21,0.43,0.32,0.79,67.49
D5,7,157,75,0.07,0.21,0.99,0.77,0.29,0.57,43.17
D3,5,110,78,0.92,0.04,0.57,0.82,0.33,0.97,32.99
D10,10,40,30,0.05,0.87,0.14,0.24,0.77,0.1,27.25
D3,18,247,77,0.48,0.75,0.27,0.66,0.17,0.82,65.81
D10,3,77,108,0.72,0.23,0.17,0.1,0.38,0.51,16.38
D3,17,184,66,0.39,0.98,0.12,0.02,0.03,0.52,57.99
D5,0,45,113,0.22,0.5,0.8,0.55,0.83,0.52,14.27
D5,12,44,106,0.76,0.95,0.5,0.22,0.34,0.33,20.93
D4,13,52,118,0.78,0.51,0.63,0.08,0.25,0.32,18.73
D1,23,91,98,0.92,0.47,0.33,0.73,0.58,0.63,25.87
D5,0,25,52,0.38,0.45,0.55,0.5,0.7,0.04,14.5
D10,10,49,107,0.51,0.33,0.26,0.8,0.81,0.59,11.5
D5,16,73,116,0.36,0.53,0.31,0.66,0.35,0.72,15.58
D4,3,30,60,0.26,0.45,0.65,0.73,0.81,0.36,14.67
D6,11,25,40,0.75,0.04,0.15,0.31,0.46,0.22,13.1
D10,9,206,61,0.34,0.26,0.62,0.26,0.1,0.21,66.35
D4,5,85,82,0.43,0.21,0.85,0.6,0.85,0.08,25.74
D7,0,118,65,0.4,0.87,0.12,0.2,0.55,0.09,39.16
D7,6,36,57,0.71,0.6,0.9,0.82,0.6,0.17,24.91
D2,20,111,51,0.92,0.76,0.08,0.52,0.94,0.02,49.21
D3,15,26,44,0.67,0.96,0.35,0.23,0.56,0.27,22.05
D1,23,115,40,0.47,0.64,0.61,0.63,0.01,0.31,61.71
D8,13,43,96,0.78,0.98,0.56,0.95,0.87,1.0,22.55
D9,22,49,99,0.64,0.31,0.1,0.08,0.28,0.99,11.72
D4,19,195,63,0.06,0.19,0.8,0.11,0.5,0.19,59.59
D6,19,170,67,0.1,0.4,0.97,0.84,0.2,0.21,53.19
D9,5,70,73,0.04,0.47,0.18,0.11,0.3,0.49,16.95
D6,21,114,42,0.46,0.9,0.9,0.04,0.69,0.15,63.72
D12,4,109,41,0.83,0.56,0.56,0.35,0.43,0.5,59.84
D12,23,101,38,0.31,0.29,0.94,0.47,0.63,0.4,56.05
D12,20,104,77,0.38,0.74,0.18,0.57,0.82,0.32,29.78
D9,17,178,102,0.91,0.51,0.79,0.51,0.34,0.82,45.42
D4,14,75,69,0.84,0.16,0.06,0.91,0.57,0.83,22.71
D8,5,43,127,0.67,0.58,0.88,0.77,0.78,0.99,18.78
D9,18,201,93,0.27,0.91,0.67,0.98,0.72,0.22,49.76
D4,0,52,52,0.12,0.84,0.37,0.48,0.54,0.89,23.6
D5,0,96,83,0.02,0.59,0.19,0.08,0.38,0.54,21.6
D8,12,72,78,0.11,0.38,0.82,0.96,0.41,0.59,22.0
D12,2,97,107,0.29,0.09,0.6,0.0,0.43,0.9,18.65
D10,9,209,98,0.55,0.47,0.36,0.78,0.35,0.94,44.91
D6,20,79,119,0.06,0.75,0.44,0.03,0.7,0.73,16.67
D12,2,109,94,0.14,0.36,0.83,0.76,0.13,0.35,26.53
D7,8,161,106,0.18,0.24,0.34,0.94,0.97,0.49,27.9
D3,7,208,101,0.63,0.93,0.09,0.39,0.78,0.62,46.05
D7,2,40,47,0.62,0.82,0.91,0.24,0.3,0.83,30.24
D12,12,113,89,0.55,0.64,0.39,0.23,0.04,0.66,30.86
D8,5,32,53,0.25,0.14,0.35,0.49,0.71,0.37,10.87
D10,12,49,31,0.37,0.14,0.2,0.17,0.73,0.42,28.58
D6,22,102,54,0.1,0.1,0.9,0.67,0.96,0.05,37.84
D10,19,179,63,0.23,0.62,0.22,0.37,0.25,0.92,55.1
D9,19,135,61,0.9,0.12,0.64,0.32,0.08,0.09,48.97
D6,11,103,116,0.98,0.84,0.88,0.46,0.92,0.58,34.14
D12,12,49,59,0.65,0.99,0.03,0.54,0.26,0.87,23.61
D9,1,57,87,0.92,0.37,0.83,0.14,0.72,0.42,24.52
D4,20,113,70,0.64,0.45,0.41,0.71,0.06,0.8,36.47
D8,23,113,86,0.03,0.71,0.66,0.88,0.76,0.8,30.02
D11,22,55,93,1.0,0.94,0.37,0.28,0.13,0.06,25.1
D4,15,117,45,0.1,0.89,0.7,0.18,0.7,0.41,56.37
D2,22,107,107,0.68,0.06,0.25,0.76,0.53,0.69,20.47
D10,5,109,101,0.25,0.17,0.02,0.18,0.96,0.42,16.86
D11,18,143,80,0.39,0.75,0.95,0.04,0.04,0.55,45.09
D9,20,85,97,0.65,0.69,0.02,0.62,0.29,0.59,21.6
D5,12,84,84,0.44,0.13,0.82,0.24,0.07,0.15,24.15
D4,16,103,107,0.25,0.5,0.17,0.17,0.88,0.41,19.13
D2,22,59,54,0.33,0.78,0.39,0.98,0.59,0.03,26.87
D1,8,154,52,0.34,0.22,0.82,0.29,0.53,0.15,60.17
D11,16,88,55,0.96,0.87,0.21,0.9,0.13,0.51,41.18
D7,1,59,67,0.8,0.05,0.87,0.18,0.49,0.57,24.99
D6,18,167,53,0.46,0.78,0.5,0.82,0.4,0.15,66.97
D2,18,136,79,0.2,0.62,0.37,0.5,0.32,0.76,35.59
D8,23,49,48,0.81,0.32,0.66,0.08,0.77,0.37,28.21
D11,6,54,62,0.16,0.72,0.34,0.73,0.06,0.92,20.21
D4,21,52,107,0.21,0.78,0.35,0.89,0.65,0.39,14.23
D8,9,167,59,0.37,0.93,0.73,0.16,0.82,0.15,63.74
D7,9,186,77,0.88,0.37,0.31,0.73,0.91,0.76,51.78
D5,19,207,85,0.13,0.69,0.2,0.45,0.75,0.57,47.17
D10,8,167,65,0.12,0.6,0.81,0.75,0.28,0.39,54.33
D10,16,40,121,0.49,0.53,0.81,0.71,0.6,0.36,15.88
D12,14,116,35,0.28,0.89,0.5,0.03,0.14,0.15,69.33
D8,1,60,44,0.57,0.0,0.53,0.18,0.12,0.34,28.17
D9,3,22,72,0.45,0.28,0.7,0.47,0.64,0.03,11.73
D5,18,176,84,0.43,0.54,0.51,0.93,0.85,0.5,45.14
D10,16,33,95,0.11,0.18,0.42,0.34,0.07,0.9,5.87
D5,4,48,33,0.14,0.91,0.99,0.63,0.11,0.8,38.5
D2,6,45,41,0.82,0.65,0.15,0.01,0.57,0.03,28.06
D5,17,131,66,0.89,0.48,0.59,0.71,0.22,0.88,47.53
D3,20,54,39,0.23,0.81,0.89,0.6,0.61,0.45,36.2
D7,21,105,72,0.11,0.45,0.69,0.72,0.21,0.19,31.3
D10,6,40,44,0.05,0.56,0.88,0.9,0.12,0.75,23.4
D5,16,54,114,0.61,0.0,0.34,0.15,0.55,0.32,10.41
D8,6,104,114,0.72,0.37,0.27,0.26,0.86,0.25,22.26
D1,3,79,73,0.37,0.14,0.85,1.0,0.69,0.16,25.39
D3,7,225,104,0.68,0.69,0.39,0.16,0.82,0.49,48.97
D3,12,24,102,0.71,0.48,0.71,0.72,0.27,0.09,14.77
D9,3,37,50,0.94,0.3,0.15,0.73,0.89,0.79,19.36
D5,5,91,127,0.06,0.47,0.76,0.68,0.38,0.47,18.01
D12,4,93,80,0.19,0.21,0.55,0.23,0.85,0.45,23.09
D9,11,60,53,0.07,0.93,0.27,0.22,0.47,0.0,25.48
D9,3,43,125,0.87,0.05,0.49,0.67,0.27,0.82,12.26
D1,23,116,67,0.79,0.87,0.7,0.19,0.26,0.49,46.54
D2,8,173,106,0.57,0.51,0.01,0.66,0.57,0.44,33.02
D5,3,78,63,0.08,0.62,0.64,0.49,0.08,0.76,28.07
D4,18,204,80,0.27,0.3,0.54,0.39,0.93,0.06,50.11
D10,23,101,52,0.3,0.97,0.22,0.3,0.27,0.37,42.42
D9,13,105,72,0.56,0.28,0.75,0.95,0.34,0.58,34.43
D7,4,101,69,0.26,0.59,0.3,0.51,0.23,0.46,30.48
D6,17,176,90,0.07,0.99,0.28,0.56,0.0,0.18,41.28
D7,9,176,88,0.73,0.88,0.47,0.95,0.69,0.3,48.91
D1,18,149,62,0.3,0.54,0.68,0.65,0.59,0.3,51.18
D1,11,84,97,0.45,0.99,0.93,0.96,0.81,0.99,30.7
D8,17,153,85,0.13,0.7,0.14,0.11,0.04,0.33,35.01
D2,16,55,74,0.8,0.21,0.4,0.85,0.93,0.21,19.61
D12,23,21,57,0.57,0.41,0.07,0.34,0.33,0.82,9.39
D10,10,45,52,0.9,0.33,0.76,0.81,0.91,0.42,27.19
D11,2,98,65,0.5,0.34,0.45,0.86,0.11,0.44,32.58
D9,22,110,35,0.94,0.76,0.71,0.27,0.74,0.55,72.99
D7,16,54,67,0.89,0.58,0.32,0.41,0.58,0.6,24.26
D6,0,54,129,0.58,0.04,0.84,0.73,0.36,0.59,14.09
D1,14,93,123,0.93,0.88,0.53,0.1,0.08,0.03,28.4
D1,8,182,90,0.32,0.3,0.94,0.76,0.6,0.82,44.53
D2,14,57,122,0.37,1.0,0.08,0.11,0.03,0.19,14.89
D6,23,78,72,0.05,0.95,0.51,0.91,0.5,0.29,26.79
D6,2,23,34,0.59,0.94,0.77,0.28,0.6,0.17,26.57
D2,21,87,129,0.72,0.81,0.6,0.58,0.73,0.77,24.97
D1,18,174,65,0.77,0.22,0.02,0.12,0.99,0.58,51.52
D10,12,44,107,0.15,0.53,0.97,0.27,0.26,0.76,15.7
D5,11,30,58,0.44,0.22,0.3,0.4,0.32,0.65,11.3
D5,19,163,71,0.18,0.26,0.25,0.49,0.34,0.1,41.56
D2,0,33,53,0.66,0.61,0.49,0.0,0.73,0.3,20.61
D6,20,78,68,0.16,0.04,0.54,0.89,0.93,0.51,20.87
D9,16,45,72,0.9,0.97,0.77,0.01,0.97,0.3,28.75
D2,12,55,68,0.23,0.92,0.39,0.77,0.95,0.21,22.01
D10,0,80,45,0.29,0.38,0.44,0.47,0.88,0.87,35.89
D2,9,231,108,0.85,0.52,0.53,0.52,0.99,0.75,49.81
D3,14,115,35,0.46,0.47,0.39,0.21,0.38,0.35,65.59
D7,6,117,85,0.02,0.88,0.91,0.61,0.95,0.77,34.95
D6,21,27,123,0.49,0.69,0.85,0.54,0.76,0.63,15.67
D12,17,156,56,0.08,0.28,0.45,0.16,0.17,0.0,51.69
D8,15,46,118,0.99,0.45,0.0,0.24,0.05,0.38,13.38
D8,13,65,70,0.59,0.43,0.9,0.07,0.21,0.29,27.71
D6,17,208,74,0.26,0.96,0.12,0.07,0.78,0.22,57.03
D12,6,105,47,0.56,0.18,0.24,0.01,0.63,0.25,43.09
D11,16,31,116,0.08,0.09,0.15,0.22,0.22,0.94,0.81
D10,17,180,94,0.8,0.88,0.18,0.68,0.74,0.49,45.32
D3,11,58,118,0.93,0.9,0.8,0.32,0.14,0.85,26.2
D3,7,139,79,0.87,0.87,0.58,0.34,0.82,0.21,46.69
D1,21,93,127,0.34,0.51,0.96,0.13,0.79,0.17,23.09
D7,1,96,83,0.33,0.66,0.23,0.58,0.97,0.89,25.47
D5,6,48,70,0.04,0.56,0.49,0.34,0.15,0.5,15.6
D4,3,28,92,0.65,0.07,0.98,0.68,0.91,0.9,14.2
D10,17,206,86,0.53,0.6,0.83,0.74,0.34,0.06,55.09
D4,5,33,102,0.46,0.01,0.73,0.58,0.42,0.92,9.95
D4,8,201,88,0.91,0.32,0.19,0.28,0.47,0.42,48.07
D6,8,169,103,0.17,0.93,0.77,0.51,0.63,0.16,40.36
D8,13,22,84,0.01,0.3,0.35,0.25,0.99,0.68,3.84
D8,7,249,96,0.07,0.94,0.53,0.9,0.6,0.8,54.87
D5,18,233,82,0.22,0.25,0.61,0.77,0.93,0.05,55.2
D6,2,115,100,0.03,0.31,0.61,0.49,0.26,0.99,22.86
D4,17,148,83,0.5,0.63,0.73,0.97,0.4,0.7,42.89
D12,4,97,79,0.31,0.76,0.66,0.55,0.5,0.32,31.47
D11,13,66,75,0.18,0.5,0.07,0.33,0.32,0.15,16.05
D9,3,75,86,0.75,0.88,0.46,0.1,0.98,0.39,28.24
D8,6,102,80,0.2,0.04,0.66,0.54,0.73,0.22,24.7
D10,19,183,108,0.69,0.92,0.3,0.86,0.48,0.49,41.72
D12,11,109,110,0.35,0.2,0.31,0.87,0.75,0.78,19.1
D10,1,47,48,0.51,0.88,0.12,0.6,0.47,0.66,24.87
D1,10,46,77,0.93,0.4,0.42,0.39,0.02,0.44,20.05
D2,13,38,126,0.04,0.83,0.99,0.65,0.54,0.12,15.62
D9,21,70,36,0.5,0.67,0.29,0.76,0.63,0.96,42.18
D8,22,48,72,0.85,0.18,0.53,0.41,0.98,0.27,19.58
D3,15,88,123,0.59,0.92,0.74,0.48,0.04,0.28,26.83
D8,19,242,92,0.28,0.25,0.01,0.68,0.51,0.65,46.34
D12,5,77,37,0.4,0.24,0.9,0.88,0.1,0.77,45.43
D1,22,61,105,0.68,0.81,0.39,0.79,0.15,0.98,20.95
D10,3,61,42,0.89,0.11,0.87,0.02,0.61,0.97,36.9
D4,14,45,47,0.04,0.22,0.04,0.12,0.23,0.91,13.33
D3,23,61,80,0.07,0.5,0.15,0.85,0.75,0.44,13.61
D6,0,103,45,0.33,0.83,0.32,0.83,0.51,0.17,48.71
D7,6,22,120,0.23,0.15,0.35,0.39,0.22,0.58,3.04
D4,11,98,127,0.26,0.55,0.85,0.58,0.49,0.02,22.43
D7,9,174,71,0.22,0.71,0.01,0.91,0.0,0.2,46.71
D9,4,42,88,0.2,0.86,0.64,0.91,0.86,0.0,17.38
D11,11,81,97,0.13,0.94,0.13,0.78,0.01,0.18,19.36
D2,17,244,103,0.93,0.78,0.82,0.21,0.01,0.47,59.85
D11,9,186,90,0.14,0.65,0.78,0.73,0.61,0.39,45.44
D3,5,42,89,0.2,0.43,0.5,0.1,0.97,0.37,12.03
D5,11,92,117,0.25,0.11,0.21,0.89,0.86,0.83,12.67
D3,6,104,84,0.93,0.71,0.63,0.15,0.25,0.67,36.63
D11,17,246,65,0.76,0.99,0.16,0.66,0.2,0.94,80.2
D8,1,82,85,0.79,0.74,0.19,0.61,0.63,0.45,26.54
D12,9,184,74,0.1,0.02,0.63,0.78,0.82,0.27,45.62
D10,14,45,78,0.84,0.5,0.99,0.55,0.36,0.12,25.01
D8,11,82,74,0.41,0.61,0.89,0.06,0.43,0.67,30.93
D8,16,92,108,0.26,0.69,0.59,0.71,0.12,0.84,22.8
D12,3,58,126,0.58,0.72,0.54,0.38,0.15,0.18,18.36
D12,6,84,98,0.82,0.56,1.0,0.32,0.57,0.88,30.63
D9,8,185,58,0.78,0.22,0.55,0.99,0.1,0.53,65.93
D4,18,237,55,0.89,0.94,0.42,0.59,0.2,0.14,92.99
D5,22,47,74,0.93,0.7,0.91,0.71,0.23,0.64,28.02
D5,6,45,57,0.24,0.24,0.23,0.53,0.44,0.52,14.01
D8,22,59,44,0.42,0.32,0.1,0.77,0.05,0.03,25.36
D7,1,25,56,0.01,0.92,0.63,0.75,0.5,0.4,15.52
D9,5,57,97,0.88,0.89,0.1,0.66,0.93,0.78,20.98
D8,17,204,70,0.15,0.41,0.37,1.0,0.02,0.56,55.16
D2,5,83,59,0.86,0.04,0.42,0.46,0.63,0.28,30.99
D10,12,101,128,0.33,0.05,0.55,0.71,0.84,0.93,16.03
D12,18,132,61,0.37,0.28,0.99,0.8,0.31,0.24,47.88
D4,1,110,59,0.04,0.63,0.22,0.38,0.13,0.25,35.46
D6,11,104,67,0.33,0.58,0.38,0.46,0.04,0.35,33.4
D12,14,104,89,0.89,0.63,0.13,0.97,0.64,0.89,29.65
D2,13,57,44,0.03,0.72,0.61,0.03,0.55,0.51,29.31
D7,5,37,81,0.41,0.02,0.73,0.34,0.23,0.68,12.03
D3,17,158,97,0.03,0.11,0.48,0.49,0.83,0.98,28.64
D3,4,79,50,0.37,0.36,0.25,0.0,0.74,0.78,31.05
D11,17,146,90,0.17,0.15,0.62,0.9,0.28,0.17,31.46
D2,2,37,86,0.25,0.08,0.54,0.29,0.75,0.79,8.87
D11,2,56,89,0.88,0.64,0.17,0.26,0.24,0.75,20.08
D8,21,57,41,0.44,0.82,0.41,0.82,0.68,0.23,33.91
D6,21,94,113,0.27,0.75,0.44,0.28,0.12,0.33,21.7
D1,9,202,50,0.59,0.82,0.98,0.66,0.69,0.71,89.32
D12,18,187,52,0.14,0.67,0.85,0.82,0.24,0.24,74.43
D1,2,82,50,0.26,0.74,0.73,0.79,0.57,0.21,39.06
D7,11,42,38,0.55,0.27,0.89,0.78,0.17,0.7,29.03
D8,15,102,84,0.24,0.99,0.74,0.09,0.73,0.88,33.43
D5,16,38,91,0.68,0.18,0.9,0.08,0.06,0.08,16.83
D12,6,106,120,0.49,0.21,0.05,0.31,0.17,0.45,16.11
D11,12,110,68,0.77,0.29,0.46,0.04,0.18,0.61,36.72
D5,23,119,105,0.95,0.98,0.75,0.5,0.04,0.68,38.48
D4,1,46,75,0.12,0.99,0.58,0.39,0.75,1.0,19.79
D6,3,53,62,0.33,0.79,0.18,0.56,0.98,0.68,20.65
D6,9,221,80,0.32,0.63,0.34,0.3,0.78,0.62,55.68
D3,6,115,79,0.15,0.52,0.32,0.49,0.86,0.99,28.86
D9,23,39,69,0.81,0.97,0.26,0.33,0.01,0.06,22.13
D12,16,118,124,0.76,0.7,0.34,0.2,0.12,0.07,27.03
D11,19,187,80,0.48,0.94,0.51,0.65,0.56,0.56,53.74
D7,5,57,115,0.54,0.32,0.85,0.67,0.98,0.36,17.81
D1,18,174,90,0.06,0.33,0.74,0.83,0.66,0.1,38.94
D7,4,28,38,0.56,0.85,0.84,0.87,0.37,0.31,27.22
D5,9,192,64,0.79,0.15,0.88,0.7,0.15,0.67,64.93
D5,8,206,71,0.57,0.95,0.42,0.69,0.15,0.88,64.22
D2,12,35,61,0.27,0.51,0.35,0.06,0.36,0.09,13.91
D4,18,195,75,0.67,0.93,0.06,0.11,0.71,0.54,56.09
D12,20,33,67,0.36,0.34,0.93,0.81,0.03,0.3,17.02
D6,23,117,37,0.54,0.72,0.07,0.23,0.85,0.67,63.4
D10,5,119,50,0.49,0.48,0.74,0.36,0.94,0.55,52.5
D11,3,75,75,0.38,0.63,0.38,0.15,0.89,0.93,24.15
D7,23,62,121,0.72,0.5,0.95,0.2,0.91,0.04,22.35
D11,2,65,77,0.88,0.97,0.42,0.78,0.02,0.47,29.38
D5,2,89,113,0.01,0.69,0.82,0.26,0.98,0.19,21.44
D9,3,50,62,0.93,0.25,0.28,0.45,0.37,0.54,21.23
D3,4,63,100,0.51,0.91,0.3,0.15,0.87,0.85,20.38
D1,7,137,58,0.7,0.29,0.6,0.68,0.19,0.91,51.07
D4,15,21,46,0.86,0.37,1.0,0.73,0.45,0.4,21.88
D9,21,71,74,0.47,0.1,0.52,0.36,0.04,0.81,20.64
D4,2,56,71,0.83,0.9,0.94,0.78,0.04,0.28,32.04
D2,23,63,110,0.18,0.29,0.79,0.24,0.94,0.01,15.09
D10,11,57,128,0.16,0.26,0.8,0.69,0.81,0.86,12.37
D5,7,240,88,0.66,0.92,0.44,0.73,0.53,0.12,61.75
D3,12,113,35,0.87,0.81,0.39,0.97,0.53,0.02,71.44
D12,3,87,80,0.89,0.14,0.19,0.23,0.75,0.35,24.2
D9,13,54,87,0.64,0.77,0.96,0.09,0.34,0.38,26.19
D4,13,76,102,0.53,0.91,0.96,0.26,0.76,0.08,28.75
D6,12,25,42,0.33,0.08,0.75,0.12,0.49,0.81,14.58
D2,5,78,115,0.98,0.83,0.3,0.17,0.64,0.41,24.85
D6,16,111,59,0.32,0.55,0.25,0.33,0.96,0.49,37.89
D3,3,119,31,0.74,0.67,0.99,0.41,0.47,0.26,85.71
D12,7,187,85,0.53,0.49,0.07,0.9,0.42,0.51,43.48
D12,16,91,74,0.61,0.7,0.84,0.2,0.91,0.77,35.37
D9,2,28,94,0.39,0.03,0.36,0.97,0.9,0.91,5.61
D11,16,96,79,0.96,0.76,0.42,0.81,0.99,0.97,35.01
D2,8,208,81,0.57,0.03,0.83,0.88,0.55,0.43,53.38
D12,1,117,72,0.94,0.46,0.09,0.93,0.34,0.99,36.58
D12,12,114,107,0.01,0.15,0.35,0.75,0.24,0.29,17.25
D9,19,183,96,0.57,0.82,0.95,0.79,0.03,0.01,49.58
D5,1,33,77,0.72,0.31,0.7,0.44,0.73,0.77,16.76
D8,19,184,78,0.75,0.45,0.75,0.51,0.23,0.18,54.32
D2,10,66,92,0.9,0.43,0.76,0.93,0.61,0.05,25.39
D6,21,38,120,0.0,0.77,0.06,0.38,0.92,0.92,6.41
D3,14,28,66,0.0,0.48,0.2,0.04,0.95,0.79,7.01
D12,10,111,81,0.47,0.79,0.49,0.76,0.0,0.1,34.28
D12,22,76,117,0.03,0.07,0.37,0.57,0.32,0.78,9.23
D10,2,47,65,0.97,0.19,0.41,0.81,0.84,0.84,20.71
D5,2,83,47,0.22,0.55,0.78,0.08,0.54,0.91,39.72
D12,11,108,64,0.47,0.95,0.01,0.62,0.81,0.54,37.17
D8,23,87,107,0.06,0.07,0.66,0.25,0.85,0.7,15.19
D10,4,58,119,0.52,0.04,0.0,0.9,0.44,0.76,7.07
D1,19,137,73,0.38,0.16,0.06,0.11,0.36,0.69,33.02
D5,6,99,113,0.04,0.64,0.41,0.84,0.46,0.65,19.11
D3,6,34,36,0.34,0.4,0.84,0.09,0.65,0.55,24.88
D4,12,36,115,0.39,0.83,0.14,0.03,0.37,0.48,11.23
D2,8,215,103,0.99,0.07,0.55,0.24,0.77,1.0,46.19
D9,20,83,41,0.21,0.2,0.68,0.33,0.9,0.34,40.25
D3,12,101,85,0.54,0.3,0.23,0.63,0.28,0.09,24.67
D2,11,65,76,0.99,0.63,0.51,0.13,0.96,0.77,28.3
D10,12,98,45,0.79,0.69,0.91,0.44,0.62,0.21,55.04
D11,23,88,31,0.99,0.12,0.51,0.2,0.88,0.53,60.12
D9,9,245,77,0.97,0.94,0.16,0.86,0.1,0.1,70.58
D7,0,73,56,0.49,0.34,0.63,0.04,0.25,0.62,30.38
D6,7,160,90,0.7,0.71,0.59,0.36,0.32,0.94,44.08
D1,21,55,76,0.11,0.52,0.03,0.63,0.3,0.72,12.34
D5,15,62,94,0.44,0.22,0.09,0.91,0.17,0.21,11.99
D12,12,69,122,0.81,0.85,0.16,0.87,0.87,0.97,20.11
D11,2,20,101,0.51,0.82,0.14,0.9,0.42,0.31,10.12
D11,2,76,45,0.7,0.4,0.26,0.06,0.96,0.44,36.56
D3,23,47,115,0.75,0.59,0.45,0.84,0.58,0.5,16.95
D1,4,101,51,0.25,0.26,0.37,0.78,0.14,0.99,37.5
D4,10,60,105,0.88,0.69,0.89,0.9,0.55,0.07,26.11
D2,6,38,118,0.46,0.31,0.61,0.31,0.99,0.7,11.58
D2,20,69,88,0.21,0.84,0.88,0.91,0.57,0.36,25.15
D3,23,88,63,0.87,0.22,0.53,0.4,0.0,0.08,33.57
D8,9,168,108,0.42,0.01,0.09,0.63,0.93,0.94,26.37
D8,9,203,96,0.75,0.27,0.46,0.42,0.23,0.59,45.5
D12,19,136,109,0.55,0.19,0.82,0.43,0.69,0.75,30.27
D7,1,71,89,0.38,0.51,0.19,0.55,0.52,0.24,17.57
D6,2,71,108,0.81,0.2,0.09,0.36,0.33,0.76,15.17
D9,7,235,73,0.58,0.76,0.33,0.79,0.28,0.83,67.58
D4,10,45,119,0.39,0.24,0.39,0.63,0.93,0.43,9.29
D12,12,109,39,0.11,0.71,0.31,0.69,0.91,0.57,54.8
D1,6,36,107,0.9,0.58,0.14,0.23,0.51,0.97,14.05
D8,12,21,106,0.04,0.99,0.25,0.97,0.26,0.85,8.37
D7,1,46,102,0.86,1.0,0.68,0.66,0.1,0.44,24.63
D7,5,90,77,0.36,0.87,0.39,0.2,0.16,0.66,29.37
D3,8,203,105,0.64,0.76,0.63,0.75,0.52,0.78,47.22
D4,19,247,58,0.92,0.39,0.54,0.17,0.31,0.02,88.38
D10,1,105,52,0.15,0.75,0.55,0.06,0.04,0.59,43.47
D9,17,200,97,0.57,0.96,0.25,0.53,0.46,0.98,47.29
D6,15,92,56,0.76,0.02,0.52,0.55,0.75,0.95,35.16
D5,11,107,122,0.76,0.54,0.02,0.19,0.89,0.83,21.24
D3,6,100,113,0.53,0.22,0.43,0.35,0.59,0.11,20.1
D9,6,90,72,0.62,0.56,0.57,0.95,0.72,0.99,32.07
D5,16,26,121,0.76,0.47,0.18,0.29,0.36,0.61,9.88
D5,12,102,92,0.84,0.58,0.26,0.16,0.5,0.22,28.82
D4,10,103,73,0.76,0.55,0.22,0.99,0.73,0.67,33.0
D4,5,58,69,0.35,0.96,0.07,0.3,0.73,0.86,21.12
D12,22,26,99,1.0,0.55,0.35,0.68,0.42,0.11,15.27
D1,13,44,88,0.43,0.85,0.98,0.23,0.54,0.92,22.95
D7,5,32,115,0.02,0.32,0.35,0.55,0.92,0.92,4.42
D9,5,100,115,0.36,0.44,0.46,0.39,0.63,0.01,20.55
D3,1,117,91,0.13,0.47,0.65,0.96,0.64,0.9,28.12
D12,21,27,74,0.12,0.28,0.65,0.43,0.78,0.95,9.33
D2,19,147,73,0.28,0.38,0.95,0.58,0.12,0.04,44.84
D3,14,79,89,0.05,0.6,0.86,0.94,0.52,0.29,23.19
D1,16,21,95,0.69,0.58,0.79,0.99,0.96,0.37,15.98
D6,7,220,63,0.07,0.64,0.95,0.1,0.36,0.35,72.51
D11,4,67,85,0.2,0.35,0.23,0.83,0.29,0.76,14.64
D11,16,31,125,0.09,0.32,0.62,0.38,0.6,0.36,6.99
D7,19,221,104,0.06,0.61,0.89,0.59,0.22,0.96,46.43
D11,0,47,118,0.27,0.13,0.62,0.38,0.56,0.99,9.67
D11,21,23,119,0.57,0.25,0.98,0.4,0.16,0.32,13.07
D2,17,165,99,0.96,0.04,0.1,0.16,0.58,0.51,33.75
D8,14,22,30,0.88,0.07,0.44,0.57,0.6,0.56,19.24
D6,4,36,100,0.88,0.24,0.98,0.55,0.42,0.58,18.9
D4,6,81,77,0.18,0.02,0.38,0.19,0.38,0.37,17.65
D5,17,191,54,0.26,0.25,0.74,0.54,0.25,0.17,69.57
D8,5,38,63,0.08,0.65,0.03,0.97,0.33,0.05,11.04
D3,21,118,78,0.78,0.06,0.69,0.71,0.5,0.11,34.88
D3,20,99,76,0.07,0.44,0.93,0.48,0.25,0.9,30.18
D11,4,110,79,0.56,0.91,0.38,0.92,0.78,0.28,35.61
D4,18,218,75,0.25,0.79,0.02,0.58,0.71,0.08,56.21
D1,9,185,63,0.24,0.31,0.03,0.14,0.27,0.62,52.34
D9,14,33,107,0.99,0.92,0.89,0.55,0.1,0.08,24.4
D8,9,154,85,0.76,0.33,0.72,0.18,0.0,0.07,42.96
D8,15,23,108,0.84,0.07,0.11,0.77,0.6,0.62,6.25
D10,11,51,111,0.57,0.99,0.05,0.97,0.21,0.59,16.22
D6,17,207,107,0.87,0.87,0.8,0.36,0.01,0.04,51.94
D7,22,84,90,0.65,0.47,0.81,0.43,0.36,0.46,27.89
D6,0,39,103,0.95,0.67,0.12,0.42,0.96,0.44,15.93
D9,15,29,117,0.28,0.67,0.3,0.29,0.69,0.55,9.01
D3,21,53,90,0.6,0.19,0.78,0.79,0.86,0.74,18.24
D3,5,111,56,0.69,0.2,0.53,0.62,0.14,0.28,42.51
D3,2,59,94,0.39,0.47,0.96,0.06,0.07,0.43,21.25
D10,1,52,97,0.88,0.91,0.48,0.84,0.01,0.79,23.71
D3,1,90,38,0.98,0.01,0.68,0.19,0.96,0.92,51.92
D9,12,35,34,0.49,0.78,0.51,0.98,0.3,0.89,28.28
D12,8,227,109,0.39,0.06,0.94,0.38,0.46,0.48,44.08
D4,15,42,72,0.47,0.48,0.4,0.62,0.39,0.52,16.11
D7,4,108,86,0.85,0.64,0.23,0.08,0.73,0.53,31.9
D9,22,70,42,0.65,0.69,0.33,0.34,0.31,0.87,39.0
D11,20,43,40,0.04,0.06,0.85,0.8,0.54,0.84,21.48
D12,6,71,46,0.54,0.42,0.5,0.48,1.0,0.31,34.8
D7,12,56,42,0.02,0.58,0.35,0.9,0.44,0.16,26.24
D9,19,191,76,0.78,0.07,0.54,0.58,0.55,0.38,52.01
D12,23,103,126,0.33,0.14,0.13,0.93,0.5,0.29,13.52
D3,12,115,37,0.47,0.66,0.01,0.98,0.8,0.95,60.66
D4,6,75,122,0.8,0.52,0.28,0.45,0.27,0.27,18.99
D8,9,233,68,0.05,0.16,0.61,0.57,0.17,0.18,63.57
D6,14,89,73,0.16,0.54,0.71,0.83,0.75,0.9,28.37
D5,20,79,70,0.4,0.91,0.83,0.22,0.42,0.09,33.42
D4,5,40,115,0.23,0.02,0.93,0.86,0.91,0.26,10.21
D8,4,61,103,0.34,0.64,0.41,0.59,0.64,0.44,16.64
D1,22,93,58,1.0,0.07,0.74,0.73,0.56,0.6,39.13
D9,1,99,94,0.83,0.01,0.07,0.08,0.07,0.33,20.71
D1,20,36,59,0.88,0.15,0.06,0.77,0.73,0.5,14.21
D8,14,45,82,0.94,0.42,0.12,0.31,0.69,0.2,16.67
D4,15,38,82,0.34,0.8,0.45,0.81,0.64,0.57,16.11
D9,18,214,66,0.3,0.28,0.21,0.51,0.27,0.41,59.91
D11,8,175,89,0.23,0.63,0.29,0.27,0.95,0.85,39.73
D5,21,104,82,0.83,0.41,0.65,0.95,0.32,0.42,33.69
D3,18,234,89,0.68,0.23,0.36,0.77,0.15,0.44,53.04
D9,6,83,74,0.24,0.51,0.56,0.99,0.99,0.59,25.65
D11,3,68,48,0.38,0.8,0.41,0.36,0.75,0.12,33.66
D9,2,90,110,0.51,0.83,0.17,0.65,0.41,0.16,21.91
D4,23,84,66,0.53,0.85,0.07,0.61,0.94,0.79,29.72
D11,19,199,75,0.89,0.34,0.24,0.69,0.09,0.27,55.32
D4,10,21,88,0.38,0.79,0.06,0.04,0.09,0.68,8.66
D12,0,115,34,0.91,0.21,0.62,0.29,0.68,0.1,71.23
D8,5,56,60,0.44,0.74,0.8,0.91,0.18,0.82,28.35
D2,10,95,128,0.75,0.95,0.34,0.42,0.92,0.99,25.39
D9,0,113,77,0.93,0.01,0.39,0.96,0.84,0.37,32.2
D6,20,25,44,0.91,0.44,0.82,0.21,0.31,0.51,23.38
D9,6,34,90,0.06,0.65,0.22,1.0,0.89,0.44,8.46
D8,5,35,49,0.21,0.7,0.12,0.7,0.04,0.89,15.58
D7,13,96,73,0.48,0.18,0.5,0.78,0.55,0.01,27.83
D1,1,61,75,0.43,0.97,0.65,0.4,0.94,0.65,26.79
D12,3,114,63,0.64,0.62,0.6,0.91,0.86,0.65,43.38
D3,10,83,58,0.94,0.16,0.71,0.55,0.36,0.38,35.95
D11,14,22,38,0.11,0.02,0.06,0.68,0.18,0.22,5.35
D2,17,204,60,0.45,0.78,0.43,0.09,0.21,0.24,70.82
D5,0,44,115,0.19,0.08,0.24,0.63,0.51,0.8,4.68
D5,2,61,75,0.89,0.14,0.76,0.88,0.6,0.07,24.39
D5,2,92,113,0.96,0.57,0.87,0.18,0.03,0.56,30.03
D4,6,78,50,0.48,0.6,0.28,0.74,0.41,0.31,34.18
D5,0,93,51,0.1,0.69,0.1,0.03,0.83,0.27,34.71
D3,10,48,92,0.79,0.39,0.25,0.93,0.44,0.51,15.71
D12,5,92,90,0.7,0.77,0.1,0.98,0.17,0.9,26.22
D1,19,193,54,0.35,0.97,0.32,0.35,0.95,0.62,73.84
D5,2,59,104,0.89,0.27,0.54,0.11,0.27,0.79,19.04
D9,18,130,102,0.98,0.7,0.97,0.66,0.8,0.6,40.8
D9,1,84,91,0.56,0.93,0.4,0.03,0.19,0.7,27.34
D4,17,183,88,0.57,0.69,0.22,0.48,0.42,0.43,44.85
D3,11,79,75,0.3,0.68,0.17,0.27,0.49,0.93,22.92
D1,9,134,98,0.58,0.22,0.17,0.47,0.5,0.5,27.05
D2,4,41,119,0.44,0.54,0.19,0.02,0.52,0.55,10.06
D8,8,182,55,0.3,0.56,0.76,0.05,0.22,0.52,68.78
D1,1,51,40,0.07,0.7,0.06,0.02,0.52,0.32,24.06
D8,1,29,68,0.25,1.0,1.0,0.62,0.48,0.23,21.51
D7,5,117,60,0.2,0.03,0.52,0.56,0.21,0.07,35.75
D8,9,141,100,0.54,0.07,0.54,0.23,0.99,0.72,29.49
D12,17,237,65,0.6,0.08,0.36,0.65,0.87,0.29,69.64
D6,11,57,96,0.61,0.74,0.69,0.88,0.89,0.39,22.65
D12,3,85,81,0.39,0.14,0.47,0.28,0.69,0.92,21.47
D9,21,24,40,0.42,0.62,0.33,0.83,0.16,0.57,16.6
D3,20,44,64,0.83,0.32,0.27,0.66,0.57,0.1,18.67
D10,16,54,51,0.48,0.46,0.93,0.03,0.82,0.8,29.65
D4,14,56,115,0.99,0.22,0.29,0.38,0.04,0.26,15.72
D6,5,74,104,0.44,0.87,0.44,0.51,0.5,0.55,22.15
D8,15,115,128,0.65,0.59,0.35,0.73,0.4,0.51,24.12
D5,16,114,101,0.05,0.94,0.09,0.29,0.21,0.24,23.67
D3,2,83,49,0.65,0.57,0.19,0.98,0.38,0.12,37.11
D6,9,235,83,0.85,0.12,0.19,0.68,0.98,0.21,55.75
D4,4,23,47,0.94,0.17,0.69,0.37,0.72,0.1,18.52
D9,13,70,97,1.0,0.99,0.41,0.1,0.3,0.28,28.32
D3,20,39,38,0.28,0.73,0.78,0.18,0.61,1.0,28.32
D4,12,99,55,0.58,0.05,0.71,0.49,0.25,0.4,38.42
D7,5,44,97,0.45,0.7,0.19,0.49,0.61,0.86,13.63
D7,11,60,88,0.56,0.41,0.56,0.77,0.9,0.55,19.58
D12,7,174,90,0.16,0.31,0.74,0.73,0.56,0.67,39.68
D12,4,57,48,0.86,0.15,0.63,0.2,0.73,0.16,29.9
D4,14,33,50,0.91,0.84,0.6,0.59,0.45,0.27,26.73
D6,15,34,32,0.45,0.06,0.74,0.02,0.52,0.51,24.01
D12,0,56,75,0.28,0.29,0.06,0.4,0.7,0.88,12.49
D3,15,35,43,0.14,0.31,0.73,0.76,0.81,0.04,18.79
D6,4,28,36,0.68,0.16,0.27,0.4,0.66,0.51,17.48
D12,2,33,35,0.31,0.51,0.57,0.84,0.98,0.05,23.1
D2,19,214,64,0.91,0.01,0.24,0.98,0.82,0.46,65.18
D8,14,71,101,0.67,0.3,0.84,0.61,0.78,0.63,22.55
D2,12,53,30,0.65,0.93,0.48,0.15,0.85,0.74,44.43
D11,23,115,98,0.56,0.31,0.64,0.38,0.28,0.14,28.45
D7,15,113,115,0.05,0.36,0.79,0.01,0.43,0.17,22.08
D9,22,39,109,0.93,0.47,0.9,0.6,0.56,0.47,20.7
D1,10,26,36,0.63,0.56,0.73,0.82,0.46,1.0,23.91
D8,20,69,31,0.99,0.81,0.15,0.63,0.85,0.36,51.87
D7,1,66,43,0.54,0.19,0.85,0.79,0.03,0.43,35.75
D6,21,50,79,0.71,0.87,0.62,0.8,0.21,0.43,24.85
D6,5,80,70,0.06,0.76,0.61,0.85,0.88,0.08,27.15
D6,5,33,34,0.63,0.72,0.92,0.27,0.06,0.77,31.71
D9,13,94,34,0.76,0.09,0.25,0.87,0.23,0.25,53.97
D2,10,83,58,0.78,0.02,0.24,0.65,0.35,0.7,28.86
D1,7,204,54,0.77,0.59,0.51,0.29,0.75,0.48,79.71
D12,7,242,103,0.23,0.86,0.75,0.99,0.56,0.61,53.14
D6,0,115,65,0.98,0.58,0.45,0.95,0.95,0.05,44.02
D10,20,98,48,1.0,0.21,0.63,0.57,0.23,0.89,47.47
D11,6,83,51,0.08,0.09,0.45,0.84,0.87,0.24,28.61
D8,5,53,85,0.94,0.7,0.61,0.26,0.28,0.67,25.13
D3,20,36,105,0.29,0.72,0.82,0.42,0.25,0.8,16.1
D12,7,218,105,0.69,0.17,0.18,0.18,0.5,0.54,40.74
D10,18,146,59,0.34,0.03,0.7,0.52,0.07,0.34,48.35
D1,21,111,111,0.97,0.41,0.79,0.5,0.38,0.98,31.33
D9,20,37,74,0.1,0.58,0.45,0.21,0.36,0.28,12.55
D1,23,115,107,0.5,0.71,0.32,0.67,0.16,0.95,26.81
D3,19,185,65,0.43,0.81,0.01,0.12,0.86,0.16,56.85
D8,7,179,107,0.33,0.61,0.8,0.06,0.39,0.39,39.76
D3,13,37,109,0.65,0.11,0.33,0.38,0.98,0.14,9.23
D4,17,210,56,0.13,0.68,0.36,0.41,0.9,0.0,72.75
D8,15,95,127,0.72,0.98,0.34,0.32,0.19,0.26,25.49
D1,8,139,54,0.98,0.91,0.5,0.26,0.51,0.09,62.33
D6,14,104,32,0.8,0.87,0.7,0.34,0.6,0.99,74.59
D1,9,212,94,0.86,0.3,0.77,0.16,0.82,0.76,52.23
D1,21,63,128,0.36,0.75,0.39,0.4,0.89,0.0,15.81
D8,15,89,43,0.32,0.85,0.66,0.9,0.62,0.22,47.89
D11,3,23,47,0.52,0.68,0.72,0.22,0.04,0.67,19.63
D4,19,222,84,0.05,0.25,0.3,0.68,0.48,0.4,47.12
D12,12,71,67,0.95,0.95,0.1,0.14,0.88,0.83,30.86
D1,21,99,49,0.14,0.45,0.89,0.35,0.71,0.5,43.76
D10,4,107,128,0.9,0.13,0.68,0.32,0.87,0.65,24.07
D7,21,63,80,0.08,0.11,0.65,0.94,0.67,0.6,15.17
D5,6,38,97,0.82,0.65,0.06,0.43,0.04,0.64,14.24
D5,22,116,95,0.15,0.44,0.82,0.69,0.97,0.23,28.4
D1,8,142,107,0.04,0.09,0.57,0.6,0.92,0.37,23.82
D10,7,190,94,0.72,0.74,0.85,0.14,0.13,0.05,51.42
D11,15,49,127,0.28,0.8,0.97,0.94,0.11,0.59,18.92
D6,5,49,80,0.71,0.73,0.96,0.35,0.54,0.46,26.31
D9,15,107,77,0.56,0.2,0.86,0.04,0.76,0.76,33.44
D9,5,52,103,0.11,0.69,0.01,0.3,0.38,0.21,9.69
D8,13,101,48,0.93,0.01,0.89,0.34,0.14,0.44,48.53
D5,20,90,86,0.45,0.31,0.08,0.09,0.51,0.18,19.94
D1,0,38,117,0.73,0.4,0.85,0.62,0.34,0.61,17.15
D9,8,208,90,0.5,0.84,0.28,0.35,0.35,0.85,50.4
D1,23,61,116,0.6,0.39,0.61,0.63,0.64,0.77,17.35
D8,12,71,33,0.3,0.01,0.04,0.01,0.89,0.94,35.78
D5,18,231,53,0.2,0.35,0.77,0.98,0.56,0.97,85.34
D3,16,24,70,0.54,0.5,0.11,0.17,0.69,0.77,9.84
D11,10,106,90,0.44,0.95,0.41,0.66,0.66,0.29,31.2
D7,7,204,104,0.39,0.94,0.82,0.72,0.55,0.22,48.85
D7,22,94,42,0.67,0.18,0.7,0.17,0.31,0.45,48.42
D9,4,33,89,0.69,0.19,0.01,0.11,0.38,0.99,7.96
D7,9,201,74,0.05,0.16,0.4,0.15,0.32,0.41,48.57
D11,6,101,73,0.34,0.79,0.04,0.25,0.92,0.2,29.19
D3,9,237,67,0.41,0.01,0.67,0.17,0.83,0.94,68.1
D11,3,29,100,0.1,0.13,0.97,0.67,0.58,0.39,9.33
D1,8,179,93,0.24,0.54,0.66,0.42,0.91,0.69,41.63
D8,13,33,44,0.05,0.25,0.22,0.54,0.89,0.79,11.54
D12,1,35,31,1.0,0.09,0.36,0.05,0.93,0.84,27.08
D3,8,159,79,0.74,0.36,0.98,0.86,0.22,0.82,49.14
D12,20,101,60,0.09,0.27,0.22,0.17,0.72,0.84,29.27
D8,0,96,49,0.02,0.51,0.56,0.36,0.61,0.67,39.05
D8,22,68,64,0.72,0.98,0.4,0.07,0.73,0.4,31.84
D5,9,152,91,0.44,0.12,0.77,0.14,0.26,0.67,35.94
D12,9,226,87,0.79,0.37,0.87,0.67,0.69,0.84,59.45
D1,19,228,100,0.92,0.93,0.34,0.69,0.41,0.35,55.08
D10,21,119,90,0.6,0.88,0.66,0.68,0.83,0.3,36.99
D7,2,103,84,0.19,0.39,0.55,0.55,0.8,0.34,25.92
D12,5,86,37,0.78,0.7,0.28,0.95,0.21,0.55,51.94
D10,5,59,88,0.96,0.09,0.27,0.51,0.18,0.05,17.44
D5,20,51,122,0.58,0.71,0.54,0.45,0.72,0.78,17.49
D8,1,26,31,0.68,0.97,0.15,0.25,0.55,0.14,24.95
D9,17,214,55,0.34,0.54,0.81,0.1,0.56,0.13,80.13
D11,22,111,65,0.38,0.5,0.07,0.55,0.75,0.2,33.13
D7,1,51,74,0.73,0.19,0.09,0.31,0.85,0.58,14.93
D7,11,61,82,0.93,0.63,0.34,0.52,0.24,0.29,24.13
D1,21,28,104,0.63,0.59,0.12,0.21,0.56,0.37,10.24
D4,4,106,104,0.79,0.65,0.48,0.84,0.83,0.93,29.38
D2,19,178,51,0.17,0.03,0.4,1.0,0.87,0.85,62.72
D2,6,86,40,0.21,0.55,0.72,0.32,0.29,0.85,46.15
D2,23,69,64,0.53,0.59,0.95,0.84,0.1,0.58,31.85
D4,15,34,104,0.18,0.21,0.75,0.87,0.23,0.87,9.46
D1,19,160,77,0.63,0.21,0.18,1.0,0.95,0.78,40.59
D4,0,81,57,0.29,0.28,0.94,0.34,0.46,0.95,33.01
D2,0,115,54,0.79,0.71,0.39,0.76,0.42,0.06,49.55
D5,16,103,121,0.81,0.61,0.47,0.23,0.01,0.03,26.01
D3,0,44,104,0.46,0.85,0.42,0.62,0.05,0.18,16.66
D12,20,102,121,0.18,0.3,0.28,0.7,0.67,0.93,15.46
D8,19,130,108,0.65,0.91,0.9,0.74,0.59,0.61,37.75
D4,12,88,103,0.99,0.74,0.33,0.21,0.58,0.43,27.64
D1,8,171,95,0.62,0.4,0.58,0.85,0.11,0.51,40.81
D1,14,53,129,0.04,0.1,0.24,0.42,0.35,0.83,4.01
D12,2,85,47,0.02,0.26,0.8,0.22,0.81,0.93,36.18
D10,13,96,34,0.32,0.96,0.77,0.54,0.17,0.73,63.8
D3,22,39,95,0.2,0.31,0.3,0.86,0.88,0.76,7.96
D9,10,94,91,0.81,0.33,0.68,0.97,0.12,0.32,28.71
D7,23,113,125,0.84,0.19,0.7,0.75,0.17,0.47,25.51
D2,21,51,87,0.26,0.81,0.56,0.01,0.48,0.89,18.74
D9,11,69,67,0.33,0.28,0.6,0.13,0.95,0.79,23.04
D10,12,74,57,0.24,0.33,0.57,0.08,0.33,0.68,27.34
D2,12,93,115,0.91,0.41,0.08,0.1,0.66,0.07,20.72
D3,0,100,51,0.5,0.43,0.67,0.38,0.59,0.04,43.77
D11,23,62,112,0.66,0.41,0.47,0.34,0.15,0.13,17.31
D10,9,210,73,0.42,0.5,0.44,0.11,0.25,0.58,58.42
D2,2,55,125,0.63,0.81,0.86,0.88,0.93,0.54,22.22
D3,23,71,65,0.39,0.82,0.02,0.62,0.18,0.94,24.38
D6,3,47,107,0.34,0.8,0.25,0.8,0.7,0.69,13.83
D9,15,77,65,0.63,0.1,0.12,0.37,0.96,0.29,22.58
D9,7,199,58,0.59,0.8,0.04,0.41,0.12,0.16,69.27
D7,15,40,93,0.29,0.12,0.28,0.32,0.4,0.85,7.21
D12,16,95,90,0.15,0.12,0.99,0.44,0.22,0.46,23.98
D3,18,223,80,0.37,0.95,0.27,0.61,0.22,0.65,58.9
D4,21,59,85,0.42,0.82,0.66,0.49,0.12,0.57,23.21
D6,14,23,60,0.63,0.55,0.12,0.84,0.65,0.11,11.97
D11,15,46,87,0.91,0.87,0.6,0.9,0.75,0.06,24.59
D5,14,44,98,0.04,0.99,0.98,0.47,0.68,0.38,19.71
D2,1,89,34,0.24,0.61,0.29,0.24,0.92,0.36,51.63
D6,10,110,37,0.19,0.61,0.85,0.95,0.15,0.67,62.87
D3,0,28,44,0.5,0.75,1.0,0.74,0.32,0.63,25.37
D8,14,119,36,0.43,0.23,0.59,0.64,0.34,0.97,65.31
D2,18,225,57,0.73,0.17,0.31,0.75,0.23,0.86,76.75
D1,3,34,66,0.24,0.76,0.67,0.08,0.14,0.5,17.8
D9,10,102,68,0.59,0.34,0.84,0.07,0.49,0.5,36.85
D12,4,25,112,0.88,0.14,0.17,0.15,0.83,0.67,8.01
D3,2,76,121,0.91,0.31,0.45,0.15,0.95,0.11,19.88
D11,12,100,48,0.96,0.36,0.32,0.42,0.13,1.0,46.4
D1,9,192,80,0.77,0.97,0.28,0.16,0.82,0.52,55.72
D7,10,94,108,0.91,0.7,0.86,0.85,0.82,0.91,31.7
D10,17,139,92,0.23,0.53,0.42,0.58,0.39,0.97,31.62
D5,1,106,96,0.2,0.97,0.34,0.37,0.11,0.58,27.17
D5,6,81,32,0.01,0.9,0.6,0.07,0.99,0.1,53.44
D1,8,147,74,0.71,0.51,0.22,0.59,0.66,0.57,42.77
D9,9,236,69,0.94,0.91,0.23,0.12,0.98,0.6,75.06
D7,17,187,78,0.19,0.4,0.52,0.74,0.48,0.79,47.3
D8,22,105,79,0.64,0.23,0.41,0.8,0.4,0.05,29.2
D9,6,98,39,0.75,0.23,0.29,0.54,0.25,0.47,50.9
D6,6,40,58,0.93,0.66,0.05,0.15,0.98,0.92,20.74
D12,2,115,39,0.65,0.5,0.52,0.79,0.25,0.99,62.6
D5,11,32,76,0.97,0.66,0.82,0.31,0.02,0.19,23.25
D6,6,42,79,0.34,0.69,0.85,0.22,0.51,0.87,20.04
D11,16,106,124,0.35,0.02,0.24,0.47,0.38,0.15,14.3
D2,0,23,96,0.54,0.05,0.6,0.92,0.26,0.84,8.31
D4,4,104,82,0.38,0.53,0.86,0.3,0.63,0.28,32.59
D3,15,21,97,0.0,0.19,0.41,0.91,0.36,0.96,2.45
D7,14,84,108,0.73,0.63,0.93,0.05,0.4,0.7,28.34
D9,1,76,126,0.75,0.55,0.9,0.08,0.02,0.4,24.3
D5,8,199,56,0.75,0.59,0.21,0.7,0.59,0.28,72.63
D6,6,38,73,0.35,0.3,0.26,0.19,0.12,0.24,10.9
D10,3,82,94,0.52,0.64,0.18,0.32,0.21,0.68,21.34
D12,19,168,68,0.36,0.83,0.2,0.14,0.72,0.9,51.22
D12,17,238,75,0.02,1.0,0.91,0.33,0.31,0.75,69.13
D2,20,63,41,0.56,0.84,0.93,0.28,0.16,0.83,42.68
D3,3,41,106,0.12,0.56,0.05,0.74,0.58,0.78,6.78
D3,12,111,43,0.08,0.19,0.59,0.7,0.21,0.98,48.38
D12,0,105,59,0.76,0.68,0.56,0.95,0.27,0.76,44.12
D12,23,63,113,0.01,0.94,0.39,0.72,0.62,0.21,15.54
D9,2,110,67,0.96,0.21,0.63,0.69,0.74,0.79,39.74
D7,15,78,71,0.52,0.26,0.95,0.69,0.74,0.32,29.09
D8,21,71,92,0.98,0.15,0.17,0.88,0.48,1.0,19.12
D11,3,80,63,0.06,0.74,0.12,0.3,0.45,0.38,24.79
D10,22,58,70,0.58,0.41,0.03,0.3,0.79,0.29,17.59
D11,15,56,94,0.35,0.06,0.36,0.74,0.19,0.24,11.0
D9,18,247,64,0.84,0.87,0.34,0.23,0.15,0.66,82.87
D6,0,51,37,0.36,0.56,0.43,0.91,0.66,0.11,30.75
D4,4,116,47,0.26,0.33,0.5,0.53,0.41,0.95,48.42
D12,18,174,78,0.86,0.34,0.76,0.3,0.71,0.29,52.06
D1,21,115,62,0.37,0.29,0.39,0.78,0.26,0.3,36.76
D8,23,24,111,0.02,0.46,0.33,0.31,0.32,0.05,4.38
D7,10,93,65,0.39,0.34,0.83,0.96,0.9,0.25,33.64
D2,12,116,52,0.65,0.55,0.85,0.98,0.42,0.42,52.88
D8,19,169,54,0.25,0.77,0.23,0.67,0.59,0.37,62.07
D12,4,53,53,0.43,0.67,0.31,0.11,0.11,0.27,24.33
D5,20,36,124,0.06,0.29,0.83,0.26,0.18,0.04,9.15
D7,3,90,110,0.59,0.53,0.08,0.52,0.04,0.3,19.05
D4,3,111,51,0.76,0.84,0.33,0.85,0.42,0.78,50.78
D5,3,34,44,0.41,0.07,0.45,0.18,0.99,0.44,15.73
D8,3,44,82,0.42,0.08,0.19,0.1,0.87,0.29,9.17
D1,19,150,104,0.09,0.56,0.18,0.07,0.63,0.3,27.14
D1,20,85,120,0.2,0.64,0.42,0.51,0.86,0.55,17.58
D4,17,242,81,0.15,0.21,0.75,0.88,0.59,0.3,58.17
D3,17,150,53,0.48,0.75,0.84,0.04,0.37,0.63,64.1
D10,15,63,112,0.53,0.65,0.98,0.21,0.17,0.99,23.18
D12,8,195,75,0.95,0.92,0.07,0.69,0.65,0.04,58.67
D2,17,227,63,0.07,0.17,0.22,0.83,0.19,0.17,63.51
D12,21,34,49,0.6,0.75,0.76,0.81,0.42,0.18,25.14
D3,1,53,65,0.53,0.08,0.54,0.79,0.83,0.45,18.54
D11,20,102,38,0.52,0.57,0.33,0.13,0.13,0.04,55.43
D11,3,90,59,0.87,0.55,0.21,0.4,0.13,0.48,36.03
D11,11,96,120,0.21,0.39,0.28,0.98,0.22,0.93,15.77
D1,6,82,64,0.04,0.84,0.43,0.99,0.55,0.01,28.59
D1,14,32,108,0.67,0.0,0.18,0.6,0.25,0.36,6.22
D6,6,65,85,0.35,0.52,0.96,0.71,0.5,0.76,23.87
D5,21,28,116,0.02,0.22,0.11,0.95,0.3,0.15,0.61
D8,20,55,32,0.25,0.74,0.99,0.45,0.51,0.08,42.81
D2,16,117,48,0.31,0.04,0.84,0.14,0.28,0.63,48.77
D4,15,47,52,0.62,0.83,0.42,0.67,0.98,0.01,26.8
D8,18,233,98,0.17,0.84,0.74,0.96,0.49,0.8,52.82
D12,8,238,56,0.41,0.83,0.67,0.7,0.74,0.07,88.77
D6,13,95,43,0.48,0.15,0.21,0.8,0.7,0.52,41.35
D1,16,65,44,0.46,0.63,0.34,0.42,0.49,0.74,33.3
D4,4,86,44,0.97,0.01,0.51,0.1,0.24,0.24,42.64
D1,1,70,117,0.05,0.85,0.64,0.17,0.51,0.1,18.13
D2,19,245,95,0.95,0.72,0.54,0.98,0.68,0.18,60.77
D5,15,27,98,0.58,0.53,0.47,0.49,0.46,0.85,12.56
D8,13,81,80,0.8,0.73,0.44,0.01,0.08,0.71,29.72
D8,13,82,97,0.43,0.09,0.5,0.96,0.02,0.2,17.9
D11,0,97,45,0.45,0.53,0.43,0.5,0.33,0.72,45.61
D3,2,103,53,0.88,0.29,0.54,0.84,0.15,0.71,44.46
D11,6,25,86,0.9,0.97,0.89,0.55,0.91,1.0,23.7
D4,14,50,35,0.24,0.86,0.63,0.1,0.18,0.39,35.17
D10,18,228,64,0.2,0.73,0.72,0.62,0.39,0.86,73.72
D11,19,158,52,0.5,0.93,0.6,1.0,0.71,0.45,67.57
D6,1,94,32,0.9,0.35,0.64,0.03,0.82,0.9,64.42
D11,18,157,59,0.32,0.9,0.58,0.84,0.48,0.09,58.5
D11,8,243,82,0.65,0.33,0.03,0.24,0.18,0.18,56.8
D10,18,177,65,0.71,0.73,1.0,0.39,0.27,0.85,65.54
D3,4,29,62,0.78,0.74,0.03,0.37,0.42,0.82,15.82
D2,17,229,52,0.56,0.02,0.4,0.9,0.36,0.31,83.04
D6,15,88,41,0.4,0.36,0.11,0.5,0.35,0.6,40.47
D11,3,76,73,0.97,0.02,0.1,0.45,0.13,0.38,22.14
D5,11,32,53,0.61,1.0,0.79,0.82,0.91,0.01,26.15
D10,6,63,86,0.73,0.12,0.43,0.05,0.03,0.03,18.21
D5,13,115,45,0.34,0.54,0.8,0.09,0.44,0.05,55.46
D10,22,115,129,0.67,0.79,0.27,0.02,0.98,0.59,25.28
D5,11,40,105,0.26,0.2,0.26,0.69,0.66,0.28,6.58
D10,2,70,50,0.25,0.49,0.25,0.53,0.36,0.14,27.83
D12,4,79,80,0.71,0.61,0.62,0.88,0.15,0.94,28.98
D5,16,40,35,0.52,0.16,0.81,0.5,0.96,0.12,27.7
D3,9,202,50,0.68,0.78,0.45,0.22,0.01,0.67,84.9
D7,9,205,107,0.27,0.3,0.38,0.81,0.68,0.89,36.96
D6,10,97,35,0.6,0.21,0.97,0.29,0.88,0.16,60.35
D4,16,84,115,0.44,0.56,0.12,0.94,0.03,0.21,16.7
D2,4,53,85,0.6,0.41,0.49,0.25,0.73,0.57,18.23
D12,12,94,32,0.29,0.92,0.41,0.17,1.0,0.51,61.94
D9,9,171,55,0.72,0.88,0.1,0.49,0.64,0.52,65.83
D1,8,135,69,0.81,0.48,0.27,0.05,0.41,0.55,43.32
D11,16,40,31,0.26,0.36,0.03,0.04,0.87,0.95,22.68
D4,0,109,124,0.3,0.33,0.88,0.5,0.55,0.05,23.03
D1,3,109,85,0.66,0.27,0.61,0.22,0.75,0.76,30.73
D6,3,115,39,0.7,0.54,0.82,0.01,0.59,0.23,66.19
D4,17,216,107,0.7,0.8,0.52,0.3,0.04,0.37,48.7
D5,8,199,72,0.68,0.31,0.6,0.48,0.21,0.09,58.46
D5,17,221,98,0.39,0.19,0.7,0.39,0.08,0.45,46.24
D9,13,49,107,0.39,0.48,0.91,0.14,0.11,0.8,17.76
D1,14,56,84,0.25,0.07,0.09,0.58,0.02,0.1,8.99
D2,5,115,78,0.16,0.7,0.33,0.71,0.42,0.28,31.04
D6,23,53,73,0.69,0.52,0.71,0.68,0.18,0.37,23.98
D5,9,244,71,0.09,0.5,0.96,0.39,0.86,0.1,70.48
D11,14,50,36,0.94,0.3,0.98,0.14,0.75,0.76,38.95
D7,3,40,45,0.83,0.9,0.64,0.5,0.57,0.79,31.12
D3,17,149,92,0.86,0.09,0.19,0.89,0.49,0.84,33.25
D3,17,173,96,0.91,0.87,0.12,0.47,0.26,0.58,43.61
D10,16,38,77,0.41,0.38,0.95,0.2,0.47,0.51,18.05
D2,11,115,108,0.85,0.88,0.43,0.09,0.64,0.26,32.43
D3,6,88,40,0.16,0.73,0.19,0.94,0.78,0.66,43.39
D10,15,98,58,0.02,0.1,0.93,0.74,0.08,0.44,33.72
D1,10,64,97,0.78,0.83,0.1,0.31,0.71,0.97,20.83
D5,13,55,77,0.07,0.68,0.73,0.3,0.74,0.97,19.72
D12,2,106,44,0.99,0.03,0.63,0.9,0.56,0.91,52.48
D5,18,239,93,0.67,0.13,0.09,0.18,0.21,0.36,48.45
D12,17,196,81,0.75,0.64,0.34,0.54,0.54,0.37,53.42
D11,9,203,89,0.25,0.66,0.15,0.71,0.5,0.85,44.69
D7,5,105,43,0.67,0.75,0.6,0.4,0.48,0.73,56.49
D4,12,82,110,0.04,0.72,0.48,0.04,0.46,0.7,18.08
D3,9,214,100,0.84,0.66,0.0,0.23,0.11,0.28,46.15
D1,17,241,64,0.17,0.77,0.98,0.9,0.18,0.83,79.94
D12,19,187,64,0.7,0.58,0.35,0.52,0.1,0.58,61.74
D8,15,84,117,0.22,0.26,0.26,0.82,0.24,0.45,12.97
D3,5,74,105,0.07,0.91,0.22,0.56,0.26,0.87,16.96
D2,12,29,71,0.48,0.02,0.16,0.94,0.25,0.39,6.54
D11,3,114,40,0.17,0.37,1.0,0.91,0.21,0.65,59.59
D4,22,35,102,0.73,0.73,0.3,0.48,0.74,0.47,15.46
D3,13,97,48,0.24,0.43,0.41,0.32,0.82,0.59,40.09
D1,0,50,102,0.34,0.02,0.87,0.6,0.33,0.04,13.29
D3,19,229,102,0.57,0.07,0.64,0.67,0.31,0.46,46.06
D12,4,109,37,0.28,0.65,0.37,0.5,0.84,0.56,59.15
D2,7,153,57,0.38,0.96,0.9,0.82,0.62,0.49,62.98
D8,11,102,77,0.82,0.55,0.75,0.18,0.29,0.85,36.85
D6,1,49,87,0.18,0.51,0.23,0.33,0.71,0.31,11.78
D9,11,105,84,0.08,0.32,0.64,0.69,0.34,0.88,25.53
D8,4,92,91,0.33,0.26,0.92,0.25,0.59,0.4,25.46
D10,21,67,33,0.42,0.02,0.5,0.44,0.99,0.69,38.98
D3,4,56,37,0.54,0.27,0.73,0.96,0.3,0.09,34.98
D5,12,20,121,0.37,0.45,0.97,0.63,0.93,0.2,12.46
D7,8,199,96,0.79,0.2,0.69,0.95,0.32,0.76,46.57
D5,9,229,102,0.04,0.09,0.1,0.72,0.54,0.01,36.39
D8,0,94,34,0.43,0.72,0.24,0.72,0.46,0.97,56.64
D12,2,69,53,0.38,0.89,0.6,0.59,0.78,0.19,34.13
D5,17,176,67,0.65,0.94,0.28,0.14,0.06,0.9,58.52
D1,11,103,57,0.97,0.62,0.96,0.52,0.63,0.52,49.68
D5,2,96,34,0.51,0.05,0.41,0.25,0.76,0.56,53.85
D4,8,159,50,0.99,0.74,0.46,1.0,0.47,0.08,71.65
D6,1,105,111,0.3,0.11,0.7,0.27,0.11,0.37,20.58
D3,2,65,98,0.03,0.67,0.52,0.23,0.24,0.16,16.39
D11,13,50,99,0.17,0.78,0.38,0.62,0.68,0.53,14.48
D5,3,110,85,0.4,0.73,0.08,0.51,0.9,0.55,27.91
D2,18,218,78,0.32,0.95,0.6,0.02,0.42,0.71,61.61
D11,12,47,45,0.1,0.74,0.87,0.13,0.56,0.88,27.91
D6,6,73,82,0.43,0.69,0.69,0.81,0.23,0.47,25.99
D12,11,31,49,0.34,0.26,0.38,0.48,0.41,0.23,13.61
D6,2,101,63,0.12,0.92,0.13,0.15,0.34,0.33,33.23
D5,22,72,93,0.3,0.18,0.82,0.47,0.66,0.85,19.16
D6,22,42,56,0.89,0.9,0.94,0.25,0.98,0.15,31.88
D11,8,242,66,0.3,0.31,0.39,0.22,0.81,0.63,69.65
D7,1,67,50,0.71,0.13,0.73,0.96,0.19,0.01,32.07
D12,21,69,69,0.61,0.83,0.41,0.36,0.58,0.25,28.38
D5,8,224,52,0.43,0.0,0.5,0.05,0.07,0.59,80.81
D1,11,36,90,0.24,0.83,0.84,0.97,0.25,0.46,17.89
D8,11,69,119,0.37,0.26,0.08,0.79,0.17,0.49,10.15
D4,14,106,35,0.59,0.88,0.53,0.25,0.34,0.66,67.11
D9,1,47,101,0.35,0.69,0.21,0.41,0.68,0.23,13.02
D10,17,184,107,0.21,0.67,0.34,0.86,0.5,0.28,35.83
D12,12,64,101,0.12,0.37,0.64,0.36,0.93,0.68,15.01
D6,13,38,58,0.88,0.06,0.03,0.57,0.21,0.54,13.93
D1,4,42,61,0.44,0.83,0.59,0.53,0.36,0.01,22.74
D3,9,139,76,0.63,0.17,0.28,0.4,0.33,0.67,36.56
D3,11,68,94,0.49,0.37,0.67,0.64,0.24,0.62,20.35
D10,9,232,78,0.87,0.6,0.14,0.47,0.99,0.08,62.52
D12,23,78,74,0.55,0.48,0.74,0.02,0.39,0.75,28.64
D12,10,86,80,0.48,0.2,0.65,0.81,0.94,0.52,24.98
D4,1,114,40,0.92,0.14,0.97,0.11,0.39,0.2,64.1
D6,4,105,111,0.72,0.12,0.91,0.46,0.2,0.56,26.47
D7,6,118,35,0.11,0.86,0.28,0.58,0.12,0.6,66.52
D10,5,86,91,0.18,0.03,0.03,0.71,0.86,0.92,12.55
D4,21,24,38,0.79,0.98,0.66,0.41,0.03,0.74,26.94
D6,22,47,112,0.84,0.2,0.6,0.74,0.96,0.3,15.77
D11,2,111,120,0.55,0.11,0.03,0.13,0.42,0.12,16.32
D1,12,96,67,0.55,0.58,0.12,0.65,0.25,0.85,30.83
D8,2,62,50,0.63,0.08,0.58,0.83,0.62,0.85,27.65
D7,23,110,91,0.44,0.6,0.91,0.89,0.13,0.18,33.15
D11,20,65,99,0.68,0.85,0.91,0.58,0.07,0.06,27.49
D11,5,57,78,0.11,0.05,0.15,0.31,0.83,0.71,9.25
D9,10,94,110,0.96,0.8,0.38,0.16,0.42,0.72,28.38
D3,16,58,100,0.75,0.39,0.04,0.35,0.52,0.18,14.48
D2,9,159,70,0.63,0.16,0.47,0.54,0.18,0.67,46.36
D1,11,20,118,0.32,0.18,0.75,0.2,0.06,0.28,7.57
D3,16,51,37,0.16,0.92,0.79,0.95,0.37,0.26,35.53
D5,3,88,59,0.41,0.11,0.5,0.9,0.51,0.32,29.79
D11,1,27,48,0.66,0.87,0.1,0.03,0.77,0.52,18.3
D2,10,78,84,0.63,0.54,0.38,0.56,0.5,0.8,24.31
D12,6,49,108,0.38,0.04,0.93,0.79,0.78,0.5,13.72
D3,1,55,84,0.61,0.46,0.23,0.25,0.12,0.3,16.96
D4,17,173,76,0.81,0.82,0.32,0.52,0.06,0.88,52.8
D7,20,96,107,0.03,0.73,0.75,0.41,0.16,0.06,23.36
D3,3,73,77,0.45,0.49,0.73,0.2,0.77,0.8,25.77
D9,7,159,88,0.76,0.86,0.91,0.61,0.76,0.78,49.5
D8,19,240,62,0.55,0.12,0.39,0.99,0.14,0.25,73.97
D4,13,35,73,0.65,0.91,0.51,0.37,0.03,0.2,20.83
D1,11,90,56,0.52,0.85,0.47,0.55,0.69,0.87,39.47
D1,21,64,64,0.99,0.71,0.93,0.33,0.86,0.56,35.56
D1,20,98,57,0.05,0.82,0.77,0.88,0.75,0.05,39.69
D1,17,228,56,0.49,0.54,0.83,0.86,0.2,0.89,85.02
D8,10,81,80,0.09,0.68,0.13,0.18,0.58,0.35,19.87
D3,7,175,69,0.16,0.56,0.79,0.9,0.76,0.34,53.54
D6,1,115,67,0.38,0.36,0.43,0.15,0.26,0.64,35.31
D3,14,80,61,0.16,0.57,0.02,0.1,0.53,0.66,23.99
D11,8,155,107,0.96,0.26,0.06,0.65,0.31,0.35,31.4
D5,18,168,69,0.95,0.44,0.68,0.39,0.23,0.14,56.82
D7,19,211,99,0.34,0.28,0.37,0.53,0.97,0.55,41.3
D2,7,208,101,0.64,0.12,0.87,0.65,0.91,0.63,45.86
D6,18,215,100,0.53,0.32,0.73,0.05,0.45,0.86,47.07
D6,4,41,82,0.82,0.85,0.02,0.29,0.14,0.48,17.71
D11,10,104,95,0.63,0.38,0.69,0.46,0.73,0.65,28.75
D3,14,62,111,0.0,0.75,0.19,0.27,0.26,0.05,11.88
D6,7,152,62,0.76,0.18,0.42,0.05,0.17,0.89,50.6
D10,18,193,90,0.75,0.42,0.62,0.09,0.38,0.33,48.9
D10,22,28,36,0.51,0.11,0.87,0.8,0.53,0.63,20.98
D5,7,170,103,0.9,0.14,0.46,0.91,0.1,0.92,37.14
D12,18,194,51,0.91,0.62,0.81,0.15,0.57,0.81,84.52
D2,17,133,63,0.52,0.61,0.78,0.25,0.02,0.64,49.39
D9,9,161,85,0.61,0.21,0.41,0.65,0.89,0.7,39.14
D8,6,21,93,1.0,0.47,0.5,0.95,0.92,0.92,15.24
D3,8,143,69,0.3,0.86,0.7,0.3,0.73,0.81,48.22
D8,0,108,78,0.32,0.17,0.03,0.86,0.47,0.61,23.22
D9,18,137,77,0.18,0.02,0.89,0.51,0.25,0.66,35.73
D3,4,82,75,0.9,0.65,0.77,0.96,0.74,0.15,34.43
D3,18,150,72,0.74,0.05,0.25,0.14,0.93,0.47,40.87
D2,0,51,37,0.11,0.98,0.98,0.97,0.16,0.3,37.37
D8,14,114,45,0.98,0.61,0.18,0.44,0.47,0.43,55.88
D10,15,59,56,0.73,0.47,0.91,0.95,0.32,0.66,31.76
D1,22,37,64,0.85,0.43,0.32,0.46,0.36,0.15,18.32
D8,6,71,44,0.05,0.57,0.76,0.53,0.41,0.02,35.35
D7,11,82,82,0.5,0.09,0.46,0.8,0.95,0.4,21.02
D7,7,220,66,0.7,0.93,0.74,0.72,0.26,0.32,76.13
D3,4,85,60,0.54,0.63,0.16,0.62,0.49,0.42,31.27
D1,9,190,86,0.67,0.18,0.27,0.42,0.95,0.93,43.93
D4,20,117,63,0.82,0.56,0.1,0.79,0.48,0.71,40.76
D9,4,74,88,0.37,0.13,0.87,0.95,0.86,0.33,21.04
D5,16,22,46,0.85,0.02,0.3,0.01,0.06,0.18,12.52
D1,4,97,107,0.16,0.63,0.69,0.59,0.95,0.62,23.26
D5,21,65,67,0.27,0.65,0.82,0.87,0.19,0.66,26.82
D8,14,54,30,0.04,0.58,0.9,0.65,0.98,0.48,40.07
D8,12,48,33,0.36,0.18,0.11,0.8,0.18,0.21,25.71
D5,0,80,126,0.38,0.6,0.89,0.9,0.44,0.03,21.85
D12,10,36,57,0.81,0.06,0.2,0.75,0.31,0.27,14.42
D9,22,69,119,0.65,0.61,0.74,0.72,0.43,0.46,22.03
D1,0,27,63,0.44,0.55,0.73,0.96,0.25,0.79,16.67
D4,10,78,47,0.65,0.66,0.01,0.86,0.97,0.85,35.65
D3,17,224,108,0.05,0.9,0.22,0.82,0.31,0.41,41.9
D2,17,156,65,0.18,0.85,0.49,0.09,0.65,0.8,51.12
D8,20,29,105,0.63,0.98,0.42,0.24,0.14,0.99,16.72
D7,15,41,45,0.64,0.98,0.92,0.56,0.82,0.72,33.1
D9,12,31,104,0.77,0.77,0.36,0.71,0.54,0.73,15.92
D2,6,103,80,0.4,0.96,0.94,0.3,0.98,0.91,37.82
D4,0,20,56,0.72,0.87,0.46,0.09,0.42,0.34,18.39
D6,15,86,41,0.68,0.73,0.96,0.31,0.2,0.01,53.38
D11,0,49,38,0.96,0.08,0.74,0.77,0.35,0.99,33.07
D3,16,72,90,0.22,0.05,0.83,0.88,0.74,0.49,17.8
D8,5,73,66,0.55,0.84,0.1,0.91,0.66,0.79,27.02
D3,1,84,71,0.6,0.49,0.59,0.38,0.78,0.81,30.19
D12,16,68,33,1.0,0.81,0.14,0.37,0.07,0.4,48.83
D2,5,83,108,0.2,0.31,0.3,0.41,0.58,0.54,14.55
D3,13,70,120,0.52,0.4,0.62,0.38,0.93,0.54,17.86
D11,17,201,109,0.35,0.7,0.73,0.67,0.11,0.22,43.28
D6,5,79,116,0.53,0.92,0.04,0.36,0.09,0.12,19.2
D2,9,208,76,0.23,0.09,0.53,0.02,0.72,0.54,51.15
D8,23,50,101,0.05,0.86,0.57,0.44,0.32,0.12,15.68
D1,17,223,107,0.57,0.79,0.08,0.22,0.66,0.35,44.57
D7,8,248,91,0.34,0.32,0.5,0.03,0.55,0.19,53.8
D2,7,211,53,0.18,0.36,0.71,0.47,0.99,0.71,77.74
D10,9,240,92,0.32,0.05,0.05,0.21,0.89,0.87,44.84
D12,16,41,32,0.05,0.02,0.76,0.45,0.68,0.58,24.17
D6,22,98,128,0.95,0.48,0.58,0.28,0.26,0.41,25.54
D12,5,66,67,0.58,0.1,0.83,0.6,0.26,1.0,24.98
D2,13,52,107,0.81,0.19,0.22,0.99,0.88,0.02,13.12
D2,21,67,94,0.42,0.85,0.83,0.55,0.59,0.3,25.4
D10,21,45,37,0.9,0.57,0.09,0.65,0.79,0.28,29.69
D8,5,69,109,0.48,0.63,0.4,0.92,0.45,0.36,18.5
D12,6,57,39,0.57,0.19,0.2,0.37,0.1,0.23,28.69
D2,11,61,66,0.49,0.83,0.88,0.17,0.33,0.26,30.21
D7,2,45,121,0.73,0.87,0.7,0.28,0.16,0.26,20.96
D3,13,31,113,0.57,0.52,0.03,0.4,0.78,0.51,8.3
D8,21,68,43,0.27,0.91,0.01,0.65,0.7,0.39,33.01
D7,18,175,84,0.15,0.84,0.29,0.0,0.09,0.64,43.08
D8,22,48,41,0.61,0.73,0.14,0.85,0.62,0.51,28.12
D7,15,101,73,0.49,0.73,0.63,0.08,0.87,0.18,35.45
D11,6,85,31,0.1,0.11,0.66,0.9,0.7,0.81,51.43
D6,7,188,66,0.4,0.27,0.94,0.95,0.51,0.47,60.21
D7,17,139,67,0.51,0.07,0.95,0.99,0.31,0.15,45.22
D5,12,41,112,0.83,0.01,0.66,0.81,0.89,0.17,13.49
D7,20,77,82,0.08,0.16,0.01,0.14,0.42,0.8,12.53
D1,8,130,73,0.35,0.88,0.36,0.71,0.86,0.7,40.37
D1,9,190,85,0.82,0.24,0.51,0.2,0.78,0.51,48.55
D9,20,108,129,0.65,0.97,0.5,0.9,0.82,0.31,27.87
D5,22,50,60,0.29,0.6,0.6,0.32,0.99,0.46,22.0
D5,8,195,68,0.85,0.24,0.96,0.33,0.75,0.64,64.61
D3,14,72,105,0.49,0.5,0.89,0.92,0.03,0.88,22.87
D5,19,203,80,0.5,0.22,0.11,0.01,0.21,0.56,47.3
D3,1,41,52,0.98,0.98,0.27,0.19,0.04,0.28,27.99
D9,12,106,44,0.95,0.85,0.83,0.42,0.19,0.04,61.51
D9,1,45,32,0.36,0.03,0.82,0.7,0.06,0.18,29.97
D6,18,216,69,0.14,0.95,0.28,0.65,0.5,0.65,63.19
D1,1,59,68,0.33,0.72,0.73,0.67,0.03,0.16,25.3
D7,2,91,47,0.03,0.08,0.67,0.88,0.47,0.48,35.77
D7,5,60,99,0.02,0.67,0.47,0.12,0.9,0.7,14.78
D10,2,46,129,0.4,0.65,0.2,0.52,0.75,0.31,11.02
D10,9,144,86,0.94,0.22,0.89,0.73,0.94,0.67,42.64
D4,23,77,34,0.87,0.76,0.68,0.64,0.23,0.58,55.9
D8,5,92,36,0.51,0.09,0.17,0.45,0.53,0.44,47.08
D6,22,60,113,0.57,0.49,0.7,0.02,0.32,0.9,18.92
D4,15,29,91,0.01,0.01,0.74,0.06,0.49,0.69,5.81
D4,16,45,97,0.22,0.97,0.89,0.12,0.56,0.36,20.63
D2,18,231,73,0.02,0.75,0.22,0.34,0.04,0.8,60.31
D2,2,97,70,0.75,0.16,0.99,0.12,0.23,0.74,35.95
D12,17,194,66,0.15,0.34,0.15,0.43,0.7,0.79,52.95
D4,6,43,56,0.87,0.16,0.6,0.18,0.77,0.64,22.08
D5,8,136,58,0.64,0.77,0.66,0.78,0.57,0.38,55.17
D8,19,236,84,0.23,0.06,0.42,0.87,0.27,0.35,51.2
D6,11,31,114,0.16,0.84,0.48,0.39,0.41,0.65,11.57
D4,4,22,108,0.63,0.94,0.89,0.51,0.1,0.13,19.34
D11,2,104,39,0.9,0.68,0.65,0.95,0.95,0.82,62.57
D7,10,52,75,0.72,0.21,0.5,0.54,0.87,0.37,18.87
D8,3,78,81,0.35,0.36,0.13,1.0,0.07,0.63,18.4
D2,4,25,31,0.59,0.48,0.01,0.14,0.17,0.5,17.73
D12,0,48,69,0.31,0.6,0.12,0.86,0.58,0.52,15.23
D7,17,226,53,1.0,0.67,0.96,0.5,0.23,0.74,95.66
D2,11,87,58,0.75,0.55,0.76,0.02,0.93,0.63,39.52
D2,12,81,89,0.61,0.35,0.97,0.97,0.76,0.25,27.47
D8,8,213,90,0.42,0.89,0.04,0.97,0.27,0.07,48.94
D2,1,106,111,0.62,0.08,0.68,0.38,0.01,0.84,23.23
D11,4,108,94,0.34,0.47,0.04,0.95,0.8,0.88,21.92
D9,12,83,108,0.03,0.78,0.78,0.14,0.42,0.16,21.73
D12,15,82,127,0.4,0.06,0.38,0.68,0.64,0.31,12.56
D1,15,67,49,0.93,0.71,0.1,0.19,0.29,0.28,34.13
D9,23,56,93,0.63,0.82,0.57,0.25,0.14,0.94,22.62
D1,2,110,115,0.08,0.66,0.28,0.78,0.68,0.2,19.94
D10,21,24,63,0.88,0.01,0.66,0.38,0.45,0.17,14.23
D10,3,58,96,0.27,0.18,0.66,0.01,0.24,0.18,14.28
D2,10,100,91,0.24,0.34,0.71,0.41,0.14,0.73,25.05
D6,22,107,53,0.3,0.23,0.99,0.23,0.58,0.89,44.1
D6,13,22,100,0.58,0.96,0.39,0.68,0.73,0.39,14.76
D1,2,108,96,0.54,0.65,0.47,0.19,0.28,0.14,28.94
D7,15,98,122,0.49,0.3,0.8,0.84,0.74,0.59,22.37
D8,21,69,58,0.72,0.93,0.58,0.27,0.18,0.21,35.37
D2,14,93,61,0.32,0.74,0.04,0.39,0.34,0.06,31.14
D8,9,216,88,0.78,0.28,0.84,0.3,0.74,0.89,55.62
D9,8,138,86,0.18,0.38,0.05,0.64,0.66,0.87,28.1
D6,10,33,97,0.78,0.2,0.17,0.1,0.27,0.98,9.79
D5,15,83,49,0.66,0.97,0.1,0.48,0.12,0.47,40.05
D12,9,157,63,0.68,0.52,0.08,0.33,0.04,0.29,50.61
D9,16,63,127,0.48,0.9,0.03,0.88,0.84,0.77,15.06
D12,18,206,80,0.67,0.35,0.06,0.07,0.08,0.18,50.29
D11,1,116,68,0.08,0.86,0.44,0.83,0.11,0.24,37.05
D9,23,47,93,0.85,0.05,0.25,0.17,0.24,0.26,12.83
D1,22,108,61,0.06,0.98,0.13,0.09,0.45,0.95,36.31
D11,1,28,57,0.15,0.91,0.66,0.2,0.79,0.73,17.82
D3,5,114,46,0.58,0.36,0.23,0.1,0.25,0.13,49.34
D9,18,246,72,0.74,0.77,0.02,0.52,0.54,0.09,69.93
D11,7,206,104,0.08,0.75,0.42,0.99,0.09,0.84,40.92
D2,2,29,109,0.92,0.9,0.31,0.03,0.46,0.8,17.45
D12,13,25,77,0.97,0.31,0.32,0.46,0.18,0.67,13.65
D4,15,94,96,0.61,0.47,0.45,0.39,0.21,0.2,25.05
D4,0,111,70,0.48,0.86,0.67,0.34,0.37,0.48,40.64
D2,20,98,89,0.74,0.78,0.62,0.33,0.76,0.6,32.91
D3,2,96,71,0.33,0.39,0.94,0.9,0.74,0.93,33.12
D3,21,100,100,0.49,0.85,0.52,0.02,0.41,0.17,28.48
D1,17,157,87,0.92,0.05,0.47,0.77,0.12,0.52,39.42
D6,8,142,109,0.96,0.78,0.21,0.25,0.28,0.16,34.88
D8,5,100,44,0.93,0.21,0.76,0.38,0.51,0.44,52.28
D12,22,55,121,0.26,0.29,0.14,0.42,0.87,0.2,7.66
D3,20,34,104,0.23,0.49,0.49,0.3,0.97,0.84,10.1
D5,0,75,124,0.3,0.45,0.42,0.09,0.64,0.25,14.85
D1,20,23,128,0.44,0.52,0.66,0.11,0.35,0.42,11.16
D10,9,227,101,0.31,0.54,0.92,0.3,0.69,0.41,50.61
D7,5,110,39,0.37,0.33,0.95,0.82,0.34,0.87,60.06
D10,22,113,74,0.62,0.18,0.17,0.13,0.63,0.76,29.99
D1,11,103,58,0.76,0.77,0.26,0.74,0.24,0.06,42.12
D12,3,72,58,0.74,0.4,0.81,0.29,0.27,0.07,33.75
D11,12,42,86,0.81,0.51,0.52,0.88,0.08,0.55,18.87
D9,16,69,50,0.03,0.64,0.45,0.43,0.42,0.43,28.66
D8,7,241,92,0.05,0.91,0.71,0.17,0.62,0.28,56.54
D7,19,139,90,0.79,0.71,0.6,0.99,0.79,0.79,40.71
D10,2,95,59,0.53,0.05,0.97,0.18,0.81,0.13,36.86
D7,11,70,62,0.58,0.84,0.58,0.57,0.99,0.97,32.14
D5,6,37,107,0.05,0.99,0.47,0.57,0.09,0.02,13.21
D5,11,41,93,0.26,0.47,0.54,0.37,0.49,0.12,12.75
D11,1,40,30,0.64,0.97,0.81,0.95,0.52,0.31,39.77
D5,23,34,65,0.86,0.55,0.61,0.84,0.8,0.51,21.17
D1,13,66,83,0.92,0.46,0.65,0.83,0.27,0.22,26.27
D8,21,105,61,0.5,0.33,0.97,0.97,0.07,0.74,41.2
D12,22,77,75,0.55,0.66,0.62,0.46,0.31,0.36,28.69
D11,4,73,62,0.83,0.23,0.38,0.1,0.98,0.04,27.88
D1,8,234,108,0.54,0.1,0.69,0.77,0.9,0.88,45.08
D4,20,58,52,0.52,0.03,0.66,0.38,0.4,0.94,24.62
D9,10,62,84,0.91,0.29,0.01,0.19,0.88,0.62,17.67
D9,4,21,95,0.79,0.4,0.47,0.48,0.03,0.81,12.29
D5,2,57,58,0.91,0.55,0.74,0.93,0.31,0.12,31.29
D4,16,86,100,0.22,0.29,0.5,0.17,0.73,0.27,18.07
D3,1,55,58,0.52,0.98,0.78,0.85,0.22,0.33,31.39
D3,23,56,129,0.84,0.29,0.45,0.42,0.2,0.96,15.48
D12,0,106,74,0.11,0.44,0.98,0.14,0.86,0.51,33.4
D5,6,35,60,0.79,0.1,0.29,0.85,0.62,0.01,14.55
D10,13,53,79,0.18,0.26,0.09,0.97,0.99,0.38,10.17
D1,4,84,111,0.81,0.05,0.43,0.29,0.13,0.01,18.75
D5,18,191,89,0.61,0.56,0.54,0.3,0.36,0.24,48.19
D6,10,62,85,0.19,0.75,0.35,0.39,0.31,0.45,18.25
D7,22,34,77,0.47,0.2,0.24,0.81,0.88,0.32,9.45
D12,1,68,110,0.68,0.37,0.67,0.01,0.26,0.03,20.16
D9,7,173,59,0.63,0.02,0.38,0.22,0.35,0.12,56.41
D3,8,149,55,0.43,0.84,0.63,0.71,0.14,0.55,60.31
D2,2,27,74,0.9,0.78,0.78,0.41,0.78,0.7,22.31
D3,1,53,125,0.52,0.06,0.76,0.33,0.24,0.4,13.08
D12,6,70,33,0.51,0.36,0.38,0.87,0.07,0.73,43.5
D9,4,58,113,0.06,0.96,0.57,0.92,0.44,0.16,17.03
D12,20,43,117,0.92,0.39,0.45,0.95,0.39,0.12,15.91
D7,4,74,55,0.18,0.53,0.87,0.27,0.18,0.84,32.26
D9,19,154,85,0.53,0.36,0.88,0.91,0.13,0.34,42.59
D2,12,90,103,0.8,0.6,0.34,0.74,0.9,0.43,25.05
D5,20,77,41,0.22,0.98,0.09,0.15,0.07,0.95,39.39
D4,19,130,101,0.53,1.0,0.17,0.61,0.1,0.42,32.29
D2,5,69,54,0.24,0.77,0.37,0.03,0.25,0.0,29.17
D9,19,209,54,0.76,0.4,0.56,0.71,0.95,0.94,80.03
D9,17,212,53,0.56,0.49,0.66,0.73,0.09,0.01,82.33
D6,1,25,55,0.86,0.36,0.33,0.79,0.82,0.66,15.58
D11,5,74,68,0.89,0.99,0.67,0.17,0.89,0.32,36.45
D6,8,138,94,0.65,0.71,0.94,0.63,0.38,0.47,41.14
D8,2,33,84,0.73,0.45,0.65,0.18,0.29,0.55,17.02
D6,0,28,44,0.55,0.01,0.16,0.95,0.68,0.41,11.29
D1,0,56,79,0.38,0.52,0.58,0.68,0.7,0.77,19.62
D4,18,246,69,0.65,0.98,0.54,0.1,0.78,0.93,78.56
D7,4,91,125,0.91,0.52,0.87,0.19,0.83,0.09,27.52
D2,12,40,86,0.42,0.18,0.35,0.66,0.27,0.8,10.25
D9,18,234,68,0.31,0.02,0.42,0.48,0.69,0.13,63.2
D8,11,112,87,0.39,0.35,0.6,0.74,0.13,0.08,28.98
D8,15,114,35,0.44,0.92,0.52,0.28,0.51,0.96,70.21
D7,18,133,92,0.07,1.0,0.72,0.66,0.61,0.49,36.04
D4,2,112,71,0.5,0.95,0.04,0.18,0.16,0.15,35.7
D2,11,22,30,0.49,0.73,0.56,0.54,0.08,0.57,22.83
D3,4,74,44,0.59,0.56,0.12,0.96,0.19,0.26,35.6
D12,1,66,114,0.36,0.59,0.32,0.63,0.42,0.46,15.29
D6,21,65,87,0.61,0.54,0.66,0.05,0.89,0.62,23.36
D12,6,114,100,0.88,0.71,0.16,0.99,0.53,0.87,30.04
D12,12,100,112,0.96,0.42,0.31,0.16,0.75,0.0,24.94
D5,14,58,32,0.58,0.67,0.7,0.72,0.17,0.21,44.26
D12,21,49,64,0.04,0.12,0.65,0.53,0.11,0.1,14.5
D8,2,76,58,0.97,0.27,0.09,0.29,0.24,0.1,29.31
D6,20,69,91,0.71,0.84,0.58,0.18,0.31,0.95,26.51
D6,19,181,103,0.34,0.9,0.15,0.18,0.55,0.94,38.09
D1,4,33,64,0.15,0.54,0.25,0.86,0.88,0.75,11.09
D4,23,47,87,0.14,0.03,0.46,0.87,0.43,0.64,8.69
D5,7,159,75,0.17,0.93,0.11,0.47,0.52,0.85,43.11
D12,21,26,68,0.05,0.7,0.99,0.1,0.0,0.06,16.0
D11,0,114,98,0.9,0.41,0.17,0.88,0.03,0.12,27.98
D3,7,164,99,0.54,0.6,0.78,0.49,0.08,0.32,41.12
D9,23,71,43,0.7,0.43,0.83,0.44,0.7,0.83,41.38
D1,17,192,85,0.83,0.47,0.99,0.41,0.49,0.47,55.61
D6,19,220,73,0.79,0.89,0.43,0.37,0.19,0.5,67.85
D6,15,59,58,0.88,0.16,0.87,0.53,0.59,0.23,29.25
D10,17,182,94,0.97,0.1,0.96,0.6,0.54,0.65,47.28
D5,19,151,57,0.44,0.0,0.17,0.47,0.09,0.89,47.33
D12,11,34,98,0.95,0.31,0.48,0.9,0.64,0.33,15.35
D5,12,83,33,0.72,0.15,0.06,0.32,0.77,0.62,47.81
D10,12,94,47,0.07,0.22,0.62,0.58,0.29,0.33,38.14
D5,9,171,98,0.68,0.01,0.58,0.3,0.69,0.79,36.76
D6,6,49,44,0.69,0.23,0.2,0.75,0.2,0.47,23.76
D8,13,89,84,0.91,0.33,0.8,0.1,0.76,0.34,31.23
D2,23,72,45,0.37,0.03,0.04,0.19,0.91,0.42,26.45
D6,15,92,63,0.58,0.61,0.81,0.8,0.44,0.09,38.24
D1,14,46,42,0.01,0.57,0.03,0.18,0.24,0.87,18.72
D4,11,119,56,0.33,0.1,0.66,0.63,0.4,0.96,42.1
D10,8,202,54,0.06,0.6,0.08,0.97,0.25,0.48,68.62
D3,7,244,71,0.52,1.0,0.25,0.52,0.0,0.22,72.51
D9,17,160,52,0.82,0.94,0.72,0.19,0.65,0.66,72.42
D3,22,49,50,0.21,0.0,0.28,0.32,0.04,0.45,15.5
D6,17,228,55,0.53,0.8,0.51,0.82,0.21,0.25,86.2
D1,12,111,61,0.2,0.35,0.92,0.35,0.72,0.04,39.98
D12,17,171,86,0.12,0.06,0.05,0.72,0.67,0.89,31.67
D6,14,81,118,0.51,0.3,0.81,0.78,0.07,0.8,20.49
D4,3,51,128,0.08,0.32,0.07,0.5,0.66,0.83,4.61
D8,16,105,117,0.59,0.52,0.13,0.78,0.93,0.44,20.88
D11,4,58,93,0.03,0.66,0.12,0.32,0.07,0.75,11.88
D9,21,49,92,0.11,0.75,0.99,0.52,0.42,0.58,19.78
D4,15,115,60,0.55,0.25,0.18,0.69,0.73,0.37,37.25
D10,8,216,89,0.59,0.32,0.9,0.17,0.67,0.84,54.29
D12,9,162,74,0.03,0.31,0.99,0.27,0.23,1.0,45.49
D10,23,55,53,0.57,0.36,0.38,0.65,0.16,0.9,24.11
D6,17,224,107,0.84,1.0,0.63,0.66,0.78,0.78,54.22
D1,16,58,75,0.72,0.78,0.78,0.49,0.96,0.75,28.17
D4,17,206,59,0.13,0.97,0.39,0.8,0.77,0.65,70.94
D7,6,106,111,0.59,0.69,0.16,0.48,0.96,0.85,23.78
D12,3,51,126,0.67,0.41,0.43,0.88,0.6,0.49,14.3
D1,4,55,57,0.04,0.39,0.77,0.74,0.93,0.18,21.75
D8,22,35,45,0.86,0.49,0.78,0.31,0.69,0.77,26.87
D12,15,37,37,0.91,0.42,0.23,0.4,0.91,0.92,25.71
D10,2,99,104,0.85,0.83,0.17,0.67,0.16,0.34,27.5
D12,17,199,50,0.82,0.47,0.92,0.89,0.82,0.78,86.56
D11,22,81,105,0.74,0.3,0.04,0.18,0.2,0.27,17.09
D6,20,57,121,0.63,0.77,0.73,0.51,0.03,0.94,21.22
D5,13,64,87,0.68,0.85,0.05,0.12,0.52,0.68,21.03
D10,14,100,30,0.81,0.42,0.84,0.28,0.32,0.57,73.37
D11,16,51,37,0.66,0.67,0.91,0.69,0.04,0.78,38.94
D9,0,59,85,0.33,0.06,0.3,0.08,0.98,0.81,12.07
D2,20,82,117,0.38,0.53,0.07,0.66,0.67,0.89,14.87
D5,16,93,103,0.9,0.04,0.48,0.9,0.9,0.9,22.64
D6,22,55,118,0.02,0.03,0.3,0.97,1.0,0.05,4.75
D7,10,76,103,0.7,0.61,0.42,0.22,0.39,0.12,22.45
D5,16,102,74,0.95,0.3,0.66,0.75,0.25,0.83,35.9
D9,13,98,109,0.71,0.74,0.21,0.93,0.18,0.95,24.78
D1,19,131,78,0.99,0.9,0.36,0.09,0.52,0.31,44.58
D7,18,197,102,0.69,0.14,0.78,0.41,0.61,0.01,43.32
D10,20,69,58,0.03,0.72,0.64,0.92,0.47,0.32,27.64
D7,6,114,110,0.83,0.51,0.33,0.2,0.39,0.38,27.4
D4,23,29,56,0.28,0.11,0.66,0.93,0.17,0.76,12.14
D9,12,34,89,0.45,0.65,0.77,0.53,0.44,0.05,17.19
D12,17,237,80,0.31,0.61,0.59,0.1,0.09,0.21,61.38
D11,22,40,89,0.27,0.52,0.24,0.45,0.87,0.89,10.7
D5,13,77,70,0.43,0.93,0.0,0.33,0.05,0.15,25.71
D4,0,65,74,0.38,0.52,0.8,0.28,0.38,0.76,24.76
D7,6,45,80,0.63,0.99,0.82,0.54,0.1,0.36,25.76
D4,7,165,101,0.81,0.51,0.7,0.48,0.77,0.66,41.61
D3,17,210,100,0.3,0.12,0.08,0.48,0.31,0.07,36.21
D9,8,132,63,0.21,0.47,0.59,0.09,0.11,0.29,43.21
D11,0,68,106,0.67,0.18,0.82,0.8,0.53,0.42,20.13
D8,21,110,30,0.67,0.6,0.39,0.48,0.92,0.86,75.73
D1,16,76,46,0.9,0.69,0.2,0.82,0.91,0.56,39.84
D7,18,241,99,0.02,0.47,0.59,0.82,0.25,0.05,47.7
D9,5,117,43,0.85,0.1,0.83,0.32,0.72,0.8,59.42
D8,2,78,110,0.52,0.47,0.05,0.0,0.03,0.05,15.57
D8,23,22,127,0.62,0.08,0.6,0.91,0.13,0.93,8.1
D6,4,59,118,0.09,0.68,0.64,0.76,0.5,0.21,15.13
D11,1,85,63,0.43,0.79,0.6,0.11,0.23,0.49,34.54
D4,19,219,80,0.23,0.96,0.65,0.7,0.8,0.07,60.28
D8,3,28,123,0.25,0.15,0.63,0.02,0.93,0.56,6.62
D3,9,213,70,0.5,0.53,0.13,0.03,0.0,0.5,59.64
D9,9,222,108,0.81,0.57,0.23,0.53,0.23,0.41,45.61
D2,23,44,73,0.74,0.92,0.62,0.1,0.44,0.04,25.03
D2,20,44,38,0.59,0.63,0.02,0.96,0.56,0.88,25.68
D12,10,81,55,0.54,0.15,0.63,0.89,0.92,0.8,32.21
D12,15,76,66,0.43,0.44,0.67,0.65,0.89,0.63,28.32
D7,16,35,66,0.97,0.65,0.24,0.06,0.64,0.57,19.83
D12,15,95,53,0.56,0.7,0.6,0.32,0.26,0.69,43.07
D10,6,45,49,0.25,0.86,0.53,0.37,0.78,0.14,24.95
D4,15,28,116,0.23,0.18,0.26,0.48,0.2,0.93,3.56
D10,2,48,60,0.61,0.95,0.46,0.17,0.97,0.28,26.27
D8,15,38,49,0.52,0.06,0.91,0.58,0.01,0.66,20.94
D9,7,216,92,0.01,0.98,0.43,0.44,0.57,0.61,49.24
D7,11,46,123,0.83,0.86,0.63,0.95,0.09,0.64,21.18
D5,2,104,73,0.7,0.66,0.04,0.94,0.41,0.88,32.06
D8,16,54,100,0.66,0.73,0.08,0.57,0.63,0.3,16.42
D4,20,41,103,0.07,0.07,0.08,0.64,0.69,0.75,2.3
D2,17,216,64,0.36,0.04,0.78,0.14,0.79,0.6,65.94
D11,10,113,127,0.94,0.1,0.35,0.22,0.59,0.08,22.12
D12,3,32,33,0.86,0.09,0.23,0.9,0.25,0.41,21.66
D6,15,101,85,0.29,0.55,0.75,0.7,0.89,0.84,29.46
D9,16,42,126,0.16,0.22,0.17,0.19,0.81,0.32,4.14
D1,8,227,83,0.45,0.86,0.25,0.57,0.16,0.48,57.66
D11,5,119,128,0.36,0.45,0.43,0.93,0.83,0.49,21.47
D10,23,36,57,0.68,0.7,0.33,0.35,0.97,0.62,20.31
D12,19,143,83,0.97,0.65,0.59,0.19,0.64,0.88,45.01
D7,1,94,86,0.36,0.32,0.34,0.94,0.28,0.17,22.46
D10,8,206,82,0.06,0.24,0.39,0.46,0.61,0.5,45.55
D9,20,74,95,0.9,0.34,0.86,0.42,0.34,0.42,26.62
D10,5,117,122,0.04,0.8,0.88,0.27,0.68,0.3,26.43
D9,2,56,97,0.95,0.59,0.83,0.89,0.54,0.92,25.39
D10,19,205,75,0.66,0.25,0.86,0.85,0.93,0.01,59.56
D11,5,80,121,0.94,0.82,0.57,0.4,0.62,0.12,26.56
D3,6,86,113,0.2,0.05,0.65,0.03,0.21,0.73,15.24
D11,0,93,81,0.04,0.7,0.56,0.45,0.73,0.26,26.05
D5,22,37,82,0.49,0.44,0.79,0.18,0.3,0.72,17.08
D8,0,82,82,0.45,0.73,0.55,0.14,0.27,0.83,27.28
D8,4,46,60,0.33,0.93,0.11,0.39,0.39,0.25,19.67
D4,5,110,30,0.96,0.75,0.81,0.1,0.01,0.19,83.65
D12,12,25,40,0.82,0.44,0.76,0.96,0.97,0.15,23.04
D11,1,53,113,0.66,0.15,0.82,0.05,0.53,0.2,16.58
D11,14,82,82,0.16,0.81,0.19,0.4,0.77,0.27,22.03
D1,14,104,114,0.73,0.46,0.27,0.16,0.26,0.87,23.18
D1,12,37,50,0.73,0.08,0.3,0.69,0.75,0.77,16.79
D4,13,38,33,0.43,0.72,0.51,0.08,0.57,0.0,29.42
D6,21,96,111,0.92,0.29,0.13,0.55,0.42,0.87,21.2
D8,6,48,54,0.17,0.05,0.39,0.77,0.97,0.08,14.92
D6,13,75,106,0.27,0.9,0.18,0.95,0.49,0.66,18.4
D12,23,82,56,0.06,0.48,0.26,0.7,0.66,0.15,27.27
D9,9,189,68,0.8,0.28,0.71,0.1,0.02,0.06,60.59
D9,16,68,94,0.62,0.72,0.85,0.09,0.3,0.76,26.42
D2,13,57,112,0.31,0.89,0.02,0.73,0.89,0.47,13.54
D10,7,181,50,0.16,0.0,0.57,0.22,0.76,0.6,66.31
D1,3,59,110,0.04,0.69,0.04,0.45,0.54,0.43,9.91
D2,15,40,115,0.17,0.77,0.09,0.98,0.9,0.07,8.83
D5,23,34,79,0.45,0.21,0.71,0.82,0.49,0.74,13.48
D4,12,67,61,0.25,0.49,0.74,0.85,0.57,0.82,26.79
D4,21,68,97,0.26,0.09,0.81,0.86,0.38,0.04,16.53
D9,19,237,94,0.88,0.75,0.47,0.62,0.62,0.38,58.69
D11,17,161,53,0.52,0.85,0.86,0.74,0.32,0.56,69.4
D8,13,84,126,0.73,0.11,0.17,0.36,0.39,0.61,14.51
D6,17,200,58,0.04,0.82,0.25,1.0,0.97,0.58,66.65
D1,4,84,109,0.37,0.77,0.13,0.28,0.11,0.69,18.82
D2,8,147,103,0.48,0.35,0.8,0.59,0.11,0.97,34.22
D6,2,66,35,0.19,0.69,0.23,0.28,0.04,0.39,37.88
D11,7,195,58,0.12,0.0,0.16,0.11,0.32,0.56,57.42
D2,19,197,94,0.87,0.93,0.62,0.57,0.4,0.7,53.8
D10,21,42,72,0.94,0.55,0.08,0.35,0.09,0.59,18.14
D5,9,180,57,0.08,0.62,0.04,0.58,0.55,0.39,57.89
D5,21,44,109,0.35,0.66,0.11,0.56,0.58,0.62,10.69
D6,18,164,66,0.96,0.56,0.0,0.54,0.75,0.65,52.68
D6,20,37,56,0.08,0.86,0.7,0.12,0.98,0.58,20.2
D6,2,34,110,0.64,0.61,0.56,0.44,0.62,0.21,15.3
D2,10,88,109,0.97,0.91,0.21,0.81,0.11,0.51,27.05
D10,10,34,71,0.98,0.58,0.23,0.32,0.09,0.88,18.24
D3,16,53,77,0.47,0.17,0.81,0.44,0.78,0.87,18.96
D6,15,102,37,0.16,0.91,0.5,0.49,0.65,0.75,58.15
D8,6,29,34,0.2,0.68,0.7,0.86,0.16,0.7,23.19
D12,3,67,55,0.89,0.7,0.45,0.66,0.25,0.15,34.15
D11,22,105,52,0.91,0.99,0.24,0.1,0.75,0.46,49.82
D12,18,191,62,0.61,0.08,0.97,0.87,0.57,0.11,64.94
D1,11,28,49,0.77,0.43,0.57,0.83,0.59,0.82,19.76
D1,14,111,86,0.74,0.24,0.13,0.75,0.21,0.29,26.92
D11,10,43,62,0.66,0.63,0.41,0.47,0.63,0.77,21.36
D2,4,39,89,0.83,0.81,0.33,0.76,0.77,0.81,19.15
D11,4,67,93,0.69,0.97,0.21,0.48,0.89,0.89,23.42
D12,14,49,102,0.53,0.45,0.93,0.74,0.74,0.75,19.37
D12,17,238,98,0.24,0.79,0.88,0.88,0.58,0.56,55.24
D6,10,36,129,0.74,0.92,0.2,0.89,0.67,0.6,15.2
D9,11,33,48,0.47,0.68,0.35,0.45,0.49,0.32,19.41
D4,1,90,88,0.29,0.24,0.76,0.86,0.23,0.18,23.65
D3,19,196,82,0.8,0.61,0.21,0.1,0.88,0.13,51.86
D12,14,63,61,0.7,0.97,0.59,0.1,0.53,0.18,32.76
D8,19,240,60,0.94,0.99,0.7,0.55,0.59,0.93,90.79
D11,3,21,119,0.17,0.64,0.65,0.65,0.99,0.16,9.63
D10,21,87,46,0.65,0.89,0.71,0.15,0.99,0.72,48.48
D9,17,210,77,0.24,0.2,0.71,0.47,0.59,0.18,53.74
D12,5,113,69,0.9,0.25,0.96,0.09,0.03,0.98,42.52
D11,22,106,75,0.1,0.95,0.35,0.6,0.4,0.37,31.85
D5,18,217,78,0.66,0.14,0.88,0.86,0.94,0.41,59.63
D9,10,23,67,0.79,0.19,0.02,0.74,0.29,0.4,8.47
D2,23,82,58,0.35,0.42,0.29,0.38,1.0,0.82,28.73
D3,1,38,120,0.95,0.59,0.05,0.99,0.08,0.22,13.41
D7,7,158,105,0.85,0.6,0.65,0.66,0.57,0.83,39.98
D7,10,119,64,0.29,0.29,0.1,0.82,0.52,0.66,33.44
D6,4,89,52,0.01,0.92,0.85,0.67,0.26,0.22,40.84
D6,17,232,95,0.3,0.92,0.65,0.99,0.95,0.07,55.12
D2,22,63,77,0.28,0.39,0.03,0.82,0.62,0.77,14.45
D10,17,181,57,0.89,0.43,0.71,0.52,0.23,0.22,70.09
D6,13,74,95,0.97,0.7,0.86,0.37,0.38,0.89,30.57
D4,21,96,69,0.07,0.66,0.66,0.68,0.72,0.13,31.35
D12,9,214,80,0.47,0.38,0.03,0.59,0.3,0.62,50.29
D3,2,67,129,0.55,0.41,0.86,0.63,0.88,0.69,19.26
D11,8,190,97,0.09,0.35,0.73,0.34,0.17,0.66,39.78
D2,2,71,67,0.38,0.24,0.38,0.43,0.26,0.32,21.66
D1,10,110,65,0.32,0.46,0.33,0.56,0.14,0.88,34.32
D11,11,106,84,0.54,0.69,0.48,0.84,0.1,0.77,31.92
D11,11,104,42,0.66,0.74,0.87,0.76,0.3,0.51,59.43
D5,2,56,76,0.7,0.78,0.25,0.12,1.0,0.6,22.43
D2,20,109,100,0.14,0.37,0.1,0.25,0.09,0.57,18.63
D2,6,41,68,0.81,0.76,0.86,0.03,0.21,0.95,26.41
D7,13,106,87,0.68,0.01,0.03,0.01,0.27,0.9,22.0
D8,23,49,47,0.89,0.48,0.91,0.22,0.62,0.24,33.13
D10,10,37,103,0.45,0.79,0.31,0.8,0.75,0.26,13.83
D8,6,58,123,0.89,0.63,0.51,0.9,0.75,0.98,20.31
D4,20,45,100,0.87,0.47,0.13,0.39,0.01,0.24,14.76
D1,9,136,54,0.44,0.64,0.9,0.56,0.65,0.95,57.54
D11,10,84,75,0.38,0.91,0.75,0.71,0.63,0.65,32.34
D7,14,37,42,0.93,0.57,0.92,0.95,0.52,0.05,31.44
D1,18,154,89,0.72,0.8,0.68,0.91,0.38,0.34,45.05
D11,15,27,103,0.93,0.98,0.18,0.06,0.8,0.48,17.01
D4,21,51,46,0.8,0.71,0.31,0.25,0.34,0.83,30.11
D8,20,98,108,0.61,0.57,0.49,0.05,0.23,0.33,25.02
D2,19,177,89,0.12,0.04,0.61,0.62,0.31,0.31,36.65
D6,11,103,44,0.29,0.37,0.93,0.71,0.44,0.92,50.68
D6,17,228,55,0.97,0.57,0.38,0.31,0.21,0.08,86.94
D12,22,113,92,0.32,0.8,0.7,0.85,0.61,0.55,32.31
D9,12,27,124,0.09,0.44,0.96,0.45,0.88,0.5,10.67
D5,4,51,74,0.71,0.96,0.15,1.0,0.6,0.06,22.39
D10,3,71,108,0.73,0.27,0.86,0.0,0.45,0.09,22.17
D4,13,101,42,0.29,0.74,0.42,0.11,0.8,0.38,50.56
D5,7,153,89,0.3,0.42,0.73,0.3,0.75,0.13,37.94
D12,8,143,77,0.47,0.49,0.29,0.03,0.37,0.48,38.64
D12,18,204,55,0.02,0.8,0.33,0.78,0.6,0.61,71.82
D10,2,81,118,0.79,0.3,0.03,0.05,0.73,0.69,15.89
D11,4,80,30,0.32,0.1,0.97,0.75,0.25,0.55,54.83
D5,20,108,95,0.85,0.52,0.81,0.05,0.37,0.38,33.94
D8,17,161,62,0.8,0.53,0.09,0.25,0.11,0.13,53.82
D10,0,52,61,0.66,0.8,1.0,0.84,0.99,0.25,31.28
D12,7,185,73,0.32,0.97,0.61,0.95,0.09,0.42,57.09
D8,18,220,53,0.52,0.06,0.85,0.41,0.17,0.92,82.53
D2,16,107,52,0.44,0.59,0.07,0.97,0.48,0.2,40.95
D7,16,48,127,0.34,0.68,0.39,0.63,0.87,0.41,12.88
D8,10,40,59,0.85,0.99,0.67,0.42,0.36,0.73,28.53
D11,1,109,49,0.48,0.94,0.11,0.8,0.77,0.71,47.98
D6,5,35,96,0.83,0.71,0.49,0.3,0.68,0.97,18.34
D5,21,68,87,0.11,0.52,0.44,0.27,0.64,0.19,17.18
D11,13,63,54,0.14,0.16,0.22,0.66,0.85,0.02,19.21
D9,2,42,88,0.98,0.38,0.3,0.39,0.01,0.32,17.01
D3,11,20,126,0.59,0.59,0.97,0.14,0.93,0.15,15.66
D12,3,34,110,0.51,0.73,0.29,0.07,0.83,0.55,12.72
D10,11,117,110,0.52,0.64,0.21,0.79,0.94,0.9,25.14
D4,12,71,87,0.22,0.71,0.54,0.68,0.79,0.69,21.5
D9,1,60,73,0.72,0.43,0.67,0.41,0.88,0.14,24.83
D6,1,23,106,0.08,0.73,0.73,0.9,0.2,0.12,11.11
D8,14,87,36,0.57,0.14,0.75,0.41,0.32,0.91,50.88
D7,22,65,38,0.57,0.16,0.04,0.71,0.32,0.49,31.52
D11,16,106,62,0.91,0.16,0.39,0.91,0.11,0.92,37.86
D2,6,52,113,0.53,0.89,0.77,0.84,0.73,0.74,21.58
D3,13,23,94,0.14,0.08,0.9,0.51,0.14,0.99,7.76
D1,11,53,120,0.57,0.8,0.6,0.68,0.05,0.87,19.21
D9,16,104,117,0.09,0.23,0.05,0.41,0.78,0.41,12.71
D7,13,98,128,0.2,0.47,0.4,0.65,0.9,0.76,16.89
D1,5,83,54,0.03,0.92,0.07,0.26,0.76,0.47,30.63
D3,18,184,58,0.51,0.59,0.75,0.43,0.83,0.23,68.38
D4,23,36,50,0.08,0.21,0.06,0.21,0.6,0.24,9.42
D4,5,79,42,0.47,0.28,0.19,0.04,0.89,0.4,36.23
D5,17,132,53,0.93,0.92,0.42,0.59,0.5,0.11,59.69
D3,23,23,121,0.72,0.43,0.46,0.86,0.99,0.18,11.26
D3,4,26,55,0.08,0.59,0.41,0.03,0.1,0.5,11.59
D1,23,94,53,0.22,0.46,0.46,0.2,0.81,0.95,36.09
D7,23,29,42,0.67,0.38,0.71,0.46,0.64,0.58,21.86
D11,5,63,68,0.89,0.22,0.37,0.67,0.58,0.41,23.62
D10,1,38,80,0.03,0.69,0.55,0.17,0.73,0.24,13.38
D1,7,148,61,0.81,0.72,0.3,0.06,0.84,0.2,54.46
D2,14,71,115,0.56,0.27,0.35,0.52,0.86,0.66,15.17
D4,14,66,59,0.55,0.79,0.61,0.82,0.18,0.85,31.49
D4,10,65,105,0.96,0.85,0.49,0.04,0.2,0.4,25.51
D5,21,112,50,0.75,0.92,0.72,0.35,0.02,0.55,56.18
D11,21,94,77,0.85,0.16,0.56,0.66,0.13,0.71,29.87
D2,23,81,87,0.35,0.3,0.8,0.13,0.26,0.06,23.43
D4,0,37,88,0.55,0.86,0.44,0.24,0.72,0.35,17.71
D1,17,220,86,0.62,0.2,0.49,0.54,0.48,0.73,52.1
D2,11,67,92,0.32,0.0,0.67,0.95,0.76,0.68,15.46
D1,11,31,116,0.57,0.87,0.22,0.29,0.49,0.05,13.14
D10,10,53,90,0.24,0.33,0.39,0.49,0.56,0.24,12.62
D10,7,231,72,0.14,0.41,0.62,0.4,0.11,0.68,62.78
D4,6,72,54,0.37,0.45,0.03,0.9,0.78,0.27,25.32
D4,22,81,33,0.74,0.85,0.44,0.07,0.76,0.81,56.82
D7,20,113,123,0.92,0.34,0.6,0.57,0.31,0.03,26.98
D10,1,32,71,0.46,0.89,0.97,0.85,0.33,0.19,22.6
D11,10,68,107,0.64,0.62,0.88,0.99,0.22,0.28,24.34
D11,21,75,76,0.1,0.53,0.28,0.7,0.81,0.93,19.49
D9,9,137,104,0.9,0.33,0.51,0.38,0.75,0.8,33.21
D9,2,107,47,0.57,0.24,0.06,0.41,0.61,0.88,42.87
D5,19,164,74,0.78,0.62,0.24,0.35,0.24,0.44,48.84
D10,9,210,81,0.79,0.45,0.77,0.6,0.17,0.82,59.18
D1,17,249,73,0.26,0.91,0.12,0.74,0.05,0.85,67.62
D1,13,26,42,0.53,0.49,0.26,0.82,0.05,0.4,16.12
D6,17,220,97,0.96,0.51,0.94,0.42,0.19,0.99,56.88
D2,23,88,129,0.09,0.42,0.82,0.72,0.1,0.85,17.75
D8,7,219,91,0.68,0.79,0.78,0.92,0.56,0.97,57.96
D9,9,238,80,0.96,0.42,0.86,0.92,0.36,0.87,68.33
D4,21,93,55,0.3,0.27,0.75,0.7,0.44,0.78,36.22
D5,12,105,105,0.86,0.86,0.12,0.64,0.59,0.94,28.29
D11,20,51,120,0.93,0.6,0.52,0.53,0.66,0.42,19.64
D8,7,226,102,0.75,0.59,0.44,0.18,0.65,0.78,50.12
D3,3,71,49,0.23,0.61,0.31,0.12,0.26,0.21,30.21
D5,3,59,88,0.33,0.72,0.83,0.49,0.81,0.73,22.59
D3,4,96,43,0.04,0.31,0.46,0.16,0.92,0.79,41.5
D12,0,63,115,0.83,0.03,0.06,0.58,0.32,0.72,11.5
D10,16,101,77,0.85,0.81,0.27,0.65,0.02,0.85,34.86
D3,1,112,72,0.63,0.13,0.23,0.53,0.9,0.41,30.7
D3,7,145,95,0.35,0.72,0.89,0.04,0.92,0.54,39.09
D12,6,54,82,0.08,0.08,0.65,0.06,0.05,0.01,12.52
D7,14,53,32,0.75,0.38,0.56,0.11,0.0,0.15,38.99
D7,4,87,34,0.73,0.06,0.51,0.15,0.82,0.64,52.02
D7,1,29,81,0.91,0.52,0.65,0.99,0.3,0.56,18.68
D10,6,48,125,0.73,0.65,0.75,0.34,0.91,0.2,19.62
D8,7,160,51,0.83,0.17,0.55,0.29,0.22,0.24,64.97
D5,6,95,120,0.75,0.37,0.94,0.05,0.86,0.34,26.48
D5,6,88,66,0.63,0.93,0.98,0.64,0.07,0.72,40.87
D4,13,46,116,0.43,0.44,1.0,0.65,0.26,0.61,17.46
D7,20,52,97,0.9,0.8,0.67,0.18,0.97,0.07,24.63
D10,17,188,70,0.65,0.93,0.93,0.92,0.23,0.76,65.49
D4,5,107,73,0.4,0.97,0.4,0.8,0.13,0.26,36.22
D2,3,114,117,0.08,0.9,0.86,0.23,0.86,0.67,27.82
D4,9,178,102,0.29,0.32,0.91,0.49,0.12,0.12,39.06
D8,17,203,98,0.54,0.96,0.9,0.46,0.1,1.0,53.17
D9,11,85,124,0.28,0.81,0.83,0.35,0.32,0.08,23.24
D3,15,82,54,0.22,0.84,0.41,0.82,0.64,0.74,34.43
D7,6,23,80,0.53,0.02,0.16,0.11,0.71,0.54,4.77
D12,5,30,46,0.17,0.95,0.33,0.42,0.88,0.09,18.3
D9,4,85,99,0.8,0.78,0.77,0.43,0.54,0.03,30.38
D11,2,92,98,0.48,0.77,0.23,0.47,0.39,0.36,23.85
D4,11,103,58,0.57,0.08,0.48,0.86,0.36,0.8,36.04
D10,14,104,102,0.15,0.23,0.57,0.22,0.85,0.04,20.46
D3,9,221,104,0.32,0.96,0.6,0.1,0.72,0.7,49.37
D5,19,201,80,0.41,0.5,0.94,0.62,0.91,0.66,56.23
D1,18,149,76,0.81,0.4,0.66,0.17,0.96,0.27,46.25
D3,15,27,114,0.77,0.84,0.79,0.07,0.3,0.08,19.4
D8,10,80,57,0.22,0.09,0.58,0.43,0.53,0.92,26.98
D11,7,216,55,0.62,0.42,0.83,0.22,0.63,0.3,82.46
D8,2,22,98,0.24,0.38,0.26,0.36,0.16,0.11,5.18
D4,22,92,36,0.99,0.35,0.21,0.26,0.05,0.68,54.26
D2,6,79,33,0.95,0.31,0.93,0.09,0.87,0.22,57.18
D8,22,24,40,0.56,0.21,0.69,0.56,0.54,0.48,17.43
D8,6,34,93,0.7,0.17,0.67,0.03,0.57,0.05,13.85
D10,13,117,42,0.8,0.64,0.47,0.97,0.55,0.99,61.81
D4,1,26,35,0.72,0.92,0.38,0.34,0.75,0.45,25.21
D3,9,185,88,0.7,0.51,0.56,0.7,0.15,1.0,47.94
D2,18,179,79,0.96,0.3,0.12,0.81,0.61,0.39,47.36
D9,8,151,74,0.6,0.16,0.45,0.28,0.47,0.35,41.65
D1,15,47,113,0.64,0.83,0.46,0.75,0.9,0.91,18.37
D7,18,168,52,0.85,0.97,0.54,0.83,0.52,0.33,74.15
D5,17,134,50,0.67,0.35,0.63,0.24,0.94,0.43,57.47
D8,8,144,75,0.73,0.29,0.96,0.99,0.35,0.08,46.52
D4,15,86,69,0.23,0.6,0.65,0.02,0.97,0.96,29.51
D7,12,117,98,0.37,0.78,0.88,0.22,0.88,0.09,33.61
D5,9,224,100,0.15,0.46,0.56,0.78,0.58,0.77,44.95
D5,19,206,92,0.51,0.63,0.63,0.19,0.35,0.54,50.46
D9,13,20,51,0.46,0.72,0.07,0.7,0.38,0.06,11.67
D9,11,81,108,1.0,0.96,0.13,0.86,0.77,0.0,25.99
D9,18,155,67,0.61,0.17,0.58,0.96,0.58,0.94,48.05
D12,6,67,38,0.79,1.0,0.4,0.47,0.4,0.74,45.56
D6,22,20,38,0.33,0.39,0.8,0.97,0.64,0.69,16.63
D6,14,42,74,0.83,0.72,0.54,0.41,0.73,0.44,22.63
D5,15,21,43,0.62,0.57,0.88,0.22,0.02,0.24,20.99
D9,7,167,89,0.7,0.49,0.97,0.51,0.09,0.68,47.37
D10,9,192,67,0.29,0.7,0.15,0.65,0.09,0.61,56.2
D8,3,35,122,0.55,0.4,0.39,0.46,0.23,0.73,10.56
D7,18,237,60,0.63,0.13,0.66,0.57,0.43,0.37,78.74
D7,18,135,52,0.59,0.49,0.31,0.42,0.8,0.99,53.54
D6,20,33,95,0.92,0.52,0.27,0.52,0.35,0.07,15.08
D5,14,115,124,0.9,0.2,0.81,0.95,0.02,0.08,27.6
D4,13,94,115,0.97,0.94,0.98,0.5,0.48,0.92,34.6
D3,0,86,60,0.67,0.23,0.77,0.25,1.0,0.65,34.7
D3,15,52,117,0.97,0.41,0.52,0.76,0.35,0.33,18.62
D6,9,130,93,0.83,0.15,0.44,0.34,0.96,0.76,31.75
D4,18,144,86,0.27,0.54,0.54,0.82,0.1,0.45,36.2
D12,21,46,77,0.43,0.31,0.46,0.06,0.17,0.02,14.99
D12,2,46,41,0.24,0.49,0.5,0.33,0.72,0.65,24.92
D6,4,86,59,0.0,0.22,0.2,0.09,0.5,0.24,23.65
D3,8,225,72,0.19,0.05,0.9,0.09,0.77,0.12,60.97
D4,17,195,56,0.0,0.78,0.75,0.66,0.86,0.23,71.14
D9,10,53,61,0.72,0.64,0.68,0.39,0.25,0.48,27.72
D5,15,58,125,0.43,0.34,0.95,0.87,0.68,0.05,17.32
D7,1,62,72,0.31,0.05,0.28,0.52,0.61,0.88,14.69
D10,11,97,32,0.76,0.87,0.08,0.3,0.86,0.56,64.49
D2,21,65,61,0.83,0.17,0.83,0.72,0.43,0.29,29.41
D5,5,62,129,0.98,0.93,1.0,0.62,0.05,0.69,28.58
D9,10,100,32,0.64,0.48,0.58,0.8,0.57,0.8,66.12
D11,7,203,102,0.46,0.34,0.06,0.64,0.96,0.61,37.5
D3,11,82,69,0.31,0.74,0.78,0.17,0.01,0.2,31.67
D9,1,37,96,0.22,0.88,0.07,0.67,0.24,0.11,10.81
D11,8,232,59,0.21,0.37,0.54,0.39,0.32,0.86,75.65
D6,14,71,102,0.41,0.41,0.28,0.46,0.77,0.23,15.88
D4,1,65,84,0.99,0.43,0.92,0.92,0.32,0.02,28.73
D7,0,65,104,0.0,0.92,0.45,0.36,0.24,0.64,17.06
D8,9,189,82,0.2,0.69,0.9,0.61,0.65,0.15,51.85
D6,1,119,55,0.19,0.25,0.3,0.36,0.05,0.99,39.59
D5,11,46,67,0.72,0.18,0.39,0.09,0.17,0.87,17.46
D6,22,41,55,0.35,0.23,0.95,0.45,0.41,0.61,20.75
D5,7,215,54,0.46,0.26,0.2,0.6,0.36,0.83,74.71
D8,4,54,95,0.15,0.23,0.58,0.41,0.35,0.47,12.25
D1,21,118,102,0.4,0.66,0.39,0.39,0.11,0.79,27.59
D11,0,70,47,0.1,0.12,0.77,0.82,0.36,0.65,29.48
D7,14,62,41,0.53,0.39,0.13,0.03,0.8,0.03,30.45
D10,5,22,111,0.1,0.63,0.44,0.3,0.41,0.95,7.36
D10,11,26,126,0.79,0.29,0.7,0.81,0.59,0.86,13.13
D11,7,135,67,0.57,0.07,0.41,0.92,0.16,0.95,39.7
D2,12,64,115,0.72,0.08,0.06,0.41,0.07,0.73,11.11
D9,18,244,88,0.42,0.13,0.71,0.89,0.88,0.41,55.59
D1,0,70,38,0.38,0.84,0.5,0.2,0.33,0.21,42.69
D11,10,118,52,0.1,0.66,0.01,0.22,0.35,0.18,41.81
D10,19,141,101,0.52,0.06,0.61,0.85,0.88,0.14,29.6
D6,0,107,91,0.51,0.39,0.92,0.9,0.71,0.22,31.34
D9,7,243,89,0.47,0.28,0.11,0.22,0.76,0.55,51.13
D1,4,92,106,0.74,0.58,0.59,0.06,0.68,0.68,26.5
D4,16,59,83,0.83,0.52,0.73,0.09,0.11,0.31,25.18
D4,7,235,66,0.75,0.48,0.07,0.26,0.96,0.55,70.46
D9,9,136,66,0.14,0.31,0.02,0.76,0.91,0.34,35.21
D11,1,69,53,0.62,0.14,0.46,0.51,0.24,0.7,28.14
D5,8,131,84,0.08,0.74,0.79,0.46,0.8,0.99,36.48
D5,23,111,112,0.69,0.88,0.16,0.58,0.41,0.69,27.11
D6,22,52,50,0.38,0.94,0.84,0.89,0.68,0.06,31.97
D1,2,93,82,0.13,0.06,0.66,0.09,0.17,0.48,21.65
D1,17,175,94,0.86,0.74,0.33,0.69,0.54,0.77,44.98
D9,6,28,35,0.61,0.73,0.52,0.93,0.13,0.54,24.79
D3,14,70,64,0.35,0.95,0.97,0.21,0.54,0.95,33.98
D4,20,101,82,0.03,0.25,0.22,0.84,0.24,0.05,20.22
D1,21,38,98,0.54,0.74,0.5,0.7,0.45,0.29,16.47
D9,19,154,60,0.92,0.05,0.62,0.01,0.67,0.22,54.83
D8,17,203,66,0.6,0.63,0.14,0.23,0.88,0.77,62.18
D2,2,55,119,0.97,0.35,0.04,0.61,0.17,0.52,13.97
D8,22,114,125,0.14,0.77,0.01,0.5,0.89,0.14,18.2
D7,13,40,47,0.57,0.86,0.32,0.53,0.39,0.29,24.72
D11,23,79,47,0.8,0.36,0.07,0.23,0.84,0.52,35.21
D6,1,20,43,0.53,0.53,0.8,0.68,0.51,1.0,18.63
D1,13,27,95,0.09,0.12,1.0,0.27,0.86,0.36,9.31
D7,21,70,108,0.58,0.42,0.06,0.39,0.66,0.16,14.63
D10,10,79,63,0.61,0.36,0.43,0.37,0.51,0.5,28.92
D7,15,55,91,0.73,0.18,0.03,0.67,0.31,0.31,12.72
D9,7,130,100,0.76,0.89,0.13,0.09,0.97,0.57,33.26
D1,6,104,71,0.77,0.15,0.32,0.21,0.8,0.47,31.33
D2,10,20,125,0.66,0.64,0.39,0.2,0.38,0.69,11.45
D11,2,103,83,0.22,0.89,0.94,0.11,0.17,0.91,34.66
D9,16,66,129,0.4,0.91,0.4,0.21,0.78,0.2,18.1
D9,13,58,59,0.78,0.79,0.5,0.61,0.99,0.82,30.1
D6,5,26,51,0.95,0.18,0.25,0.73,0.28,0.95,15.03
D6,7,179,94,0.08,0.82,0.0,0.66,0.92,0.37,36.29
D4,21,93,101,0.54,0.28,0.9,0.48,0.13,0.11,25.73
D4,4,110,39,0.31,0.92,0.08,0.05,0.95,0.82,56.93
D5,7,143,95,0.23,0.71,0.96,0.96,0.75,0.7,38.15
D3,1,94,35,0.51,0.79,0.13,0.17,0.35,0.21,55.55
D1,14,40,91,0.61,0.09,0.6,0.67,0.3,0.45,13.0
D1,11,116,48,0.01,0.58,1.0,0.91,0.64,0.58,52.07
D12,16,107,111,0.78,0.82,0.14,0.7,0.59,0.17,26.71
D7,0,118,91,0.82,0.86,0.42,0.22,0.92,0.71,36.15
D1,14,102,82,0.97,0.03,0.78,0.32,0.77,0.69,32.23
D1,13,43,85,0.18,0.94,0.03,0.03,0.54,0.89,12.84
D3,19,191,83,0.59,0.04,0.69,0.61,0.93,0.57,47.46
D10,21,41,97,0.43,0.61,0.08,0.61,0.59,0.57,11.04
D4,15,76,39,0.33,0.69,0.24,0.73,0.85,0.62,40.42
D4,8,195,57,0.57,0.11,0.16,0.01,0.84,0.27,63.66
D2,0,116,67,0.78,0.05,0.91,0.82,0.92,0.76,40.84
D1,16,81,57,0.02,0.78,0.18,0.74,0.07,0.66,28.13
D3,12,29,74,0.97,0.38,0.04,0.14,0.58,0.84,12.95
D11,20,84,127,0.81,0.11,0.59,0.35,0.47,0.77,19.02
D4,20,86,38,0.75,0.76,0.35,0.64,0.49,0.64,51.73
D3,4,24,39,0.76,0.85,0.41,0.5,0.46,0.16,22.87
D8,9,141,67,0.39,0.59,0.12,0.12,0.84,0.92,41.81
D10,5,77,50,0.75,0.16,0.75,0.09,0.32,0.37,36.58
D1,23,40,94,0.39,0.02,0.6,0.78,0.46,0.96,10.08
D2,18,132,54,0.9,0.7,0.36,0.16,0.2,0.4,55.99
D7,12,108,93,0.18,0.55,0.17,0.17,0.25,0.15,22.61
D4,0,68,101,0.29,0.65,0.59,0.83,0.66,0.88,19.42
D8,19,146,58,0.55,0.81,0.78,0.61,0.12,0.8,58.99
D11,14,51,99,0.32,0.43,0.31,0.6,0.19,0.79,12.19
D3,13,40,36,0.42,0.12,0.03,0.48,0.53,0.09,18.65
D6,7,136,96,0.49,0.94,0.21,0.57,0.04,0.88,34.12
D9,9,232,103,0.86,0.55,0.68,0.6,0.13,0.6,53.65
D1,8,156,57,0.52,0.62,0.99,0.97,0.86,0.47,62.94
D1,16,92,57,0.36,0.93,0.01,0.22,0.85,0.91,34.63
D8,8,208,51,0.25,0.93,0.31,0.21,0.35,0.67,81.74
D3,2,90,76,0.41,0.57,0.06,0.06,0.35,0.13,24.32
D5,10,101,115,0.52,0.3,0.32,0.66,0.94,0.52,19.61
D1,11,29,62,0.75,1.0,0.41,0.55,0.03,0.64,21.44
D5,9,136,52,0.12,0.68,0.92,0.11,0.58,0.9,56.93
D11,16,33,73,0.22,0.41,0.08,0.36,0.6,0.28,7.8
D6,16,65,90,0.38,0.56,0.78,0.18,0.79,0.79,22.07
D8,10,55,42,0.36,0.42,0.4,0.33,0.95,0.8,27.91
D3,21,35,109,0.39,0.89,0.81,0.95,0.36,0.13,18.09
D3,3,24,118,0.79,0.48,0.51,0.68,0.44,0.02,13.07
D12,6,57,79,0.32,0.82,0.04,0.01,0.67,0.58,17.09
D11,20,57,85,0.5,0.84,0.95,0.25,0.97,0.79,26.37
D11,13,82,77,0.62,0.82,0.08,0.01,0.89,0.55,26.54
D10,6,109,88,0.23,0.72,0.6,0.71,0.67,0.81,30.02
D9,23,96,73,0.72,0.85,0.88,0.47,0.86,0.62,39.71
D4,7,244,75,0.55,0.39,0.08,0.99,0.09,0.65,62.23
D4,0,74,84,0.45,0.11,0.55,0.73,0.38,0.03,19.38
D12,23,20,37,0.81,0.84,0.82,0.52,0.01,0.09,25.63
D7,21,23,114,0.24,0.5,0.99,0.8,0.18,0.73,12.58
D2,3,105,82,0.88,0.13,0.72,0.7,0.63,0.76,32.44
D8,11,77,66,0.56,0.12,0.28,0.24,0.89,0.54,23.26
D6,23,68,96,0.61,0.16,0.7,0.53,0.63,0.59,19.52
D3,2,38,30,0.88,0.75,0.71,0.56,0.66,0.61,37.8
D9,12,48,116,0.82,0.71,0.7,0.45,0.1,0.1,21.09
D5,19,162,104,0.6,0.2,0.85,0.18,0.66,0.67,36.81
D8,5,71,70,0.75,0.85,0.09,0.22,0.45,0.48,27.17
D7,10,42,34,0.43,0.28,0.11,0.28,0.65,0.6,23.23
D8,22,90,86,0.55,0.79,0.64,0.01,0.33,0.56,30.44
D7,3,25,78,0.06,0.49,0.95,0.92,0.58,0.76,12.65
D3,19,151,98,0.09,0.73,0.47,0.69,0.42,0.32,33.19
D2,15,96,105,0.83,0.38,0.96,0.69,0.56,0.37,29.75
D7,6,23,101,0.06,0.35,0.94,0.57,0.15,0.39,9.56
D3,21,83,66,0.17,0.84,0.9,0.69,0.4,0.76,33.68
D3,10,50,66,0.8,0.04,0.91,0.98,0.37,0.43,23.0
D2,23,64,119,0.0,0.97,0.9,0.39,0.74,0.18,20.06
D4,0,27,69,0.28,0.65,0.82,0.71,0.71,0.98,16.26
D8,6,116,122,0.58,0.43,0.69,0.36,0.91,0.49,26.1
D12,11,24,57,0.6,0.63,0.02,0.85,0.63,0.11,12.2
D1,6,100,116,0.78,0.12,0.13,0.86,0.31,0.67,18.3
D1,22,28,31,0.51,0.51,0.13,0.9,0.78,0.74,20.16
D12,6,82,125,0.51,0.99,0.02,0.01,0.5,0.5,19.01
D5,9,180,101,0.73,0.24,0.12,0.3,0.19,0.65,35.79
D11,15,50,36,0.5,0.72,0.92,0.13,0.75,0.17,38.21
D5,7,159,107,0.61,0.43,0.66,0.45,0.13,0.37,35.95
D11,8,132,100,0.9,0.65,0.31,0.5,0.18,0.16,34.37
D12,8,244,105,0.4,0.2,0.79,0.26,0.76,0.39,48.52
D1,1,92,39,0.39,0.47,0.49,0.72,0.77,0.56,48.8
D6,12,80,79,0.0,0.98,0.14,0.27,0.79,0.44,21.9
D1,12,66,119,0.61,0.2,0.88,0.85,0.29,0.59,18.71
D5,22,20,123,0.03,0.64,0.34,0.18,0.87,0.5,5.23
D9,22,76,67,0.5,0.58,0.7,0.37,0.72,0.32,30.21
D12,3,81,108,0.8,0.57,0.29,0.62,0.83,0.14,22.03
D5,23,108,99,0.55,0.62,0.5,0.61,0.71,0.25,28.4
D6,11,101,94,0.27,0.5,0.82,0.08,0.58,0.2,27.36
D8,16,81,85,0.79,0.02,0.16,0.85,0.11,0.71,19.42
D11,1,86,46,0.27,0.9,0.98,0.6,0.71,0.82,47.15
D1,12,27,89,0.73,0.83,0.07,0.87,0.69,0.72,13.53
D2,17,242,89,0.61,0.17,0.53,0.87,0.31,0.64,55.06
D9,14,100,118,0.17,0.41,0.92,0.55,0.74,0.31,22.35
D3,7,191,90,0.91,0.77,0.95,0.91,0.55,0.71,56.22
D6,14,31,122,0.2,0.98,0.23,0.85,0.56,0.61,10.6
D5,0,108,129,0.99,0.95,0.14,0.96,0.37,0.05,27.5
D11,19,246,103,0.01,0.9,0.72,0.85,0.12,0.91,51.92
D2,9,218,78,0.26,0.16,0.04,0.82,0.22,0.08,48.63
D7,11,30,89,0.2,0.91,0.49,0.47,0.77,0.5,13.88
D4,4,87,107,0.01,0.88,0.8,0.21,0.27,0.51,23.47
D1,8,175,87,0.73,0.38,0.56,0.91,0.0,0.84,45.35
D4,22,80,46,0.69,0.39,0.19,0.72,1.0,0.91,36.65
D6,7,195,57,0.79,0.46,0.49,0.28,0.21,0.94,71.94
D7,15,55,103,0.26,0.66,0.92,0.34,0.66,0.57,19.71
D7,13,26,129,0.44,0.26,0.62,0.69,0.93,0.68,8.81
D7,12,35,43,0.66,0.02,0.72,0.48,0.6,0.09,20.82
D3,22,99,54,0.44,0.14,0.34,0.08,0.8,0.49,35.16
D6,20,23,58,0.7,0.44,0.19,0.14,0.98,0.9,12.49
D8,12,75,35,0.63,0.28,0.26,0.75,0.86,0.46,43.16
D4,4,20,68,0.11,0.76,0.53,0.33,0.56,0.07,11.25
D8,15,20,92,0.78,0.11,0.28,0.51,0.36,0.2,7.72
D2,10,76,96,0.72,0.92,0.54,0.77,0.48,0.43,27.59
D10,21,84,94,0.66,0.9,0.71,0.75,0.84,0.24,30.29
D9,4,40,59,0.16,0.91,0.73,0.17,0.85,0.39,21.99
D9,12,115,62,0.27,0.74,0.16,0.1,0.85,0.33,37.86
D8,10,67,51,0.39,0.11,0.75,0.59,0.6,0.32,28.64
D10,18,223,103,0.28,0.44,0.67,0.74,0.48,0.09,45.6
D10,2,23,116,0.23,0.13,0.01,0.15,0.31,0.88,0.0
D1,14,74,73,0.81,0.99,0.06,0.37,0.0,0.69,28.73
D2,6,108,41,0.64,0.33,0.65,0.87,0.76,0.62,56.35
D6,6,100,108,0.57,0.59,0.38,0.94,0.28,0.61,24.17
D10,5,93,128,0.23,0.78,0.15,0.45,0.33,0.4,17.0
D5,2,71,122,0.92,0.92,0.04,0.08,0.84,0.82,20.96
D12,12,95,94,0.19,0.76,0.16,0.26,0.05,0.93,21.77
D9,6,84,39,0.79,0.67,0.96,0.23,0.93,0.01,54.87
D5,4,37,76,0.97,0.47,0.73,0.24,0.0,0.08,21.88
D2,22,85,78,0.73,0.61,0.53,0.49,0.94,0.67,30.22
D10,17,201,71,0.99,0.09,0.94,0.58,0.45,0.24,63.66
D4,21,105,55,0.65,0.88,0.62,0.12,0.1,0.91,47.88
D9,7,219,58,0.22,0.54,0.73,0.89,0.67,0.67,76.17
D1,16,40,124,0.2,0.04,0.28,0.62,0.9,0.37,3.67
D11,19,245,92,0.32,0.92,0.59,0.6,0.44,0.42,58.82
D1,0,25,43,0.01,0.49,0.14,0.99,0.69,0.69,9.54
D12,13,52,100,0.68,0.87,0.4,0.63,0.98,0.14,20.47
D7,16,43,102,0.27,0.86,0.03,0.93,0.24,0.88,11.38
D11,9,204,105,0.82,0.82,0.22,0.29,0.82,0.0,45.83
D3,11,106,80,0.36,0.06,0.07,0.24,0.3,0.98,21.85
D10,15,21,44,0.48,0.25,0.39,0.52,0.43,0.17,12.04
D2,13,54,65,0.97,0.88,0.84,0.51,0.28,0.74,33.0
D9,15,111,68,0.24,0.9,0.38,0.23,0.45,0.04,36.99
D3,7,237,53,0.72,0.46,0.83,0.7,0.01,0.43,93.77
D2,22,83,103,0.76,0.44,0.66,0.03,0.3,0.63,24.9
D12,9,135,106,0.22,0.18,0.51,0.69,0.45,0.07,24.77
D8,16,49,128,0.5,0.97,0.24,0.46,0.63,0.44,15.73
D10,17,242,92,0.35,0.21,0.92,0.69,0.64,0.3,54.99
D6,19,203,107,0.77,0.19,0.05,0.48,0.58,0.5,37.17
D6,15,115,96,0.62,0.66,0.69,0.98,0.29,0.5,33.13
D10,16,109,44,0.48,0.24,0.62,0.33,0.95,0.79,50.89
D11,15,36,120,0.78,0.94,0.44,0.98,0.39,0.12,18.35
D7,18,147,100,0.24,0.01,0.24,0.06,0.22,0.08,24.52
D7,23,38,105,0.75,0.01,0.43,0.68,0.55,0.4,10.56
D11,23,107,98,0.87,0.5,0.87,0.45,0.75,0.89,33.66
D6,7,153,76,0.88,0.49,0.84,0.82,0.01,0.86,50.35
D4,5,67,59,0.78,0.16,0.94,0.79,0.28,0.56,31.16
D11,5,34,76,0.41,0.49,0.31,0.8,0.82,0.89,12.32
D9,20,63,127,0.98,0.41,0.39,0.09,0.51,0.81,18.46
D6,8,156,69,0.38,0.89,0.02,0.82,0.41,0.28,46.44
D4,3,83,70,0.64,0.01,0.94,0.21,0.93,0.17,29.41
D12,11,115,97,0.16,0.98,0.33,0.03,0.09,0.3,28.3
D3,11,24,82,0.98,0.62,0.4,0.22,0.62,0.23,16.74
D4,22,27,51,0.7,0.15,0.91,0.48,0.34,0.62,18.89
D3,16,26,51,0.75,0.05,0.53,0.74,0.07,0.58,14.57
D2,14,65,59,0.07,0.54,0.57,0.22,0.21,0.6,24.09
D5,8,230,65,0.76,0.23,0.18,0.11,0.63,0.19,68.86
D2,6,98,34,0.77,0.3,0.5,0.65,0.03,0.79,60.46
D6,9,196,72,0.67,0.25,0.92,0.98,0.59,0.43,60.0
D3,15,80,103,0.29,0.65,0.56,0.6,0.96,0.47,21.05
D6,11,24,52,0.49,0.55,0.26,0.69,0.8,1.0,13.41
D11,6,98,111,0.11,0.08,0.03,0.56,0.35,0.28,11.22
D10,17,154,57,0.47,0.53,0.34,0.78,0.14,0.39,55.02
D9,14,114,50,0.24,0.79,0.57,0.98,0.47,0.68,49.65
D1,5,21,51,0.35,0.08,0.04,0.54,0.39,0.88,4.85
D6,11,91,116,0.16,0.89,0.61,0.42,0.97,0.13,22.67
D9,10,115,101,0.23,0.58,0.52,0.86,0.99,0.74,26.15
D11,19,197,79,0.08,0.95,0.78,0.97,0.41,0.92,55.51
D4,2,38,116,0.92,0.15,0.03,0.13,0.15,0.42,9.1
D11,1,101,82,0.53,0.99,0.78,0.58,0.91,0.29,36.79
D12,5,112,116,0.4,0.64,0.52,0.79,0.79,0.68,25.08
D2,23,116,81,0.54,0.57,0.37,0.53,0.51,0.25,32.93
D4,21,66,111,0.63,0.52,0.97,0.41,0.37,0.38,23.41
D1,4,73,73,0.92,0.02,0.16,0.66,0.45,0.9,21.48
D3,17,226,56,0.18,0.94,0.54,0.27,0.9,0.59,82.52
D10,15,111,30,0.3,0.64,0.32,0.35,0.18,0.09,72.66
D9,7,192,105,0.98,0.09,0.53,0.99,0.81,0.33,41.34
D10,19,232,83,0.37,0.02,0.55,0.64,0.02,0.63,53.06
D5,21,58,48,0.02,0.05,0.09,0.87,0.92,0.48,16.66
D11,10,50,106,0.15,0.61,0.66,0.81,0.5,0.66,14.7
D6,9,153,54,0.03,0.61,0.63,0.65,0.23,0.76,56.8
D3,23,106,112,0.99,0.5,0.77,0.84,0.0,0.48,31.17
D5,11,84,62,0.28,0.31,0.09,0.29,0.56,0.99,24.15
D11,20,78,62,0.92,0.53,0.3,0.64,0.24,0.91,32.21
D8,5,51,88,1.0,0.52,0.65,0.59,0.63,0.06,23.59
D6,19,221,86,0.6,0.02,0.14,0.62,0.28,0.27,47.25
D4,4,60,41,0.03,0.28,0.68,0.17,0.09,0.3,29.0
D2,22,92,40,0.08,0.05,0.06,0.28,0.51,0.18,37.04
D9,8,226,68,0.48,0.9,0.33,0.29,0.56,0.31,69.87
D12,15,73,86,0.41,0.73,0.85,0.6,0.45,0.42,26.89
D1,21,61,127,0.61,1.0,0.77,0.97,0.46,0.05,23.69
D1,13,90,60,0.44,0.3,0.64,0.95,0.59,0.13,33.26
D4,21,71,31,0.93,0.88,0.87,0.23,0.53,0.1,59.78
D7,7,212,87,0.53,0.6,0.71,0.3,0.13,0.05,54.74
D1,19,161,59,0.69,0.45,0.52,0.04,0.2,0.48,58.46
D9,18,234,57,0.9,0.22,0.98,0.4,0.14,0.33,87.85
D4,13,109,123,0.15,0.74,0.69,0.83,0.69,0.94,23.8
D3,6,94,49,0.23,0.9,0.6,0.92,0.53,0.1,44.19
D1,4,39,38,0.11,0.24,0.41,0.24,0.43,0.93,18.83
D10,17,201,109,0.14,0.18,0.9,0.27,0.8,0.09,38.12
D4,1,34,127,0.51,0.7,0.3,0.22,0.33,0.62,11.77
D9,10,107,126,0.32,0.98,0.01,0.35,0.57,0.25,20.64
D10,21,82,120,0.42,0.75,0.2,0.8,0.07,0.83,18.14
D6,7,150,54,0.98,0.28,0.11,0.65,0.74,0.06,56.69
D6,0,54,114,0.16,0.42,0.32,0.79,0.7,0.95,9.95
D1,21,87,77,0.54,0.38,0.83,0.58,0.8,0.05,29.85
D10,11,99,124,0.1,0.85,0.65,0.26,0.88,0.24,22.37
D2,1,109,91,0.32,0.77,0.17,0.23,0.76,0.46,26.59
D11,17,245,84,0.53,0.59,0.79,0.01,0.84,0.76,64.22
D6,6,89,126,0.95,0.27,0.5,0.78,0.35,0.95,21.78
D2,16,40,109,0.39,0.94,0.51,0.85,0.34,0.43,16.64
D3,21,58,63,0.06,0.65,0.36,0.77,0.94,0.76,19.74
D4,22,34,35,0.39,0.97,0.86,0.07,0.91,0.73,31.26
D11,13,85,117,0.15,0.58,0.32,0.76,0.55,0.57,15.98
D5,23,75,78,0.23,0.82,0.09,0.05,0.37,0.69,21.14
D9,6,111,30,0.62,0.81,0.3,0.11,0.87,0.04,76.99
D12,21,84,57,0.07,0.34,0.72,0.44,0.32,0.44,30.48
D4,2,119,49,0.46,0.96,0.66,0.48,0.15,0.79,56.8
D11,5,67,101,0.61,0.02,0.19,0.82,0.64,0.47,12.7
D9,19,194,75,0.42,0.77,0.11,0.68,0.04,0.87,52.53
D11,1,70,72,0.02,0.97,0.66,0.15,0.38,0.83,26.03
D10,16,68,54,0.99,0.34,0.68,0.23,0.81,0.86,34.63
D3,11,93,105,0.37,0.65,0.37,0.29,0.3,0.13,22.05
D8,11,60,100,0.78,0.56,0.84,0.12,0.93,0.24,24.06
D12,16,83,90,0.33,0.76,0.98,0.29,0.96,0.03,28.98
D1,9,141,96,0.48,0.87,0.21,0.73,0.82,0.98,34.34
D11,2,100,98,0.39,0.6,0.58,0.24,0.99,0.24,26.18
D9,19,143,83,0.34,0.82,0.01,0.84,0.53,0.37,35.43
D9,17,177,66,0.02,0.31,0.71,0.47,0.57,0.27,51.89
D10,12,54,94,0.36,0.23,0.41,0.32,0.84,0.04,12.73
D2,11,78,65,0.89,0.43,0.19,0.41,0.49,0.26,28.94
D4,16,98,48,0.69,0.68,0.75,0.71,0.41,0.1,50.05
D8,3,61,98,0.15,0.19,0.81,0.52,0.61,0.39,14.99
D7,22,38,68,0.59,0.68,0.11,0.01,0.66,0.97,15.94
D1,9,198,101,0.89,0.39,0.04,0.92,0.75,0.7,41.19
D5,10,31,112,0.7,0.8,0.33,0.07,0.67,0.71,14.88
D7,5,66,105,0.15,0.04,0.63,0.94,0.75,0.45,12.06
D4,5,55,92,0.87,0.67,0.79,0.03,0.67,0.81,25.4
D1,8,205,67,0.3,0.65,0.55,0.77,0.48,0.91,63.08
D9,14,70,72,0.45,0.94,0.58,0.53,0.13,0.96,28.98
D5,1,53,126,0.53,0.71,0.8,0.51,0.79,0.1,19.47
D11,3,68,47,0.85,0.8,0.53,0.07,0.03,0.88,39.65
D2,4,80,86,0.93,0.9,0.61,0.24,0.99,0.23,32.53
D8,16,112,34,0.93,0.68,0.52,0.78,0.83,0.4,73.2
D11,7,218,73,0.01,0.29,0.88,0.89,0.67,0.35,58.78
D2,7,222,108,0.92,0.87,0.24,0.53,0.97,0.68,49.47
D3,21,57,62,0.05,0.75,0.26,0.35,0.61,0.6,19.63
D10,11,29,66,0.27,0.42,0.13,0.06,0.06,0.11,8.58
D1,20,116,116,0.51,0.71,0.82,0.68,0.56,0.78,30.13
D11,7,140,73,0.48,0.87,0.41,0.28,0.28,0.44,44.45
D2,18,217,56,0.6,0.98,0.35,0.06,0.37,0.0,82.05
D7,2,40,49,0.48,0.95,0.98,0.67,0.46,0.41,30.16
D10,17,246,59,0.93,0.33,0.93,0.49,0.77,0.52,89.86
D2,20,108,76,0.24,0.42,0.97,0.01,0.5,0.07,34.11
D6,18,229,97,0.27,0.11,0.14,0.11,0.47,0.15,41.19
D3,18,176,64,0.92,0.25,0.89,0.7,0.3,0.99,62.53
D4,14,63,91,0.08,0.88,0.33,0.06,0.54,0.87,17.56
D11,5,25,95,0.61,0.36,0.01,0.87,0.25,0.13,6.81
D8,15,95,33,0.68,0.62,0.39,0.31,0.26,0.58,61.5
D3,7,152,62,0.51,0.67,0.51,0.09,0.76,0.38,53.64
D10,15,100,60,0.69,0.78,0.11,0.76,0.34,0.54,38.17
D6,17,145,90,0.17,0.18,0.54,0.52,0.05,0.47,30.8
D1,19,219,77,0.85,0.3,0.82,0.31,0.34,0.05,63.44
D7,15,20,41,0.14,0.45,0.38,0.41,0.64,0.32,10.85
D8,10,75,79,0.4,0.36,0.35,0.02,0.81,0.13,20.64
D11,6,39,95,0.08,0.98,0.34,0.66,0.96,0.49,13.39
D8,16,55,108,0.55,0.83,0.92,0.37,0.75,0.91,23.49
D3,16,57,51,0.67,0.48,0.05,0.71,0.43,1.0,24.57
D10,11,80,79,0.94,0.88,0.45,0.63,0.3,0.94,32.48
D1,12,115,88,0.74,0.35,0.26,0.65,0.13,0.99,29.43
D9,9,149,85,0.54,0.79,0.89,0.79,0.63,0.02,45.65
D6,6,116,44,0.93,0.22,0.1,0.63,0.51,0.73,52.99
D11,13,81,32,0.48,0.77,0.41,0.42,0.68,0.27,54.83
D9,22,112,120,0.56,0.46,0.41,0.39,0.24,0.87,23.29
D7,0,24,85,0.6,0.11,0.89,0.12,0.32,0.81,12.87
D1,16,50,115,0.41,0.27,0.22,0.78,0.29,0.42,9.23
D12,3,54,100,0.84,0.4,0.64,0.76,0.8,0.47,20.19
D12,20,89,55,0.19,0.75,0.13,0.25,0.17,0.27,32.58
D1,4,20,112,0.55,0.07,0.95,0.86,0.61,0.29,10.68
D6,19,136,85,0.72,0.66,0.59,0.59,0.05,0.98,40.53
D5,23,95,113,0.9,0.72,0.63,0.48,0.55,0.89,29.13
D9,22,106,54,0.88,0.65,0.43,0.02,0.06,0.19,47.12
D2,6,113,88,0.51,0.76,0.34,0.38,0.18,0.28,31.4
D8,9,190,78,0.64,0.18,0.21,0.64,0.11,0.11,47.27
D11,16,114,47,0.39,0.59,0.6,0.09,0.35,0.99,52.14
D5,6,60,48,0.47,0.94,0.95,0.46,0.34,0.91,37.68
D2,0,23,94,0.91,0.61,0.36,0.99,0.83,0.55,14.75
D10,6,60,44,0.93,0.61,0.88,0.72,0.23,0.69,40.33
D11,23,73,93,0.9,0.74,0.15,0.55,0.09,0.75,23.87
D11,10,91,44,0.14,0.33,0.94,0.53,0.6,0.2,44.0
D12,8,208,99,0.85,0.7,0.35,0.04,0.69,0.93,49.11
D6,11,41,47,0.95,0.92,0.38,0.96,0.29,0.53,29.72
D10,2,99,31,0.36,0.01,0.46,0.93,0.6,0.09,59.38
D8,3,55,49,0.52,0.87,0.72,0.68,0.78,0.4,33.03
D4,3,35,96,0.78,0.22,0.72,0.1,0.35,0.6,15.49
D2,12,49,84,0.56,0.46,0.48,0.21,0.53,0.35,17.49
D12,22,85,128,0.99,0.85,0.52,0.18,0.15,0.7,26.89
D11,18,155,106,0.46,0.82,0.03,0.52,0.02,0.88,31.92
D5,9,198,51,0.71,0.89,0.3,0.21,0.98,0.77,81.91
D12,4,75,113,0.79,0.94,0.35,0.7,0.3,0.64,24.31
D2,6,81,63,0.49,0.45,0.56,0.55,0.28,0.51,30.42
D2,23,117,85,0.86,0.66,0.56,0.02,0.97,0.25,37.43
D6,15,74,49,0.55,0.39,0.71,0.74,0.73,0.45,35.94
D11,0,69,54,0.41,0.35,0.72,0.19,0.59,0.29,30.09
D10,11,103,54,0.11,0.43,0.24,0.82,0.7,0.93,35.24
D9,1,72,43,0.39,0.74,0.77,0.36,0.71,0.91,41.26
D4,6,79,72,0.73,0.5,0.02,0.34,0.76,0.16,24.65
D6,10,81,105,0.92,0.81,0.72,0.01,0.07,0.82,29.7
D7,12,88,92,0.25,0.75,0.1,0.99,0.41,0.7,20.68
D11,1,21,83,0.36,0.02,0.73,0.61,0.3,0.98,7.82
D6,6,35,84,0.15,0.63,0.53,0.42,0.07,0.46,12.67
D8,14,113,72,0.69,0.44,0.44,0.1,0.41,0.72,36.29
D4,10,80,67,0.96,0.46,0.69,0.7,0.62,0.52,34.35
D12,1,64,80,0.64,0.82,0.04,0.28,0.18,0.07,21.48
D1,6,61,53,0.62,0.55,0.22,0.99,0.31,0.05,26.93
D7,3,49,66,0.55,0.89,0.62,0.95,0.64,0.12,25.57
D3,10,72,92,0.09,0.71,0.85,0.74,0.58,0.3,22.54
D6,1,30,107,0.73,0.55,0.38,0.97,0.87,0.26,13.39
D2,15,42,109,0.6,0.75,0.26,0.11,0.79,0.73,14.86
D9,6,69,114,0.66,0.04,0.52,0.28,0.97,0.72,15.32
D1,12,74,84,0.9,0.03,0.62,0.25,0.6,0.97,23.43
D6,4,23,126,0.78,0.08,0.42,0.07,0.7,0.31,8.09
D6,16,73,90,0.78,0.44,0.88,0.97,0.86,0.94,27.21
D5,20,97,112,0.93,0.24,0.52,0.06,0.84,0.61,24.45
D5,11,24,129,0.99,0.98,0.04,0.86,0.72,0.5,14.87
D1,18,224,94,0.58,0.54,0.22,0.77,0.5,0.67,49.15
D10,6,37,73,0.11,0.66,0.45,0.38,0.27,0.7,13.51
D12,5,50,123,0.46,0.28,0.7,0.02,0.88,0.17,13.68
D5,7,150,96,0.79,0.32,0.22,0.01,0.78,0.75,33.95
D2,12,49,84,0.03,0.34,0.98,0.2,0.84,0.73,16.11
D7,4,87,98,0.06,0.7,0.32,0.49,0.14,1.0,19.23
D3,1,60,74,0.07,0.47,0.53,0.46,0.31,0.91,17.72
D4,8,203,76,0.73,0.52,0.02,0.59,0.42,0.68,53.81
D3,10,99,59,0.5,0.59,0.88,0.77,0.84,0.71,41.97
D3,23,96,129,0.37,0.77,0.79,0.38,0.89,0.95,24.41
D4,5,104,74,0.11,0.09,0.2,0.16,0.28,0.97,22.5
D5,6,64,108,0.73,0.78,0.93,0.8,0.69,0.83,26.31
D1,6,103,113,0.32,0.56,0.32,0.33,0.08,0.77,20.77
D4,18,174,104,0.27,0.67,0.69,0.29,0.41,0.11,38.75
D12,5,78,34,0.65,0.33,0.82,0.76,0.49,0.83,51.75
D12,10,51,35,0.56,0.41,0.74,0.93,0.77,0.25,35.51
D11,10,113,55,0.36,0.23,0.92,0.91,0.89,0.56,44.67
D8,6,56,42,0.64,0.98,0.86,0.14,0.34,0.41,40.32
D10,1,112,98,0.27,0.5,0.99,0.5,0.53,0.35,30.19
D7,18,154,62,0.79,1.0,0.18,0.09,0.65,0.31,56.81
D9,3,107,124,0.23,0.49,0.3,0.96,0.33,0.86,18.22
D5,5,39,101,0.16,0.22,0.64,0.22,0.99,0.77,9.44
D10,16,79,102,0.78,0.51,0.73,0.2,0.88,0.52,25.8
D4,4,40,90,0.71,0.04,0.53,0.89,0.3,0.66,12.91
D8,6,103,108,0.18,0.9,0.07,0.97,0.51,0.98,21.09
D9,8,155,103,0.12,0.82,0.84,0.7,0.23,0.4,37.03
D7,0,61,40,0.84,0.73,0.96,0.12,0.51,0.55,44.31
D7,0,56,40,0.78,0.61,0.41,0.49,0.68,0.53,35.29
D5,18,156,79,0.33,0.58,0.22,0.82,0.09,0.94,39.7
D4,5,102,63,0.66,1.0,0.02,0.57,0.87,0.35,38.22
D10,17,167,72,0.12,0.28,0.24,0.13,0.59,0.99,41.54
D1,9,182,50,0.51,0.78,0.7,0.17,0.99,0.3,78.28
D10,10,22,96,0.02,0.58,0.91,0.86,0.03,0.11,11.06
D10,0,47,43,0.39,0.98,0.09,0.53,0.83,0.19,26.51
D7,0,71,59,0.07,0.83,0.55,0.71,0.79,0.43,28.45
D1,12,77,83,0.48,1.0,0.7,0.37,0.13,0.65,30.09
D1,4,88,44,0.42,0.59,0.28,0.53,0.34,0.52,41.64
D5,19,167,63,0.44,0.2,0.57,0.98,0.88,0.38,52.88
D9,0,33,86,0.05,0.5,0.72,0.33,0.52,0.56,11.7
D6,19,188,98,0.36,0.71,0.84,0.67,0.4,0.84,45.84
D3,2,27,101,0.76,0.77,0.45,0.17,0.91,0.84,16.09
D3,17,148,81,0.37,0.0,0.75,0.12,0.09,0.73,36.89
D7,8,224,78,0.72,0.51,0.3,0.78,0.47,0.95,59.9
D6,13,60,104,0.37,0.24,0.21,0.84,0.65,0.59,11.11
D9,16,64,42,0.42,0.87,0.19,0.67,0.61,0.01,34.62
D6,22,46,48,0.56,0.15,0.36,0.16,0.26,0.29,20.44
D5,13,45,82,0.95,0.67,0.04,0.24,0.56,0.33,18.33
D10,3,70,66,0.11,0.27,0.28,0.91,0.71,0.55,18.55
D7,4,28,121,0.03,0.36,0.65,0.29,0.58,0.9,6.78
D1,20,115,81,0.61,0.94,0.65,0.82,0.68,0.84,39.33
D12,16,73,32,0.95,0.24,0.07,0.29,0.26,0.23,46.54
D7,21,115,98,0.99,0.1,0.29,0.94,0.83,0.52,27.25
D3,1,27,43,0.48,0.07,0.57,0.91,0.45,0.66,14.81
D9,22,22,53,0.47,0.5,0.32,0.04,0.99,0.99,12.46
D6,21,32,72,0.64,0.64,0.42,0.77,0.02,0.03,16.77
D9,4,48,101,0.56,0.33,0.71,0.17,0.38,0.46,16.42
D5,3,70,71,0.63,0.69,0.01,0.22,0.18,0.99,23.34
D7,3,50,92,0.87,0.06,0.28,0.46,0.56,0.98,14.09
D4,5,45,47,0.75,0.86,0.14,0.58,0.24,0.33,26.68
D7,19,211,106,0.5,0.82,0.13,0.33,0.74,0.0,42.94
D1,20,26,77,0.46,0.99,0.96,0.58,0.88,0.59,21.34
D7,12,99,89,0.64,0.94,0.38,0.17,0.21,0.87,31.46
D8,21,52,32,0.46,0.36,0.53,0.02,0.16,0.32,35.29
D5,4,23,129,0.46,0.4,0.73,0.57,0.88,0.93,10.86
D2,22,23,71,0.02,0.75,0.05,0.52,0.36,0.33,6.46
D5,22,28,80,0.17,0.13,0.24,0.69,0.43,0.61,4.36
D6,6,36,46,0.49,0.31,0.83,0.65,0.22,0.72,22.36
D12,19,226,69,0.82,0.12,0.86,0.9,0.43,0.35,69.81
D2,0,33,51,0.28,0.45,0.37,0.46,0.23,0.35,14.98
D6,13,71,56,0.52,0.55,0.37,0.01,0.67,0.47,29.54
D6,23,62,32,0.34,0.21,0.76,0.63,0.5,0.84,40.67
D1,3,107,123,0.1,0.03,0.3,0.68,0.79,0.1,12.92
D1,16,27,115,0.96,0.72,0.12,0.52,0.31,0.63,13.84
D11,20,108,39,0.85,0.02,0.26,0.69,0.51,0.68,54.33
D10,13,48,69,0.08,0.97,0.39,0.32,0.26,0.56,19.01
D3,15,84,50,0.72,0.22,0.05,0.15,0.93,0.94,32.99
D10,13,43,102,0.35,0.66,0.48,0.66,0.52,0.6,14.42
D10,15,79,55,0.99,0.43,0.74,0.25,0.17,0.63,39.27
D12,23,28,49,0.3,0.06,0.51,0.46,0.27,0.6,11.47
D3,19,185,84,0.24,0.47,0.07,0.49,0.08,0.72,40.67
D4,7,165,91,0.57,0.52,0.44,0.48,0.03,0.14,40.41
D2,23,55,102,0.84,0.85,0.71,0.6,0.53,0.89,24.96
D9,2,41,30,0.19,0.73,0.06,0.03,0.34,0.04,27.13
D10,18,198,58,0.71,0.08,0.06,0.99,0.96,0.64,63.62
D12,0,56,112,0.06,0.21,0.37,0.72,0.17,0.62,8.04
D11,1,91,125,0.92,0.31,0.19,0.43,0.79,0.21,19.42
D7,14,32,113,0.08,0.12,0.93,0.19,0.32,0.04,8.56
D7,21,119,72,0.91,0.46,0.58,0.08,0.22,0.14,41.32
D6,9,237,86,0.49,0.98,0.29,0.67,0.97,0.27,59.88
D3,17,223,59,0.45,0.51,0.7,0.32,0.8,0.88,77.81
D6,21,114,54,0.97,0.74,0.37,0.23,0.63,0.86,50.96
D12,13,112,117,0.99,0.68,0.13,0.38,0.7,0.06,27.14
D8,16,40,70,0.65,0.85,0.24,0.59,0.99,0.29,19.48
D8,12,92,71,0.13,0.22,0.64,0.67,0.59,0.89,25.91
D11,0,61,31,0.51,0.75,0.05,0.65,0.1,0.24,41.23
D9,4,87,37,0.53,0.88,0.27,0.86,0.06,1.0,51.7
D1,12,115,90,0.51,0.17,0.21,0.22,0.67,0.26,24.66
D1,13,33,106,0.57,0.35,0.2,0.64,0.66,0.74,8.99
D3,23,40,53,0.02,0.97,0.68,0.1,0.75,0.42,22.21
D3,2,69,111,0.71,0.78,0.83,0.55,0.11,0.14,25.74
D10,14,64,93,0.71,0.28,0.72,0.58,0.94,0.26,21.35
D8,18,193,89,0.12,0.56,0.65,0.22,0.55,0.68,45.11
D10,16,45,61,0.57,0.4,0.92,0.39,0.65,0.34,23.92
D1,2,76,82,0.57,0.49,0.06,0.83,0.03,0.6,20.32
D2,15,52,81,0.68,0.36,0.17,0.15,0.96,0.21,15.9
D2,13,114,47,0.09,0.28,0.41,0.43,0.56,0.45,44.78
D3,11,54,41,0.63,0.67,0.37,0.93,0.56,0.51,32.56
D6,11,70,118,0.28,0.78,0.42,0.5,0.94,0.41,17.49
D1,10,114,39,0.51,0.87,0.21,0.73,0.93,0.2,61.39
D2,16,71,63,0.77,0.16,0.15,0.83,0.22,0.46,23.63
D1,7,244,52,0.71,0.82,0.51,0.2,0.93,0.69,98.11
D5,16,58,37,0.12,0.25,0.93,0.22,0.74,0.96,33.77
D7,20,115,58,0.59,0.43,0.39,0.76,0.02,0.79,42.43
D8,22,41,113,0.97,0.9,0.04,0.75,0.24,0.16,17.21
D10,19,199,92,0.16,0.45,0.71,0.06,0.41,0.27,44.92
D1,10,68,58,0.85,0.2,0.29,0.32,0.58,0.08,26.86
D7,1,100,60,0.7,0.16,0.25,0.4,0.7,0.14,33.85
D5,9,182,83,0.77,0.47,0.32,0.83,0.21,0.25,47.67
D10,9,167,106,0.28,0.76,0.72,0.42,0.84,0.2,38.15
D1,10,23,31,0.29,1.0,0.82,0.93,0.85,0.21,26.03
D3,5,31,64,0.91,0.79,0.59,1.0,0.63,0.23,22.94
D7,3,89,101,0.36,0.88,0.32,0.78,0.92,0.3,23.53
D10,23,40,90,0.06,0.75,0.31,0.67,0.81,0.13,11.44
D1,11,54,77,0.6,0.9,0.12,0.39,0.22,0.28,20.77
D7,10,34,100,0.12,0.08,0.93,0.07,0.8,0.69,9.61
D5,22,34,35,0.8,0.93,0.64,0.57,0.95,0.24,32.64
D1,22,100,97,0.64,0.4,0.03,0.36,0.14,0.17,21.77
D1,12,41,61,0.87,0.92,0.66,0.35,0.98,0.07,27.87
D1,4,41,56,0.78,0.08,0.45,0.69,0.02,0.5,18.48
D11,5,34,73,0.11,0.72,0.97,0.46,0.52,0.84,18.09
D9,0,105,121,0.38,0.74,0.82,0.75,0.77,0.06,26.78
D11,5,28,63,0.77,1.0,0.17,0.4,0.79,0.54,18.98
D3,17,229,58,0.42,0.77,0.72,0.15,0.73,0.65,83.21
D5,21,34,91,0.97,0.38,0.49,0.46,0.53,0.59,16.76
D11,8,174,69,0.74,0.56,0.19,0.95,0.65,0.88,53.09
D10,23,91,87,0.02,0.37,0.7,0.8,0.7,0.87,22.23
D12,14,111,48,0.88,0.2,0.55,0.21,0.49,0.06,50.52
D9,7,145,60,0.1,0.25,0.03,0.39,0.6,0.36,40.93
D6,18,235,57,0.14,0.22,0.65,0.93,0.85,0.67,78.14
D12,23,52,103,0.73,0.55,0.63,0.12,0.31,0.95,19.82
D9,15,37,64,0.86,0.91,0.14,0.25,0.52,0.8,21.17
D8,5,62,79,0.54,0.91,0.35,0.26,0.01,0.18,23.96
D8,5,22,120,0.29,0.05,0.59,0.57,0.69,0.28,4.88
D1,21,78,57,0.35,0.08,0.14,0.41,0.2,0.76,23.38
D9,2,65,93,0.34,0.25,0.85,0.08,0.48,0.47,19.07
D6,9,199,96,0.33,0.26,0.03,0.63,0.21,0.55,36.81
D9,0,33,36,0.24,0.09,0.1,0.1,0.02,0.61,13.78
D3,13,93,108,0.61,0.39,0.12,0.61,0.48,0.1,19.11
D12,3,50,122,0.9,0.59,0.53,0.51,0.42,0.86,19.08
D3,11,100,80,0.31,0.58,0.62,0.49,0.43,0.86,29.86
D6,5,48,44,0.19,0.54,0.4,0.07,0.21,0.47,23.43
D9,10,109,105,0.84,0.34,0.29,0.64,0.95,0.63,25.59
D7,11,44,90,0.74,0.71,0.81,0.43,0.0,0.66,22.75
D3,9,170,54,0.93,0.83,0.07,0.41,0.89,0.19,67.75
D3,17,133,93,0.17,0.35,0.28,0.6,0.74,0.11,26.64
D2,6,76,60,0.14,0.09,0.04,0.61,0.17,0.02,18.75
D9,6,22,96,0.54,0.3,0.01,0.02,0.47,0.91,4.99
D3,10,109,79,0.61,0.14,0.35,0.13,0.99,0.35,28.47
D11,3,36,89,0.48,0.47,0.19,0.24,0.64,0.09,10.88
D5,19,203,51,0.6,0.16,0.27,0.68,0.13,0.47,75.71
D9,0,107,104,0.18,0.46,0.82,0.58,0.46,0.08,25.32
D8,12,43,128,0.48,0.22,0.16,0.76,0.47,0.09,7.04
D2,17,216,81,0.66,0.74,0.78,0.74,0.8,0.49,62.11
D3,8,216,83,0.43,0.03,0.68,0.85,0.92,0.51,51.35
D2,23,38,95,0.68,0.55,0.33,0.38,0.08,0.58,14.67
D8,23,79,95,0.45,0.17,0.55,0.35,0.31,0.66,19.02
D6,8,144,105,0.33,0.0,0.44,0.83,0.3,0.67,25.28
D6,22,104,64,0.3,0.87,0.13,0.24,1.0,0.43,34.83
D12,8,198,92,0.41,0.67,0.91,0.46,0.56,0.64,50.88
D9,9,156,73,0.02,0.1,0.57,0.19,0.88,0.3,38.64
D8,1,26,35,0.67,0.66,0.88,0.91,0.43,0.44,26.96
D4,5,52,87,0.85,0.61,0.82,0.41,0.72,0.39,24.94
D12,14,68,46,0.35,0.47,0.08,0.21,0.29,0.33,28.44
D4,2,61,123,0.05,0.42,0.21,0.69,0.91,0.24,8.33
D9,10,91,69,0.99,0.89,0.15,0.24,0.46,0.08,35.91
D1,5,65,100,0.26,0.25,0.83,0.94,0.8,0.51,17.25
D2,2,89,97,0.13,0.4,0.86,0.37,0.26,0.54,22.63
D2,23,20,108,0.37,0.33,0.53,0.66,0.69,0.34,7.68
D6,10,114,118,0.74,0.77,0.1,0.35,0.41,0.98,25.55
